schedule,im_rule,tvl,pieces,exposure,outside_depth,path,half_life,terminal_age,confirm_age,withdrawal,delivery,fixed_cost,strict_floor,wallet_fraction,free_band,im_slope,critical_fraction,terminal_route,opened,original_debt,entry_mm,partials,protected_full,guarded_full,terminal_full,principal_loss,keeper_reward,hidden_route_surplus,owner_residual,debt_free_collateral_reference,insurance_funding,socialization_price_drop,max_resolution_seconds,rejected_better_terminal_output,insurance_drawn,remaining_positions,remaining_debt,unresolved_individual_shortfall,unresolved_eligible,loss_fraction,final_pool_price
fixed,buffer,25000,1,0.1,0,slow,60,60,15,0,floor,0.05,False,0.5,0.2,0.1,0,dusk,1,625,0.07,0,0,0,1,0,7.95077558,0,0,0,0,0,60,0,17.83110449,0,0,0,0,0,0.5093007335
fixed,buffer,25000,1,0.1,0,fast,60,60,15,0,floor,0.05,False,0.5,0.2,0.1,0,dusk,1,625,0.07,0,0,0,1,159.3031937,12.85660226,0,0,0,0,0.007633387418,30,0,50,0,0,0,0,0.25488511,0.3511279796
fixed,buffer,25000,1,0.1,1,slow,60,60,15,0,floor,0.05,False,0.5,0.2,0.1,0,dusk,1,625,0.07,0,0,0,1,0,7.95077558,0,0,0,0,0,60,4.320099833e-12,17.83110449,0,0,0,0,0,0.5093007335
fixed,buffer,25000,1,0.1,1,fast,60,60,15,0,floor,0.05,False,0.5,0.2,0.1,0,dusk,1,625,0.07,0,0,0,1,159.3031937,12.85660226,0,0,0,0,0.007633387418,30,4.547473509e-13,50,0,0,0,0,0.25488511,0.3511279796
fixed,buffer,25000,1,0.1,5,slow,60,60,15,0,floor,0.05,False,0.5,0.2,0.1,0,dusk,1,625,0.07,0,0,0,1,0,7.95077558,0,0,0,0,0,60,33.47061314,17.83110449,0,0,0,0,0,0.5093007335
fixed,buffer,25000,1,0.1,5,fast,60,60,15,0,floor,0.05,False,0.5,0.2,0.1,0,dusk,1,625,0.07,0,0,0,1,159.3031937,12.85660226,0,0,0,0,0.007633387418,30,19.40186915,50,0,0,0,0,0.25488511,0.3511279796
fixed,buffer,25000,1,0.3,0,slow,60,60,15,0,floor,0.05,False,0.5,0.2,0.1,0,dusk,1,1875,0.07,0,0,0,1,191.737057,22.07349689,0,0,0,0,0.01067917713,60,0,50,0,0,0,0,0.1022597637,0.4740325107
fixed,buffer,25000,1,0.3,0,fast,60,60,15,0,floor,0.05,False,0.5,0.2,0.1,0,dusk,1,1875,0.07,0,0,0,1,669.1849761,35.74685641,0,0,0,0,0.03204150873,30,0,50,0,0,0,0,0.3568986539,0.326181582
fixed,buffer,25000,1,0.3,1,slow,60,60,15,0,floor,0.05,False,0.5,0.2,0.1,0,dusk,1,1875,0.07,0,0,0,1,191.737057,22.07349689,0,0,0,0,0.01067917713,60,7.50333129e-12,50,0,0,0,0,0.1022597637,0.4740325107
fixed,buffer,25000,1,0.3,1,fast,60,60,15,0,floor,0.05,False,0.5,0.2,0.1,0,dusk,1,1875,0.07,0,0,0,1,669.1849761,35.74685641,0,0,0,0,0.03204150873,30,9.094947018e-13,50,0,0,0,0,0.3568986539,0.326181582
fixed,buffer,25000,1,0.3,5,slow,60,60,15,0,floor,0.05,False,0.5,0.2,0.1,0,dusk,1,1875,0.07,0,0,0,1,191.737057,22.07349689,0,0,0,0,0.01067917713,60,242.6586686,50,0,0,0,0,0.1022597637,0.4740325107
fixed,buffer,25000,1,0.3,5,fast,60,60,15,0,floor,0.05,False,0.5,0.2,0.1,0,dusk,1,1875,0.07,0,0,0,1,669.1849761,35.74685641,0,0,0,0,0.03204150873,30,147.1357695,50,0,0,0,0,0.3568986539,0.326181582
fixed,buffer,25000,1,0.6,0,slow,60,60,15,0,floor,0.05,False,0.5,0.2,0.1,0,dusk,1,3750,0.07,0,0,0,1,793.3883464,35.96610109,0,0,0,0,0.04349130763,60,0,50,0,0,0,0,0.2115702257,0.4260278561
fixed,buffer,25000,1,0.6,0,fast,60,60,15,0,floor,0.05,False,0.5,0.2,0.1,0,dusk,1,3750,0.07,0,0,0,1,1549.602293,66.50714559,0,0,0,0,0.07517318713,30,0,50,0,0,0,0,0.413227278,0.2925368228
fixed,buffer,25000,1,0.6,1,slow,60,60,15,0,floor,0.05,False,0.5,0.2,0.1,0,dusk,1,3750,0.07,0,0,0,1,793.3883464,35.96610109,0,0,0,0,0.04349130763,60,5.911715562e-12,50,0,0,0,0,0.2115702257,0.4260278561
fixed,buffer,25000,1,0.6,1,fast,60,60,15,0,floor,0.05,False,0.5,0.2,0.1,0,dusk,1,3750,0.07,0,0,0,1,1549.602293,66.50714559,0,0,0,0,0.07517318713,30,1.364242053e-12,50,0,0,0,0,0.413227278,0.2925368228
fixed,buffer,25000,1,0.6,5,slow,60,60,15,0,floor,0.05,False,0.5,0.2,0.1,0,dusk,1,3750,0.07,0,0,0,1,793.3883464,35.96610109,0,0,0,0,0.04349130763,60,756.7444586,50,0,0,0,0,0.2115702257,0.4260278561
fixed,buffer,25000,1,0.6,5,fast,60,60,15,0,floor,0.05,False,0.5,0.2,0.1,0,dusk,1,3750,0.07,0,0,0,1,1549.602293,66.50714559,0,0,0,0,0.07517318713,30,490.0414205,50,0,0,0,0,0.413227278,0.2925368228
fixed,buffer,25000,10,0.1,0,slow,60,60,15,0,floor,0.05,False,0.5,0.2,0.1,0,dusk,10,625,0.07,8,1,0,8,0,10.29587036,0.8922415556,0,0,0.8880581718,0,900,0,0.8199944591,1,0.242325566,0,0,0,0.4785294371
fixed,buffer,25000,10,0.1,0,fast,60,60,15,0,floor,0.05,False,0.5,0.2,0.1,0,dusk,10,625,0.07,0,0,0,10,78.88007971,13.02432743,0,0,0,0,0.003725974673,30,0,125,0,0,0,0,0.1262081275,0.3337128841
fixed,buffer,25000,10,0.1,1,slow,60,60,15,0,floor,0.05,False,0.5,0.2,0.1,0,dusk,10,625,0.07,18,0,0,0,0,5.306328975,2.448324455,0,0,0,0,0,0,0,10,205.5408726,0,1,0,0.5473116263
fixed,buffer,25000,10,0.1,1,fast,60,60,15,0,floor,0.05,False,0.5,0.2,0.1,0,dusk,10,625,0.07,0,0,0,10,78.88007971,13.02432743,0,0,0,0,0.003725974673,30,22.59369573,125,0,0,0,0,0.1262081275,0.3337128841
fixed,buffer,25000,10,0.1,5,slow,60,60,15,0,floor,0.05,False,0.5,0.2,0.1,0,dusk,10,625,0.07,18,0,0,0,0,5.306328975,3.634447882,0,0,0,0,0,0,0,10,205.5408726,0,1,0,0.5473116263
fixed,buffer,25000,10,0.1,5,fast,60,60,15,0,floor,0.05,False,0.5,0.2,0.1,0,dusk,10,625,0.07,0,0,0,10,78.88007971,13.02432743,0,0,0,0,0.003725974673,30,24.69663692,125,0,0,0,0,0.1262081275,0.3337128841
fixed,buffer,25000,10,0.3,0,slow,60,60,15,0,floor,0.05,False,0.5,0.2,0.1,0,dusk,10,1875,0.07,0,0,0,10,0,27.268817,0,0.4816435782,0,18.28912495,0,60,0,0,0,0,0,0,0,0.5167293976
fixed,buffer,25000,10,0.3,0,fast,60,60,15,0,floor,0.05,False,0.5,0.2,0.1,0,dusk,10,1875,0.07,0,0,0,10,541.2204264,37.38493527,0,0,0,0,0.02727866705,30,0,125,0,0,0,0,0.2886508941,0.2928334182
fixed,buffer,25000,10,0.3,1,slow,60,60,15,0,floor,0.05,False,0.5,0.2,0.1,0,dusk,10,1875,0.07,50,0,0,1,0,11.40057563,26.10304957,0.4816435782,0,3.75,0,60,3.410605132e-13,0,9,176.5479986,0,0,0,0.5299207921
fixed,buffer,25000,10,0.3,1,fast,60,60,15,0,floor,0.05,False,0.5,0.2,0.1,0,dusk,10,1875,0.07,0,0,0,10,541.2204264,37.38493527,0,0,0,0,0.02727866705,30,199.9494102,125,0,0,0,0,0.2886508941,0.2928334182
fixed,buffer,25000,10,0.3,5,slow,60,60,15,0,floor,0.05,False,0.5,0.2,0.1,0,dusk,10,1875,0.07,40,4,0,0,0,22.09717479,18.64812684,0,0,0.0403679555,0,3360,0,0.02779715436,6,107.7778266,0.06321420491,1,0,0.5439157904
fixed,buffer,25000,10,0.3,5,fast,60,60,15,0,floor,0.05,False,0.5,0.2,0.1,0,dusk,10,1875,0.07,0,0,0,10,541.2204264,37.38493527,0,0,0,0,0.02727866705,30,218.8797442,125,0,0,0,0,0.2886508941,0.2928334182
fixed,buffer,25000,10,0.6,0,slow,60,60,15,0,floor,0.05,False,0.5,0.2,0.1,0,dusk,5,1875,0.07,0,0,0,5,0,24.78506328,0,0,0,2.496831673,0,60,0,3.874470284,0,0,0,0,0,0.515270813
fixed,buffer,25000,10,0.6,0,fast,60,60,15,0,floor,0.05,False,0.5,0.2,0.1,0,dusk,5,1875,0.07,0,0,0,5,539.3960033,37.44136072,0,0,0,0,0.02741533829,30,0,125,0,0,0,0,0.2876778684,0.302063006
fixed,buffer,25000,10,0.6,1,slow,60,60,15,0,floor,0.05,False,0.5,0.2,0.1,0,dusk,5,1875,0.07,23,0,0,1,0,13.26364426,61.65135662,0,0,1.440638921,0,60,9.094947018e-13,0,4,103.3471264,0,0,0,0.5123527114
fixed,buffer,25000,10,0.6,1,fast,60,60,15,0,floor,0.05,False,0.5,0.2,0.1,0,dusk,5,1875,0.07,0,0,0,5,539.3960033,37.44136072,0,0,0,0,0.02741533829,30,175.6516891,125,0,0,0,0,0.2876778684,0.302063006
fixed,buffer,25000,10,0.6,5,slow,60,60,15,0,floor,0.05,False,0.5,0.2,0.1,0,dusk,5,1875,0.07,20,1,0,0,0,22.27532634,9.267640656,0,0,0.0358542015,0,3300,0,0,4,139.4790306,0,0,0,0.5479862855
fixed,buffer,25000,10,0.6,5,fast,60,60,15,0,floor,0.05,False,0.5,0.2,0.1,0,dusk,5,1875,0.07,0,0,0,5,539.3960033,37.44136072,0,0,0,0,0.02741533829,30,212.8205996,125,0,0,0,0,0.2876778684,0.302063006
fixed,buffer,100000,1,0.1,0,slow,60,60,15,0,floor,0.05,False,0.5,0.2,0.1,0,dusk,1,2500,0.07,0,0,0,1,0,31.80310232,0,0,0,0,0,60,0,71.32441794,0,0,0,0,0,0.5093007335
fixed,buffer,100000,1,0.1,0,fast,60,60,15,0,floor,0.05,False,0.5,0.2,0.1,0,dusk,1,2500,0.07,0,0,0,1,637.2127749,51.42640902,0,0,0,0,0.007633387418,30,0,200,0,0,0,0,0.25488511,0.3511279796
fixed,buffer,100000,1,0.1,1,slow,60,60,15,0,floor,0.05,False,0.5,0.2,0.1,0,dusk,1,2500,0.07,0,0,0,1,0,31.80310232,0,0,0,0,0,60,1.728039933e-11,71.32441794,0,0,0,0,0,0.5093007335
fixed,buffer,100000,1,0.1,1,fast,60,60,15,0,floor,0.05,False,0.5,0.2,0.1,0,dusk,1,2500,0.07,0,0,0,1,637.2127749,51.42640902,0,0,0,0,0.007633387418,30,1.818989404e-12,200,0,0,0,0,0.25488511,0.3511279796
fixed,buffer,100000,1,0.1,5,slow,60,60,15,0,floor,0.05,False,0.5,0.2,0.1,0,dusk,1,2500,0.07,0,0,0,1,0,31.80310232,0,0,0,0,0,60,133.8824525,71.32441794,0,0,0,0,0,0.5093007335
fixed,buffer,100000,1,0.1,5,fast,60,60,15,0,floor,0.05,False,0.5,0.2,0.1,0,dusk,1,2500,0.07,0,0,0,1,637.2127749,51.42640902,0,0,0,0,0.007633387418,30,77.60747661,200,0,0,0,0,0.25488511,0.3511279796
fixed,buffer,100000,1,0.3,0,slow,60,60,15,0,floor,0.05,False,0.5,0.2,0.1,0,dusk,1,7500,0.07131327315,0,0,0,1,766.948228,88.29398757,0,0,0,0,0.01067917713,60,0,200,0,0,0,0,0.1022597637,0.4740325107
fixed,buffer,100000,1,0.3,0,fast,60,60,15,0,floor,0.05,False,0.5,0.2,0.1,0,dusk,1,7500,0.07131327315,0,0,0,1,2676.739904,142.9874256,0,0,0,0,0.03204150873,30,0,200,0,0,0,0,0.3568986539,0.326181582
fixed,buffer,100000,1,0.3,1,slow,60,60,15,0,floor,0.05,False,0.5,0.2,0.1,0,dusk,1,7500,0.07131327315,0,0,0,1,766.948228,88.29398757,0,0,0,0,0.01067917713,60,3.001332516e-11,200,0,0,0,0,0.1022597637,0.4740325107
fixed,buffer,100000,1,0.3,1,fast,60,60,15,0,floor,0.05,False,0.5,0.2,0.1,0,dusk,1,7500,0.07131327315,0,0,0,1,2676.739904,142.9874256,0,0,0,0,0.03204150873,30,3.637978807e-12,200,0,0,0,0,0.3568986539,0.326181582
fixed,buffer,100000,1,0.3,5,slow,60,60,15,0,floor,0.05,False,0.5,0.2,0.1,0,dusk,1,7500,0.07131327315,0,0,0,1,766.948228,88.29398757,0,0,0,0,0.01067917713,60,970.6346743,200,0,0,0,0,0.1022597637,0.4740325107
fixed,buffer,100000,1,0.3,5,fast,60,60,15,0,floor,0.05,False,0.5,0.2,0.1,0,dusk,1,7500,0.07131327315,0,0,0,1,2676.739904,142.9874256,0,0,0,0,0.03204150873,30,588.5430779,200,0,0,0,0,0.3568986539,0.326181582
fixed,buffer,100000,1,0.6,0,slow,60,60,15,0,floor,0.05,False,0.5,0.2,0.1,0,dusk,1,15000,0.07465663658,0,0,0,1,3117.702245,139.574854,0,0,0,0,0.04280565723,60,0,200,0,0,0,0,0.2078468163,0.4284679042
fixed,buffer,100000,1,0.6,0,fast,60,60,15,0,floor,0.05,False,0.5,0.2,0.1,0,dusk,1,15000,0.07465663658,0,0,0,1,6198.40917,266.0285824,0,0,0,0,0.07517318713,40,0,200,0,0,0,0,0.413227278,0.2925368228
fixed,buffer,100000,1,0.6,1,slow,60,60,15,0,floor,0.05,False,0.5,0.2,0.1,0,dusk,1,15000,0.07465663658,0,0,0,1,3117.702245,139.574854,0,0,0,0,0.04280565723,60,2.182787284e-11,200,0,0,0,0,0.2078468163,0.4284679042
fixed,buffer,100000,1,0.6,1,fast,60,60,15,0,floor,0.05,False,0.5,0.2,0.1,0,dusk,1,15000,0.07465663658,0,0,0,1,6198.40917,266.0285824,0,0,0,0,0.07517318713,40,5.456968211e-12,200,0,0,0,0,0.413227278,0.2925368228
fixed,buffer,100000,1,0.6,5,slow,60,60,15,0,floor,0.05,False,0.5,0.2,0.1,0,dusk,1,15000,0.07465663658,0,0,0,1,3117.702245,139.574854,0,0,0,0,0.04280565723,60,3047.375521,200,0,0,0,0,0.2078468163,0.4284679042
fixed,buffer,100000,1,0.6,5,fast,60,60,15,0,floor,0.05,False,0.5,0.2,0.1,0,dusk,1,15000,0.07465663658,0,0,0,1,6198.40917,266.0285824,0,0,0,0,0.07517318713,40,1960.165682,200,0,0,0,0,0.413227278,0.2925368228
fixed,buffer,100000,10,0.1,0,slow,60,60,15,0,floor,0.05,False,0.5,0.2,0.1,0,dusk,10,2500,0.07,8,1,0,8,0,41.17440081,3.566453517,0,0,3.552232687,0,900,0,3.279977836,1,1.5332173,0,0,0,0.4785449287
fixed,buffer,100000,10,0.1,0,fast,60,60,15,0,floor,0.05,False,0.5,0.2,0.1,0,dusk,10,2500,0.07,0,0,0,10,315.5203188,52.09730973,0,0,0,0,0.003725974673,30,0,500,0,0,0,0,0.1262081275,0.3337128841
fixed,buffer,100000,10,0.1,1,slow,60,60,15,0,floor,0.05,False,0.5,0.2,0.1,0,dusk,10,2500,0.07,18,0,0,0,0,21.18610379,9.762334716,0,0,0,0,0,0,0,10,825.4327372,0,1,0,0.5473116263
fixed,buffer,100000,10,0.1,1,fast,60,60,15,0,floor,0.05,False,0.5,0.2,0.1,0,dusk,10,2500,0.07,0,0,0,10,315.5203188,52.09730973,0,0,0,0,0.003725974673,30,90.37478291,500,0,0,0,0,0.1262081275,0.3337128841
fixed,buffer,100000,10,0.1,5,slow,60,60,15,0,floor,0.05,False,0.5,0.2,0.1,0,dusk,10,2500,0.07,18,0,0,0,0,21.18610379,14.50570309,0,0,0,0,0,0,0,10,825.4327372,0,1,0,0.5473116263
fixed,buffer,100000,10,0.1,5,fast,60,60,15,0,floor,0.05,False,0.5,0.2,0.1,0,dusk,10,2500,0.07,0,0,0,10,315.5203188,52.09730973,0,0,0,0,0.003725974673,30,98.78654768,500,0,0,0,0,0.1262081275,0.3337128841
fixed,buffer,100000,10,0.3,0,slow,60,60,15,0,floor,0.05,False,0.5,0.2,0.1,0,dusk,10,7500,0.07,0,0,0,10,0,109.075268,0,1.926574313,0,73.15649978,0,60,0,0,0,0,0,0,0,0.5167293976
fixed,buffer,100000,10,0.3,0,fast,60,60,15,0,floor,0.05,False,0.5,0.2,0.1,0,dusk,10,7500,0.07,0,0,0,10,2164.881706,149.5397411,0,0,0,0,0.02727866705,30,0,500,0,0,0,0,0.2886508941,0.2928334182
fixed,buffer,100000,10,0.3,1,slow,60,60,15,0,floor,0.05,False,0.5,0.2,0.1,0,dusk,10,7500,0.07,54,0,0,1,0,45.57110629,104.335957,1.926574313,0,15,0,60,1.364242053e-12,0,9,706.5435136,0,0,0,0.5299207921
fixed,buffer,100000,10,0.3,1,fast,60,60,15,0,floor,0.05,False,0.5,0.2,0.1,0,dusk,10,7500,0.07,0,0,0,10,2164.881706,149.5397411,0,0,0,0,0.02727866705,30,799.7976407,500,0,0,0,0,0.2886508941,0.2928334182
fixed,buffer,100000,10,0.3,5,slow,60,60,15,0,floor,0.05,False,0.5,0.2,0.1,0,dusk,10,7500,0.07,48,2,0,0,0,88.03306207,73.92894832,0,0,0.02960056213,0,4020,0,0.007582762305,8,433.5932191,0.02214370977,1,0,0.5439157904
fixed,buffer,100000,10,0.3,5,fast,60,60,15,0,floor,0.05,False,0.5,0.2,0.1,0,dusk,10,7500,0.07,0,0,0,10,2164.881706,149.5397411,0,0,0,0,0.02727866705,30,875.5189768,500,0,0,0,0,0.2886508941,0.2928334182
fixed,buffer,100000,10,0.6,0,slow,60,60,15,0,floor,0.05,False,0.5,0.2,0.1,0,dusk,5,7500,0.07,0,0,0,5,0,99.14025313,0,0,0,9.987326693,0,60,0,15.49788114,0,0,0,0,0,0.515270813
fixed,buffer,100000,10,0.6,0,fast,60,60,15,0,floor,0.05,False,0.5,0.2,0.1,0,dusk,5,7500,0.07,0,0,0,5,2157.584013,149.7654429,0,0,0,0,0.02741533829,30,0,500,0,0,0,0,0.2876778684,0.302063006
fixed,buffer,100000,10,0.6,1,slow,60,60,15,0,floor,0.05,False,0.5,0.2,0.1,0,dusk,5,7500,0.07,23,0,0,1,0,53.05172794,246.5841349,0,0,5.762555684,0,60,3.637978807e-12,0,4,413.8747284,0,0,0,0.5123527114
fixed,buffer,100000,10,0.6,1,fast,60,60,15,0,floor,0.05,False,0.5,0.2,0.1,0,dusk,5,7500,0.07,0,0,0,5,2157.584013,149.7654429,0,0,0,0,0.02741533829,30,702.6067564,500,0,0,0,0,0.2876778684,0.302063006
fixed,buffer,100000,10,0.6,5,slow,60,60,15,0,floor,0.05,False,0.5,0.2,0.1,0,dusk,5,7500,0.07,23,0,0,0,0,89.07447772,37.04982677,0,0,0,0,0,0,0,5,558.7450183,0,0,0,0.5479862855
fixed,buffer,100000,10,0.6,5,fast,60,60,15,0,floor,0.05,False,0.5,0.2,0.1,0,dusk,5,7500,0.07,0,0,0,5,2157.584013,149.7654429,0,0,0,0,0.02741533829,30,851.2823985,500,0,0,0,0,0.2876778684,0.302063006
fixed,buffer,1000000,1,0.1,0,slow,60,60,15,0,floor,0.05,False,0.5,0.2,0.1,0,dusk,1,25000,0.08455787362,0,0,0,1,0,290.1160703,0,0,0,0,0,60,0,445.4770858,0,0,0,0,0,0.5140988472
fixed,buffer,1000000,1,0.1,0,fast,60,60,15,0,floor,0.05,False,0.5,0.2,0.1,0,dusk,1,25000,0.08455787362,0,0,0,1,6372.127749,514.2640902,0,0,0,0,0.007633387418,30,0,2000,0,0,0,0,0.25488511,0.3511279796
fixed,buffer,1000000,1,0.1,1,slow,60,60,15,0,floor,0.05,False,0.5,0.2,0.1,0,dusk,1,25000,0.08455787362,0,0,0,1,0,290.1160703,0,0,0,0,0,60,1.600710675e-10,445.4770858,0,0,0,0,0,0.5140988472
fixed,buffer,1000000,1,0.1,1,fast,60,60,15,0,floor,0.05,False,0.5,0.2,0.1,0,dusk,1,25000,0.08455787362,0,0,0,1,6372.127749,514.2640902,0,0,0,0,0.007633387418,30,2.182787284e-11,2000,0,0,0,0,0.25488511,0.3511279796
fixed,buffer,1000000,1,0.1,5,slow,60,60,15,0,floor,0.05,False,0.5,0.2,0.1,0,dusk,1,25000,0.08455787362,1,0,0,0,0,184.5541017,3.733854203,0,0,0,0,0,0,0,1,9379.914173,0,1,0,0.5479862855
fixed,buffer,1000000,1,0.1,5,fast,60,60,15,0,floor,0.05,False,0.5,0.2,0.1,0,dusk,1,25000,0.08455787362,0,0,0,1,6372.127749,514.2640902,0,0,0,0,0.007633387418,30,776.0747661,2000,0,0,0,0,0.25488511,0.3511279796
fixed,buffer,1000000,1,0.3,0,slow,60,60,15,0,floor,0.05,False,0.5,0.2,0.1,0,dusk,1,75000,0.09391929121,0,0,0,1,6059.821803,817.1892591,0,0,0,0,0.008527064621,60,0,2000,0,0,0,0,0.08079762404,0.4864891336
fixed,buffer,1000000,1,0.3,0,fast,60,60,15,0,floor,0.05,False,0.5,0.2,0.1,0,dusk,1,75000,0.09391929121,0,0,0,1,26767.39904,1429.874256,0,0,0,0,0.03204150873,40,0,2000,0,0,0,0,0.3568986539,0.326181582
fixed,buffer,1000000,1,0.3,1,slow,60,60,15,0,floor,0.05,False,0.5,0.2,0.1,0,dusk,1,75000,0.09391929121,0,0,0,1,6059.821803,817.1892591,0,0,0,0,0.008527064621,60,2.619344741e-10,2000,0,0,0,0,0.08079762404,0.4864891336
fixed,buffer,1000000,1,0.3,1,fast,60,60,15,0,floor,0.05,False,0.5,0.2,0.1,0,dusk,1,75000,0.09391929121,0,0,0,1,26767.39904,1429.874256,0,0,0,0,0.03204150873,40,4.365574569e-11,2000,0,0,0,0,0.3568986539,0.326181582
fixed,buffer,1000000,1,0.3,5,slow,60,60,15,0,floor,0.05,False,0.5,0.2,0.1,0,dusk,1,75000,0.09391929121,0,0,0,1,6059.821803,817.1892591,0,0,0,0,0.008527064621,60,10053.27817,2000,0,0,0,0,0.08079762404,0.4864891336
fixed,buffer,1000000,1,0.3,5,fast,60,60,15,0,floor,0.05,False,0.5,0.2,0.1,0,dusk,1,75000,0.09391929121,0,0,0,1,26767.39904,1429.874256,0,0,0,0,0.03204150873,40,5885.430779,2000,0,0,0,0,0.3568986539,0.326181582
fixed,buffer,1000000,1,0.6,0,slow,60,60,15,0,floor,0.05,False,0.5,0.2,0.1,0,dusk,1,150000,0.0962596456,0,0,0,1,29176.71453,1479.149012,0,0,0,0,0.040358705,60,0,2000,0,0,0,0,0.1945114302,0.4379867821
fixed,buffer,1000000,1,0.6,0,fast,60,60,15,0,floor,0.05,False,0.5,0.2,0.1,0,dusk,1,150000,0.0962596456,0,0,0,1,61984.0917,2660.285824,0,0,0,0,0.07517318713,50,0,2000,0,0,0,0,0.413227278,0.2925368228
fixed,buffer,1000000,1,0.6,1,slow,60,60,15,0,floor,0.05,False,0.5,0.2,0.1,0,dusk,1,150000,0.0962596456,0,0,0,1,29176.71453,1479.149012,0,0,0,0,0.040358705,60,2.473825589e-10,2000,0,0,0,0,0.1945114302,0.4379867821
fixed,buffer,1000000,1,0.6,1,fast,60,60,15,0,floor,0.05,False,0.5,0.2,0.1,0,dusk,1,150000,0.0962596456,0,0,0,1,61984.0917,2660.285824,0,0,0,0,0.07517318713,50,5.820766091e-11,2000,0,0,0,0,0.413227278,0.2925368228
fixed,buffer,1000000,1,0.6,5,slow,60,60,15,0,floor,0.05,False,0.5,0.2,0.1,0,dusk,1,150000,0.0962596456,0,0,0,1,29176.71453,1479.149012,0,0,0,0,0.040358705,60,31303.00693,2000,0,0,0,0,0.1945114302,0.4379867821
fixed,buffer,1000000,1,0.6,5,fast,60,60,15,0,floor,0.05,False,0.5,0.2,0.1,0,dusk,1,150000,0.0962596456,0,0,0,1,61984.0917,2660.285824,0,0,0,0,0.07517318713,50,19601.65682,2000,0,0,0,0,0.413227278,0.2925368228
fixed,buffer,1000000,10,0.1,0,slow,60,60,15,0,floor,0.05,False,0.5,0.2,0.1,0,dusk,10,25000,0.07,8,1,0,8,0,411.7440081,35.66453517,0,0,35.52232687,0,900,0,32.79977836,1,15.332173,0,0,0,0.4785449287
fixed,buffer,1000000,10,0.1,0,fast,60,60,15,0,floor,0.05,False,0.5,0.2,0.1,0,dusk,10,25000,0.07,0,0,0,10,3155.203188,520.9730973,0,0,0,0,0.003725974673,30,0,5000,0,0,0,0,0.1262081275,0.3337128841
fixed,buffer,1000000,10,0.1,1,slow,60,60,15,0,floor,0.05,False,0.5,0.2,0.1,0,dusk,10,25000,0.07,18,0,0,0,0,211.8610379,97.62334716,0,0,0,0,0,0,0,10,8254.327372,0,1,0,0.5473116263
fixed,buffer,1000000,10,0.1,1,fast,60,60,15,0,floor,0.05,False,0.5,0.2,0.1,0,dusk,10,25000,0.07,0,0,0,10,3155.203188,520.9730973,0,0,0,0,0.003725974673,30,903.7478291,5000,0,0,0,0,0.1262081275,0.3337128841
fixed,buffer,1000000,10,0.1,5,slow,60,60,15,0,floor,0.05,False,0.5,0.2,0.1,0,dusk,10,25000,0.07,18,0,0,0,0,211.8610379,145.0570309,0,0,0,0,0,0,0,10,8254.327372,0,1,0,0.5473116263
fixed,buffer,1000000,10,0.1,5,fast,60,60,15,0,floor,0.05,False,0.5,0.2,0.1,0,dusk,10,25000,0.07,0,0,0,10,3155.203188,520.9730973,0,0,0,0,0.003725974673,30,987.8654768,5000,0,0,0,0,0.1262081275,0.3337128841
fixed,buffer,1000000,10,0.3,0,slow,60,60,15,0,floor,0.05,False,0.5,0.2,0.1,0,dusk,10,75000,0.0714386608,0,0,0,10,0,1090.75268,0,19.26574313,0,731.5649978,0,60,0,0,0,0,0,0,0,0.5167293976
fixed,buffer,1000000,10,0.3,0,fast,60,60,15,0,floor,0.05,False,0.5,0.2,0.1,0,dusk,10,75000,0.0714386608,0,0,0,10,21648.81706,1495.397411,0,0,0,0,0.02727866705,30,0,5000,0,0,0,0,0.2886508941,0.2928334182
fixed,buffer,1000000,10,0.3,1,slow,60,60,15,0,floor,0.05,False,0.5,0.2,0.1,0,dusk,10,75000,0.0714386608,54,0,0,1,0,455.6522877,1043.09857,19.26574313,0,150,0,60,1.546140993e-11,0,9,7075.209758,0,0,0,0.5299207921
fixed,buffer,1000000,10,0.3,1,fast,60,60,15,0,floor,0.05,False,0.5,0.2,0.1,0,dusk,10,75000,0.0714386608,0,0,0,10,21648.81706,1495.397411,0,0,0,0,0.02727866705,30,7997.976407,5000,0,0,0,0,0.2886508941,0.2928334182
fixed,buffer,1000000,10,0.3,5,slow,60,60,15,0,floor,0.05,False,0.5,0.2,0.1,0,dusk,10,75000,0.0714386608,54,0,0,0,0,879.534629,737.7066623,0,0,0,0,0,0,0,10,4347.049576,0,0,0,0.5439157904
fixed,buffer,1000000,10,0.3,5,fast,60,60,15,0,floor,0.05,False,0.5,0.2,0.1,0,dusk,10,75000,0.0714386608,0,0,0,10,21648.81706,1495.397411,0,0,0,0,0.02727866705,30,8755.189768,5000,0,0,0,0,0.2886508941,0.2928334182
fixed,buffer,1000000,10,0.6,0,slow,60,60,15,0,floor,0.05,False,0.5,0.2,0.1,0,dusk,5,75000,0.07565663658,0,0,0,5,0,968.3053257,0,0,0,344.8428111,0,60,0,27.35551392,0,0,0,0,0,0.5174189064
fixed,buffer,1000000,10,0.6,0,fast,60,60,15,0,floor,0.05,False,0.5,0.2,0.1,0,dusk,5,75000,0.07565663658,0,0,0,5,21575.84013,1497.654429,0,0,0,0,0.02741533829,30,0,5000,0,0,0,0,0.2876778684,0.302063006
fixed,buffer,1000000,10,0.6,1,slow,60,60,15,0,floor,0.05,False,0.5,0.2,0.1,0,dusk,5,75000,0.07565663658,23,0,0,1,0,516.3862197,2552.418726,0,0,139.1496005,0,60,3.274180926e-11,0,4,4247.257032,0,0,0,0.512267712
fixed,buffer,1000000,10,0.6,1,fast,60,60,15,0,floor,0.05,False,0.5,0.2,0.1,0,dusk,5,75000,0.07565663658,0,0,0,5,21575.84013,1497.654429,0,0,0,0,0.02741533829,30,7026.067564,5000,0,0,0,0,0.2876778684,0.302063006
fixed,buffer,1000000,10,0.6,5,slow,60,60,15,0,floor,0.05,False,0.5,0.2,0.1,0,dusk,5,75000,0.07565663658,28,0,0,0,0,868.6475801,476.1677642,0,0,0,0,0,0,0,5,5617.85124,0,0,0,0.5429200788
fixed,buffer,1000000,10,0.6,5,fast,60,60,15,0,floor,0.05,False,0.5,0.2,0.1,0,dusk,5,75000,0.07565663658,0,0,0,5,21575.84013,1497.654429,0,0,0,0,0.02741533829,30,8512.823985,5000,0,0,0,0,0.2876778684,0.302063006
fixed,double,25000,1,0.1,0,slow,60,60,15,0,floor,0.05,False,0.5,0.2,0.1,0,dusk,1,625,0.07,0,0,0,1,0,7.95077558,0,0,0,0,0,60,0,17.83110449,0,0,0,0,0,0.5093007335
fixed,double,25000,1,0.1,0,fast,60,60,15,0,floor,0.05,False,0.5,0.2,0.1,0,dusk,1,625,0.07,0,0,0,1,159.3031937,12.85660226,0,0,0,0,0.007633387418,30,0,50,0,0,0,0,0.25488511,0.3511279796
fixed,double,25000,1,0.1,1,slow,60,60,15,0,floor,0.05,False,0.5,0.2,0.1,0,dusk,1,625,0.07,0,0,0,1,0,7.95077558,0,0,0,0,0,60,4.320099833e-12,17.83110449,0,0,0,0,0,0.5093007335
fixed,double,25000,1,0.1,1,fast,60,60,15,0,floor,0.05,False,0.5,0.2,0.1,0,dusk,1,625,0.07,0,0,0,1,159.3031937,12.85660226,0,0,0,0,0.007633387418,30,4.547473509e-13,50,0,0,0,0,0.25488511,0.3511279796
fixed,double,25000,1,0.1,5,slow,60,60,15,0,floor,0.05,False,0.5,0.2,0.1,0,dusk,1,625,0.07,0,0,0,1,0,7.95077558,0,0,0,0,0,60,33.47061314,17.83110449,0,0,0,0,0,0.5093007335
fixed,double,25000,1,0.1,5,fast,60,60,15,0,floor,0.05,False,0.5,0.2,0.1,0,dusk,1,625,0.07,0,0,0,1,159.3031937,12.85660226,0,0,0,0,0.007633387418,30,19.40186915,50,0,0,0,0,0.25488511,0.3511279796
fixed,double,25000,1,0.3,0,slow,60,60,15,0,floor,0.05,False,0.5,0.2,0.1,0,dusk,1,1875,0.07,0,0,0,1,191.737057,22.07349689,0,0,0,0,0.01067917713,60,0,50,0,0,0,0,0.1022597637,0.4740325107
fixed,double,25000,1,0.3,0,fast,60,60,15,0,floor,0.05,False,0.5,0.2,0.1,0,dusk,1,1875,0.07,0,0,0,1,669.1849761,35.74685641,0,0,0,0,0.03204150873,30,0,50,0,0,0,0,0.3568986539,0.326181582
fixed,double,25000,1,0.3,1,slow,60,60,15,0,floor,0.05,False,0.5,0.2,0.1,0,dusk,1,1875,0.07,0,0,0,1,191.737057,22.07349689,0,0,0,0,0.01067917713,60,7.50333129e-12,50,0,0,0,0,0.1022597637,0.4740325107
fixed,double,25000,1,0.3,1,fast,60,60,15,0,floor,0.05,False,0.5,0.2,0.1,0,dusk,1,1875,0.07,0,0,0,1,669.1849761,35.74685641,0,0,0,0,0.03204150873,30,9.094947018e-13,50,0,0,0,0,0.3568986539,0.326181582
fixed,double,25000,1,0.3,5,slow,60,60,15,0,floor,0.05,False,0.5,0.2,0.1,0,dusk,1,1875,0.07,0,0,0,1,191.737057,22.07349689,0,0,0,0,0.01067917713,60,242.6586686,50,0,0,0,0,0.1022597637,0.4740325107
fixed,double,25000,1,0.3,5,fast,60,60,15,0,floor,0.05,False,0.5,0.2,0.1,0,dusk,1,1875,0.07,0,0,0,1,669.1849761,35.74685641,0,0,0,0,0.03204150873,30,147.1357695,50,0,0,0,0,0.3568986539,0.326181582
fixed,double,25000,1,0.6,0,slow,60,60,15,0,floor,0.05,False,0.5,0.2,0.1,0,dusk,1,3750,0.07,0,0,0,1,793.3883464,35.96610109,0,0,0,0,0.04349130763,60,0,50,0,0,0,0,0.2115702257,0.4260278561
fixed,double,25000,1,0.6,0,fast,60,60,15,0,floor,0.05,False,0.5,0.2,0.1,0,dusk,1,3750,0.07,0,0,0,1,1549.602293,66.50714559,0,0,0,0,0.07517318713,30,0,50,0,0,0,0,0.413227278,0.2925368228
fixed,double,25000,1,0.6,1,slow,60,60,15,0,floor,0.05,False,0.5,0.2,0.1,0,dusk,1,3750,0.07,0,0,0,1,793.3883464,35.96610109,0,0,0,0,0.04349130763,60,5.911715562e-12,50,0,0,0,0,0.2115702257,0.4260278561
fixed,double,25000,1,0.6,1,fast,60,60,15,0,floor,0.05,False,0.5,0.2,0.1,0,dusk,1,3750,0.07,0,0,0,1,1549.602293,66.50714559,0,0,0,0,0.07517318713,30,1.364242053e-12,50,0,0,0,0,0.413227278,0.2925368228
fixed,double,25000,1,0.6,5,slow,60,60,15,0,floor,0.05,False,0.5,0.2,0.1,0,dusk,1,3750,0.07,0,0,0,1,793.3883464,35.96610109,0,0,0,0,0.04349130763,60,756.7444586,50,0,0,0,0,0.2115702257,0.4260278561
fixed,double,25000,1,0.6,5,fast,60,60,15,0,floor,0.05,False,0.5,0.2,0.1,0,dusk,1,3750,0.07,0,0,0,1,1549.602293,66.50714559,0,0,0,0,0.07517318713,30,490.0414205,50,0,0,0,0,0.413227278,0.2925368228
fixed,double,25000,10,0.1,0,slow,60,60,15,0,floor,0.05,False,0.5,0.2,0.1,0,dusk,10,625,0.07,8,1,0,8,0,10.29587036,0.8922415556,0,0,0.8880581718,0,900,0,0.8199944591,1,0.242325566,0,0,0,0.4785294371
fixed,double,25000,10,0.1,0,fast,60,60,15,0,floor,0.05,False,0.5,0.2,0.1,0,dusk,10,625,0.07,0,0,0,10,78.88007971,13.02432743,0,0,0,0,0.003725974673,30,0,125,0,0,0,0,0.1262081275,0.3337128841
fixed,double,25000,10,0.1,1,slow,60,60,15,0,floor,0.05,False,0.5,0.2,0.1,0,dusk,10,625,0.07,18,0,0,0,0,5.306328975,2.448324455,0,0,0,0,0,0,0,10,205.5408726,0,1,0,0.5473116263
fixed,double,25000,10,0.1,1,fast,60,60,15,0,floor,0.05,False,0.5,0.2,0.1,0,dusk,10,625,0.07,0,0,0,10,78.88007971,13.02432743,0,0,0,0,0.003725974673,30,22.59369573,125,0,0,0,0,0.1262081275,0.3337128841
fixed,double,25000,10,0.1,5,slow,60,60,15,0,floor,0.05,False,0.5,0.2,0.1,0,dusk,10,625,0.07,18,0,0,0,0,5.306328975,3.634447882,0,0,0,0,0,0,0,10,205.5408726,0,1,0,0.5473116263
fixed,double,25000,10,0.1,5,fast,60,60,15,0,floor,0.05,False,0.5,0.2,0.1,0,dusk,10,625,0.07,0,0,0,10,78.88007971,13.02432743,0,0,0,0,0.003725974673,30,24.69663692,125,0,0,0,0,0.1262081275,0.3337128841
fixed,double,25000,10,0.3,0,slow,60,60,15,0,floor,0.05,False,0.5,0.2,0.1,0,dusk,10,1875,0.07,0,0,0,10,0,27.268817,0,0.4816435782,0,18.28912495,0,60,0,0,0,0,0,0,0,0.5167293976
fixed,double,25000,10,0.3,0,fast,60,60,15,0,floor,0.05,False,0.5,0.2,0.1,0,dusk,10,1875,0.07,0,0,0,10,541.2204264,37.38493527,0,0,0,0,0.02727866705,30,0,125,0,0,0,0,0.2886508941,0.2928334182
fixed,double,25000,10,0.3,1,slow,60,60,15,0,floor,0.05,False,0.5,0.2,0.1,0,dusk,10,1875,0.07,50,0,0,1,0,11.40057563,26.10304957,0.4816435782,0,3.75,0,60,3.410605132e-13,0,9,176.5479986,0,0,0,0.5299207921
fixed,double,25000,10,0.3,1,fast,60,60,15,0,floor,0.05,False,0.5,0.2,0.1,0,dusk,10,1875,0.07,0,0,0,10,541.2204264,37.38493527,0,0,0,0,0.02727866705,30,199.9494102,125,0,0,0,0,0.2886508941,0.2928334182
fixed,double,25000,10,0.3,5,slow,60,60,15,0,floor,0.05,False,0.5,0.2,0.1,0,dusk,10,1875,0.07,40,4,0,0,0,22.09717479,18.64812684,0,0,0.0403679555,0,3360,0,0.02779715436,6,107.7778266,0.06321420491,1,0,0.5439157904
fixed,double,25000,10,0.3,5,fast,60,60,15,0,floor,0.05,False,0.5,0.2,0.1,0,dusk,10,1875,0.07,0,0,0,10,541.2204264,37.38493527,0,0,0,0,0.02727866705,30,218.8797442,125,0,0,0,0,0.2886508941,0.2928334182
fixed,double,25000,10,0.6,0,slow,60,60,15,0,floor,0.05,False,0.5,0.2,0.1,0,dusk,5,1875,0.07,0,0,0,5,0,24.78506328,0,0,0,2.496831673,0,60,0,3.874470284,0,0,0,0,0,0.515270813
fixed,double,25000,10,0.6,0,fast,60,60,15,0,floor,0.05,False,0.5,0.2,0.1,0,dusk,5,1875,0.07,0,0,0,5,539.3960033,37.44136072,0,0,0,0,0.02741533829,30,0,125,0,0,0,0,0.2876778684,0.302063006
fixed,double,25000,10,0.6,1,slow,60,60,15,0,floor,0.05,False,0.5,0.2,0.1,0,dusk,5,1875,0.07,23,0,0,1,0,13.26364426,61.65135662,0,0,1.440638921,0,60,9.094947018e-13,0,4,103.3471264,0,0,0,0.5123527114
fixed,double,25000,10,0.6,1,fast,60,60,15,0,floor,0.05,False,0.5,0.2,0.1,0,dusk,5,1875,0.07,0,0,0,5,539.3960033,37.44136072,0,0,0,0,0.02741533829,30,175.6516891,125,0,0,0,0,0.2876778684,0.302063006
fixed,double,25000,10,0.6,5,slow,60,60,15,0,floor,0.05,False,0.5,0.2,0.1,0,dusk,5,1875,0.07,20,1,0,0,0,22.27532634,9.267640656,0,0,0.0358542015,0,3300,0,0,4,139.4790306,0,0,0,0.5479862855
fixed,double,25000,10,0.6,5,fast,60,60,15,0,floor,0.05,False,0.5,0.2,0.1,0,dusk,5,1875,0.07,0,0,0,5,539.3960033,37.44136072,0,0,0,0,0.02741533829,30,212.8205996,125,0,0,0,0,0.2876778684,0.302063006
fixed,double,100000,1,0.1,0,slow,60,60,15,0,floor,0.05,False,0.5,0.2,0.1,0,dusk,1,2500,0.07,0,0,0,1,0,31.80310232,0,0,0,0,0,60,0,71.32441794,0,0,0,0,0,0.5093007335
fixed,double,100000,1,0.1,0,fast,60,60,15,0,floor,0.05,False,0.5,0.2,0.1,0,dusk,1,2500,0.07,0,0,0,1,637.2127749,51.42640902,0,0,0,0,0.007633387418,30,0,200,0,0,0,0,0.25488511,0.3511279796
fixed,double,100000,1,0.1,1,slow,60,60,15,0,floor,0.05,False,0.5,0.2,0.1,0,dusk,1,2500,0.07,0,0,0,1,0,31.80310232,0,0,0,0,0,60,1.728039933e-11,71.32441794,0,0,0,0,0,0.5093007335
fixed,double,100000,1,0.1,1,fast,60,60,15,0,floor,0.05,False,0.5,0.2,0.1,0,dusk,1,2500,0.07,0,0,0,1,637.2127749,51.42640902,0,0,0,0,0.007633387418,30,1.818989404e-12,200,0,0,0,0,0.25488511,0.3511279796
fixed,double,100000,1,0.1,5,slow,60,60,15,0,floor,0.05,False,0.5,0.2,0.1,0,dusk,1,2500,0.07,0,0,0,1,0,31.80310232,0,0,0,0,0,60,133.8824525,71.32441794,0,0,0,0,0,0.5093007335
fixed,double,100000,1,0.1,5,fast,60,60,15,0,floor,0.05,False,0.5,0.2,0.1,0,dusk,1,2500,0.07,0,0,0,1,637.2127749,51.42640902,0,0,0,0,0.007633387418,30,77.60747661,200,0,0,0,0,0.25488511,0.3511279796
fixed,double,100000,1,0.3,0,slow,60,60,15,0,floor,0.05,False,0.5,0.2,0.1,0,dusk,1,7500,0.07131327315,0,0,0,1,766.948228,88.29398757,0,0,0,0,0.01067917713,60,0,200,0,0,0,0,0.1022597637,0.4740325107
fixed,double,100000,1,0.3,0,fast,60,60,15,0,floor,0.05,False,0.5,0.2,0.1,0,dusk,1,7500,0.07131327315,0,0,0,1,2676.739904,142.9874256,0,0,0,0,0.03204150873,30,0,200,0,0,0,0,0.3568986539,0.326181582
fixed,double,100000,1,0.3,1,slow,60,60,15,0,floor,0.05,False,0.5,0.2,0.1,0,dusk,1,7500,0.07131327315,0,0,0,1,766.948228,88.29398757,0,0,0,0,0.01067917713,60,3.001332516e-11,200,0,0,0,0,0.1022597637,0.4740325107
fixed,double,100000,1,0.3,1,fast,60,60,15,0,floor,0.05,False,0.5,0.2,0.1,0,dusk,1,7500,0.07131327315,0,0,0,1,2676.739904,142.9874256,0,0,0,0,0.03204150873,30,3.637978807e-12,200,0,0,0,0,0.3568986539,0.326181582
fixed,double,100000,1,0.3,5,slow,60,60,15,0,floor,0.05,False,0.5,0.2,0.1,0,dusk,1,7500,0.07131327315,0,0,0,1,766.948228,88.29398757,0,0,0,0,0.01067917713,60,970.6346743,200,0,0,0,0,0.1022597637,0.4740325107
fixed,double,100000,1,0.3,5,fast,60,60,15,0,floor,0.05,False,0.5,0.2,0.1,0,dusk,1,7500,0.07131327315,0,0,0,1,2676.739904,142.9874256,0,0,0,0,0.03204150873,30,588.5430779,200,0,0,0,0,0.3568986539,0.326181582
fixed,double,100000,1,0.6,0,slow,60,60,15,0,floor,0.05,False,0.5,0.2,0.1,0,dusk,1,15000,0.07465663658,0,0,0,1,3117.702245,139.574854,0,0,0,0,0.04280565723,60,0,200,0,0,0,0,0.2078468163,0.4284679042
fixed,double,100000,1,0.6,0,fast,60,60,15,0,floor,0.05,False,0.5,0.2,0.1,0,dusk,1,15000,0.07465663658,0,0,0,1,6198.40917,266.0285824,0,0,0,0,0.07517318713,40,0,200,0,0,0,0,0.413227278,0.2925368228
fixed,double,100000,1,0.6,1,slow,60,60,15,0,floor,0.05,False,0.5,0.2,0.1,0,dusk,1,15000,0.07465663658,0,0,0,1,3117.702245,139.574854,0,0,0,0,0.04280565723,60,2.182787284e-11,200,0,0,0,0,0.2078468163,0.4284679042
fixed,double,100000,1,0.6,1,fast,60,60,15,0,floor,0.05,False,0.5,0.2,0.1,0,dusk,1,15000,0.07465663658,0,0,0,1,6198.40917,266.0285824,0,0,0,0,0.07517318713,40,5.456968211e-12,200,0,0,0,0,0.413227278,0.2925368228
fixed,double,100000,1,0.6,5,slow,60,60,15,0,floor,0.05,False,0.5,0.2,0.1,0,dusk,1,15000,0.07465663658,0,0,0,1,3117.702245,139.574854,0,0,0,0,0.04280565723,60,3047.375521,200,0,0,0,0,0.2078468163,0.4284679042
fixed,double,100000,1,0.6,5,fast,60,60,15,0,floor,0.05,False,0.5,0.2,0.1,0,dusk,1,15000,0.07465663658,0,0,0,1,6198.40917,266.0285824,0,0,0,0,0.07517318713,40,1960.165682,200,0,0,0,0,0.413227278,0.2925368228
fixed,double,100000,10,0.1,0,slow,60,60,15,0,floor,0.05,False,0.5,0.2,0.1,0,dusk,10,2500,0.07,8,1,0,8,0,41.17440081,3.566453517,0,0,3.552232687,0,900,0,3.279977836,1,1.5332173,0,0,0,0.4785449287
fixed,double,100000,10,0.1,0,fast,60,60,15,0,floor,0.05,False,0.5,0.2,0.1,0,dusk,10,2500,0.07,0,0,0,10,315.5203188,52.09730973,0,0,0,0,0.003725974673,30,0,500,0,0,0,0,0.1262081275,0.3337128841
fixed,double,100000,10,0.1,1,slow,60,60,15,0,floor,0.05,False,0.5,0.2,0.1,0,dusk,10,2500,0.07,18,0,0,0,0,21.18610379,9.762334716,0,0,0,0,0,0,0,10,825.4327372,0,1,0,0.5473116263
fixed,double,100000,10,0.1,1,fast,60,60,15,0,floor,0.05,False,0.5,0.2,0.1,0,dusk,10,2500,0.07,0,0,0,10,315.5203188,52.09730973,0,0,0,0,0.003725974673,30,90.37478291,500,0,0,0,0,0.1262081275,0.3337128841
fixed,double,100000,10,0.1,5,slow,60,60,15,0,floor,0.05,False,0.5,0.2,0.1,0,dusk,10,2500,0.07,18,0,0,0,0,21.18610379,14.50570309,0,0,0,0,0,0,0,10,825.4327372,0,1,0,0.5473116263
fixed,double,100000,10,0.1,5,fast,60,60,15,0,floor,0.05,False,0.5,0.2,0.1,0,dusk,10,2500,0.07,0,0,0,10,315.5203188,52.09730973,0,0,0,0,0.003725974673,30,98.78654768,500,0,0,0,0,0.1262081275,0.3337128841
fixed,double,100000,10,0.3,0,slow,60,60,15,0,floor,0.05,False,0.5,0.2,0.1,0,dusk,10,7500,0.07,0,0,0,10,0,109.075268,0,1.926574313,0,73.15649978,0,60,0,0,0,0,0,0,0,0.5167293976
fixed,double,100000,10,0.3,0,fast,60,60,15,0,floor,0.05,False,0.5,0.2,0.1,0,dusk,10,7500,0.07,0,0,0,10,2164.881706,149.5397411,0,0,0,0,0.02727866705,30,0,500,0,0,0,0,0.2886508941,0.2928334182
fixed,double,100000,10,0.3,1,slow,60,60,15,0,floor,0.05,False,0.5,0.2,0.1,0,dusk,10,7500,0.07,54,0,0,1,0,45.57110629,104.335957,1.926574313,0,15,0,60,1.364242053e-12,0,9,706.5435136,0,0,0,0.5299207921
fixed,double,100000,10,0.3,1,fast,60,60,15,0,floor,0.05,False,0.5,0.2,0.1,0,dusk,10,7500,0.07,0,0,0,10,2164.881706,149.5397411,0,0,0,0,0.02727866705,30,799.7976407,500,0,0,0,0,0.2886508941,0.2928334182
fixed,double,100000,10,0.3,5,slow,60,60,15,0,floor,0.05,False,0.5,0.2,0.1,0,dusk,10,7500,0.07,48,2,0,0,0,88.03306207,73.92894832,0,0,0.02960056213,0,4020,0,0.007582762305,8,433.5932191,0.02214370977,1,0,0.5439157904
fixed,double,100000,10,0.3,5,fast,60,60,15,0,floor,0.05,False,0.5,0.2,0.1,0,dusk,10,7500,0.07,0,0,0,10,2164.881706,149.5397411,0,0,0,0,0.02727866705,30,875.5189768,500,0,0,0,0,0.2886508941,0.2928334182
fixed,double,100000,10,0.6,0,slow,60,60,15,0,floor,0.05,False,0.5,0.2,0.1,0,dusk,5,7500,0.07,0,0,0,5,0,99.14025313,0,0,0,9.987326693,0,60,0,15.49788114,0,0,0,0,0,0.515270813
fixed,double,100000,10,0.6,0,fast,60,60,15,0,floor,0.05,False,0.5,0.2,0.1,0,dusk,5,7500,0.07,0,0,0,5,2157.584013,149.7654429,0,0,0,0,0.02741533829,30,0,500,0,0,0,0,0.2876778684,0.302063006
fixed,double,100000,10,0.6,1,slow,60,60,15,0,floor,0.05,False,0.5,0.2,0.1,0,dusk,5,7500,0.07,23,0,0,1,0,53.05172794,246.5841349,0,0,5.762555684,0,60,3.637978807e-12,0,4,413.8747284,0,0,0,0.5123527114
fixed,double,100000,10,0.6,1,fast,60,60,15,0,floor,0.05,False,0.5,0.2,0.1,0,dusk,5,7500,0.07,0,0,0,5,2157.584013,149.7654429,0,0,0,0,0.02741533829,30,702.6067564,500,0,0,0,0,0.2876778684,0.302063006
fixed,double,100000,10,0.6,5,slow,60,60,15,0,floor,0.05,False,0.5,0.2,0.1,0,dusk,5,7500,0.07,23,0,0,0,0,89.07447772,37.04982677,0,0,0,0,0,0,0,5,558.7450183,0,0,0,0.5479862855
fixed,double,100000,10,0.6,5,fast,60,60,15,0,floor,0.05,False,0.5,0.2,0.1,0,dusk,5,7500,0.07,0,0,0,5,2157.584013,149.7654429,0,0,0,0,0.02741533829,30,851.2823985,500,0,0,0,0,0.2876778684,0.302063006
fixed,double,1000000,1,0.1,0,slow,60,60,15,0,floor,0.05,False,0.5,0.2,0.1,0,dusk,1,25000,0.08455787362,0,0,0,1,0,290.1160703,0,0,0,0,0,60,0,445.4770858,0,0,0,0,0,0.5140988472
fixed,double,1000000,1,0.1,0,fast,60,60,15,0,floor,0.05,False,0.5,0.2,0.1,0,dusk,1,25000,0.08455787362,0,0,0,1,6372.127749,514.2640902,0,0,0,0,0.007633387418,30,0,2000,0,0,0,0,0.25488511,0.3511279796
fixed,double,1000000,1,0.1,1,slow,60,60,15,0,floor,0.05,False,0.5,0.2,0.1,0,dusk,1,25000,0.08455787362,0,0,0,1,0,290.1160703,0,0,0,0,0,60,1.600710675e-10,445.4770858,0,0,0,0,0,0.5140988472
fixed,double,1000000,1,0.1,1,fast,60,60,15,0,floor,0.05,False,0.5,0.2,0.1,0,dusk,1,25000,0.08455787362,0,0,0,1,6372.127749,514.2640902,0,0,0,0,0.007633387418,30,2.182787284e-11,2000,0,0,0,0,0.25488511,0.3511279796
fixed,double,1000000,1,0.1,5,slow,60,60,15,0,floor,0.05,False,0.5,0.2,0.1,0,dusk,1,25000,0.08455787362,1,0,0,0,0,184.5541017,3.733854203,0,0,0,0,0,0,0,1,9379.914173,0,1,0,0.5479862855
fixed,double,1000000,1,0.1,5,fast,60,60,15,0,floor,0.05,False,0.5,0.2,0.1,0,dusk,1,25000,0.08455787362,0,0,0,1,6372.127749,514.2640902,0,0,0,0,0.007633387418,30,776.0747661,2000,0,0,0,0,0.25488511,0.3511279796
fixed,double,1000000,1,0.3,0,slow,60,60,15,0,floor,0.05,False,0.5,0.2,0.1,0,dusk,1,75000,0.09391929121,0,0,0,1,6059.821803,817.1892591,0,0,0,0,0.008527064621,60,0,2000,0,0,0,0,0.08079762404,0.4864891336
fixed,double,1000000,1,0.3,0,fast,60,60,15,0,floor,0.05,False,0.5,0.2,0.1,0,dusk,1,75000,0.09391929121,0,0,0,1,26767.39904,1429.874256,0,0,0,0,0.03204150873,40,0,2000,0,0,0,0,0.3568986539,0.326181582
fixed,double,1000000,1,0.3,1,slow,60,60,15,0,floor,0.05,False,0.5,0.2,0.1,0,dusk,1,75000,0.09391929121,0,0,0,1,6059.821803,817.1892591,0,0,0,0,0.008527064621,60,2.619344741e-10,2000,0,0,0,0,0.08079762404,0.4864891336
fixed,double,1000000,1,0.3,1,fast,60,60,15,0,floor,0.05,False,0.5,0.2,0.1,0,dusk,1,75000,0.09391929121,0,0,0,1,26767.39904,1429.874256,0,0,0,0,0.03204150873,40,4.365574569e-11,2000,0,0,0,0,0.3568986539,0.326181582
fixed,double,1000000,1,0.3,5,slow,60,60,15,0,floor,0.05,False,0.5,0.2,0.1,0,dusk,1,75000,0.09391929121,0,0,0,1,6059.821803,817.1892591,0,0,0,0,0.008527064621,60,10053.27817,2000,0,0,0,0,0.08079762404,0.4864891336
fixed,double,1000000,1,0.3,5,fast,60,60,15,0,floor,0.05,False,0.5,0.2,0.1,0,dusk,1,75000,0.09391929121,0,0,0,1,26767.39904,1429.874256,0,0,0,0,0.03204150873,40,5885.430779,2000,0,0,0,0,0.3568986539,0.326181582
fixed,double,1000000,1,0.6,0,slow,60,60,15,0,floor,0.05,False,0.5,0.2,0.1,0,dusk,1,150000,0.0962596456,0,0,0,1,29176.71453,1479.149012,0,0,0,0,0.040358705,60,0,2000,0,0,0,0,0.1945114302,0.4379867821
fixed,double,1000000,1,0.6,0,fast,60,60,15,0,floor,0.05,False,0.5,0.2,0.1,0,dusk,1,150000,0.0962596456,0,0,0,1,61984.0917,2660.285824,0,0,0,0,0.07517318713,50,0,2000,0,0,0,0,0.413227278,0.2925368228
fixed,double,1000000,1,0.6,1,slow,60,60,15,0,floor,0.05,False,0.5,0.2,0.1,0,dusk,1,150000,0.0962596456,0,0,0,1,29176.71453,1479.149012,0,0,0,0,0.040358705,60,2.473825589e-10,2000,0,0,0,0,0.1945114302,0.4379867821
fixed,double,1000000,1,0.6,1,fast,60,60,15,0,floor,0.05,False,0.5,0.2,0.1,0,dusk,1,150000,0.0962596456,0,0,0,1,61984.0917,2660.285824,0,0,0,0,0.07517318713,50,5.820766091e-11,2000,0,0,0,0,0.413227278,0.2925368228
fixed,double,1000000,1,0.6,5,slow,60,60,15,0,floor,0.05,False,0.5,0.2,0.1,0,dusk,1,150000,0.0962596456,0,0,0,1,29176.71453,1479.149012,0,0,0,0,0.040358705,60,31303.00693,2000,0,0,0,0,0.1945114302,0.4379867821
fixed,double,1000000,1,0.6,5,fast,60,60,15,0,floor,0.05,False,0.5,0.2,0.1,0,dusk,1,150000,0.0962596456,0,0,0,1,61984.0917,2660.285824,0,0,0,0,0.07517318713,50,19601.65682,2000,0,0,0,0,0.413227278,0.2925368228
fixed,double,1000000,10,0.1,0,slow,60,60,15,0,floor,0.05,False,0.5,0.2,0.1,0,dusk,10,25000,0.07,8,1,0,8,0,411.7440081,35.66453517,0,0,35.52232687,0,900,0,32.79977836,1,15.332173,0,0,0,0.4785449287
fixed,double,1000000,10,0.1,0,fast,60,60,15,0,floor,0.05,False,0.5,0.2,0.1,0,dusk,10,25000,0.07,0,0,0,10,3155.203188,520.9730973,0,0,0,0,0.003725974673,30,0,5000,0,0,0,0,0.1262081275,0.3337128841
fixed,double,1000000,10,0.1,1,slow,60,60,15,0,floor,0.05,False,0.5,0.2,0.1,0,dusk,10,25000,0.07,18,0,0,0,0,211.8610379,97.62334716,0,0,0,0,0,0,0,10,8254.327372,0,1,0,0.5473116263
fixed,double,1000000,10,0.1,1,fast,60,60,15,0,floor,0.05,False,0.5,0.2,0.1,0,dusk,10,25000,0.07,0,0,0,10,3155.203188,520.9730973,0,0,0,0,0.003725974673,30,903.7478291,5000,0,0,0,0,0.1262081275,0.3337128841
fixed,double,1000000,10,0.1,5,slow,60,60,15,0,floor,0.05,False,0.5,0.2,0.1,0,dusk,10,25000,0.07,18,0,0,0,0,211.8610379,145.0570309,0,0,0,0,0,0,0,10,8254.327372,0,1,0,0.5473116263
fixed,double,1000000,10,0.1,5,fast,60,60,15,0,floor,0.05,False,0.5,0.2,0.1,0,dusk,10,25000,0.07,0,0,0,10,3155.203188,520.9730973,0,0,0,0,0.003725974673,30,987.8654768,5000,0,0,0,0,0.1262081275,0.3337128841
fixed,double,1000000,10,0.3,0,slow,60,60,15,0,floor,0.05,False,0.5,0.2,0.1,0,dusk,10,75000,0.0714386608,0,0,0,10,0,1090.75268,0,19.26574313,0,731.5649978,0,60,0,0,0,0,0,0,0,0.5167293976
fixed,double,1000000,10,0.3,0,fast,60,60,15,0,floor,0.05,False,0.5,0.2,0.1,0,dusk,10,75000,0.0714386608,0,0,0,10,21648.81706,1495.397411,0,0,0,0,0.02727866705,30,0,5000,0,0,0,0,0.2886508941,0.2928334182
fixed,double,1000000,10,0.3,1,slow,60,60,15,0,floor,0.05,False,0.5,0.2,0.1,0,dusk,10,75000,0.0714386608,54,0,0,1,0,455.6522877,1043.09857,19.26574313,0,150,0,60,1.546140993e-11,0,9,7075.209758,0,0,0,0.5299207921
fixed,double,1000000,10,0.3,1,fast,60,60,15,0,floor,0.05,False,0.5,0.2,0.1,0,dusk,10,75000,0.0714386608,0,0,0,10,21648.81706,1495.397411,0,0,0,0,0.02727866705,30,7997.976407,5000,0,0,0,0,0.2886508941,0.2928334182
fixed,double,1000000,10,0.3,5,slow,60,60,15,0,floor,0.05,False,0.5,0.2,0.1,0,dusk,10,75000,0.0714386608,54,0,0,0,0,879.534629,737.7066623,0,0,0,0,0,0,0,10,4347.049576,0,0,0,0.5439157904
fixed,double,1000000,10,0.3,5,fast,60,60,15,0,floor,0.05,False,0.5,0.2,0.1,0,dusk,10,75000,0.0714386608,0,0,0,10,21648.81706,1495.397411,0,0,0,0,0.02727866705,30,8755.189768,5000,0,0,0,0,0.2886508941,0.2928334182
fixed,double,1000000,10,0.6,0,slow,60,60,15,0,floor,0.05,False,0.5,0.2,0.1,0,dusk,5,75000,0.07565663658,0,0,0,5,0,968.3053257,0,0,0,344.8428111,0,60,0,27.35551392,0,0,0,0,0,0.5174189064
fixed,double,1000000,10,0.6,0,fast,60,60,15,0,floor,0.05,False,0.5,0.2,0.1,0,dusk,5,75000,0.07565663658,0,0,0,5,21575.84013,1497.654429,0,0,0,0,0.02741533829,30,0,5000,0,0,0,0,0.2876778684,0.302063006
fixed,double,1000000,10,0.6,1,slow,60,60,15,0,floor,0.05,False,0.5,0.2,0.1,0,dusk,5,75000,0.07565663658,23,0,0,1,0,516.3862197,2552.418726,0,0,139.1496005,0,60,3.274180926e-11,0,4,4247.257032,0,0,0,0.512267712
fixed,double,1000000,10,0.6,1,fast,60,60,15,0,floor,0.05,False,0.5,0.2,0.1,0,dusk,5,75000,0.07565663658,0,0,0,5,21575.84013,1497.654429,0,0,0,0,0.02741533829,30,7026.067564,5000,0,0,0,0,0.2876778684,0.302063006
fixed,double,1000000,10,0.6,5,slow,60,60,15,0,floor,0.05,False,0.5,0.2,0.1,0,dusk,5,75000,0.07565663658,28,0,0,0,0,868.6475801,476.1677642,0,0,0,0,0,0,0,5,5617.85124,0,0,0,0.5429200788
fixed,double,1000000,10,0.6,5,fast,60,60,15,0,floor,0.05,False,0.5,0.2,0.1,0,dusk,5,75000,0.07565663658,0,0,0,5,21575.84013,1497.654429,0,0,0,0,0.02741533829,30,8512.823985,5000,0,0,0,0,0.2876778684,0.302063006
depth_gentle,buffer,25000,1,0.1,0,slow,60,60,15,0,floor,0.05,False,0.5,0.2,0.1,0,dusk,1,625,0.07,0,0,0,1,0,7.95077558,0,0,0,0,0,60,0,17.83110449,0,0,0,0,0,0.5093007335
depth_gentle,buffer,25000,1,0.1,0,fast,60,60,15,0,floor,0.05,False,0.5,0.2,0.1,0,dusk,1,625,0.07,0,0,0,1,159.3031937,12.85660226,0,0,0,0,0.007633387418,30,0,50,0,0,0,0,0.25488511,0.3511279796
depth_gentle,buffer,25000,1,0.1,1,slow,60,60,15,0,floor,0.05,False,0.5,0.2,0.1,0,dusk,1,625,0.07,0,0,0,1,0,7.95077558,0,0,0,0,0,60,4.320099833e-12,17.83110449,0,0,0,0,0,0.5093007335
depth_gentle,buffer,25000,1,0.1,1,fast,60,60,15,0,floor,0.05,False,0.5,0.2,0.1,0,dusk,1,625,0.07,0,0,0,1,159.3031937,12.85660226,0,0,0,0,0.007633387418,30,4.547473509e-13,50,0,0,0,0,0.25488511,0.3511279796
depth_gentle,buffer,25000,1,0.1,5,slow,60,60,15,0,floor,0.05,False,0.5,0.2,0.1,0,dusk,1,625,0.07,0,0,0,1,0,7.95077558,0,0,0,0,0,60,33.47061314,17.83110449,0,0,0,0,0,0.5093007335
depth_gentle,buffer,25000,1,0.1,5,fast,60,60,15,0,floor,0.05,False,0.5,0.2,0.1,0,dusk,1,625,0.07,0,0,0,1,159.3031937,12.85660226,0,0,0,0,0.007633387418,30,19.40186915,50,0,0,0,0,0.25488511,0.3511279796
depth_gentle,buffer,25000,1,0.3,0,slow,60,60,15,0,floor,0.05,False,0.5,0.2,0.1,0,dusk,1,1875,0.07331327315,0,0,0,1,183.1525936,21.14038946,0,0,0,0,0.0102225474,60,0,50,0,0,0,0,0.09768138323,0.4765343854
depth_gentle,buffer,25000,1,0.3,0,fast,60,60,15,0,floor,0.05,False,0.5,0.2,0.1,0,dusk,1,1875,0.07331327315,0,0,0,1,669.1849761,35.74685641,0,0,0,0,0.03204150873,30,0,50,0,0,0,0,0.3568986539,0.326181582
depth_gentle,buffer,25000,1,0.3,1,slow,60,60,15,0,floor,0.05,False,0.5,0.2,0.1,0,dusk,1,1875,0.07331327315,0,0,0,1,183.1525936,21.14038946,0,0,0,0,0.0102225474,60,7.50333129e-12,50,0,0,0,0,0.09768138323,0.4765343854
depth_gentle,buffer,25000,1,0.3,1,fast,60,60,15,0,floor,0.05,False,0.5,0.2,0.1,0,dusk,1,1875,0.07331327315,0,0,0,1,669.1849761,35.74685641,0,0,0,0,0.03204150873,30,9.094947018e-13,50,0,0,0,0,0.3568986539,0.326181582
depth_gentle,buffer,25000,1,0.3,5,slow,60,60,15,0,floor,0.05,False,0.5,0.2,0.1,0,dusk,1,1875,0.07331327315,0,0,0,1,183.1525936,21.14038946,0,0,0,0,0.0102225474,60,244.3695666,50,0,0,0,0,0.09768138323,0.4765343854
depth_gentle,buffer,25000,1,0.3,5,fast,60,60,15,0,floor,0.05,False,0.5,0.2,0.1,0,dusk,1,1875,0.07331327315,0,0,0,1,669.1849761,35.74685641,0,0,0,0,0.03204150873,30,147.1357695,50,0,0,0,0,0.3568986539,0.326181582
depth_gentle,buffer,25000,1,0.6,0,slow,60,60,15,0,floor,0.05,False,0.5,0.2,0.1,0,dusk,1,3750,0.07665663658,0,0,0,1,781.9892087,37.45736101,0,0,0,0,0.04294645146,60,0,50,0,0,0,0,0.2085304557,0.42832711
depth_gentle,buffer,25000,1,0.6,0,fast,60,60,15,0,floor,0.05,False,0.5,0.2,0.1,0,dusk,1,3750,0.07665663658,0,0,0,1,1549.602293,66.50714559,0,0,0,0,0.07517318713,40,0,50,0,0,0,0,0.413227278,0.2925368228
depth_gentle,buffer,25000,1,0.6,1,slow,60,60,15,0,floor,0.05,False,0.5,0.2,0.1,0,dusk,1,3750,0.07665663658,0,0,0,1,781.9892087,37.45736101,0,0,0,0,0.04294645146,60,5.456968211e-12,50,0,0,0,0,0.2085304557,0.42832711
depth_gentle,buffer,25000,1,0.6,1,fast,60,60,15,0,floor,0.05,False,0.5,0.2,0.1,0,dusk,1,3750,0.07665663658,0,0,0,1,1549.602293,66.50714559,0,0,0,0,0.07517318713,40,1.364242053e-12,50,0,0,0,0,0.413227278,0.2925368228
depth_gentle,buffer,25000,1,0.6,5,slow,60,60,15,0,floor,0.05,False,0.5,0.2,0.1,0,dusk,1,3750,0.07665663658,0,0,0,1,781.9892087,37.45736101,0,0,0,0,0.04294645146,60,761.8438803,50,0,0,0,0,0.2085304557,0.42832711
depth_gentle,buffer,25000,1,0.6,5,fast,60,60,15,0,floor,0.05,False,0.5,0.2,0.1,0,dusk,1,3750,0.07665663658,0,0,0,1,1549.602293,66.50714559,0,0,0,0,0.07517318713,40,490.0414205,50,0,0,0,0,0.413227278,0.2925368228
depth_gentle,buffer,25000,10,0.1,0,slow,60,60,15,0,floor,0.05,False,0.5,0.2,0.1,0,dusk,10,625,0.07,8,1,0,8,0,10.29587036,0.8922415556,0,0,0.8880581718,0,900,0,0.8199944591,1,0.242325566,0,0,0,0.4785294371
depth_gentle,buffer,25000,10,0.1,0,fast,60,60,15,0,floor,0.05,False,0.5,0.2,0.1,0,dusk,10,625,0.07,0,0,0,10,78.88007971,13.02432743,0,0,0,0,0.003725974673,30,0,125,0,0,0,0,0.1262081275,0.3337128841
depth_gentle,buffer,25000,10,0.1,1,slow,60,60,15,0,floor,0.05,False,0.5,0.2,0.1,0,dusk,10,625,0.07,18,0,0,0,0,5.306328975,2.448324455,0,0,0,0,0,0,0,10,205.5408726,0,1,0,0.5473116263
depth_gentle,buffer,25000,10,0.1,1,fast,60,60,15,0,floor,0.05,False,0.5,0.2,0.1,0,dusk,10,625,0.07,0,0,0,10,78.88007971,13.02432743,0,0,0,0,0.003725974673,30,22.59369573,125,0,0,0,0,0.1262081275,0.3337128841
depth_gentle,buffer,25000,10,0.1,5,slow,60,60,15,0,floor,0.05,False,0.5,0.2,0.1,0,dusk,10,625,0.07,18,0,0,0,0,5.306328975,3.634447882,0,0,0,0,0,0,0,10,205.5408726,0,1,0,0.5473116263
depth_gentle,buffer,25000,10,0.1,5,fast,60,60,15,0,floor,0.05,False,0.5,0.2,0.1,0,dusk,10,625,0.07,0,0,0,10,78.88007971,13.02432743,0,0,0,0,0.003725974673,30,24.69663692,125,0,0,0,0,0.1262081275,0.3337128841
depth_gentle,buffer,25000,10,0.3,0,slow,60,60,15,0,floor,0.05,False,0.5,0.2,0.1,0,dusk,10,1875,0.07,0,0,0,10,0,27.268817,0,0.4816435782,0,18.28912495,0,60,0,0,0,0,0,0,0,0.5167293976
depth_gentle,buffer,25000,10,0.3,0,fast,60,60,15,0,floor,0.05,False,0.5,0.2,0.1,0,dusk,10,1875,0.07,0,0,0,10,541.2204264,37.38493527,0,0,0,0,0.02727866705,30,0,125,0,0,0,0,0.2886508941,0.2928334182
depth_gentle,buffer,25000,10,0.3,1,slow,60,60,15,0,floor,0.05,False,0.5,0.2,0.1,0,dusk,10,1875,0.07,50,0,0,1,0,11.40057563,26.10304957,0.4816435782,0,3.75,0,60,3.410605132e-13,0,9,176.5479986,0,0,0,0.5299207921
depth_gentle,buffer,25000,10,0.3,1,fast,60,60,15,0,floor,0.05,False,0.5,0.2,0.1,0,dusk,10,1875,0.07,0,0,0,10,541.2204264,37.38493527,0,0,0,0,0.02727866705,30,199.9494102,125,0,0,0,0,0.2886508941,0.2928334182
depth_gentle,buffer,25000,10,0.3,5,slow,60,60,15,0,floor,0.05,False,0.5,0.2,0.1,0,dusk,10,1875,0.07,40,4,0,0,0,22.09717479,18.64812684,0,0,0.0403679555,0,3360,0,0.02779715436,6,107.7778266,0.06321420491,1,0,0.5439157904
depth_gentle,buffer,25000,10,0.3,5,fast,60,60,15,0,floor,0.05,False,0.5,0.2,0.1,0,dusk,10,1875,0.07,0,0,0,10,541.2204264,37.38493527,0,0,0,0,0.02727866705,30,218.8797442,125,0,0,0,0,0.2886508941,0.2928334182
depth_gentle,buffer,25000,10,0.6,0,slow,60,60,15,0,floor,0.05,False,0.5,0.2,0.1,0,dusk,5,1875,0.07,0,0,0,5,0,24.78506328,0,0,0,2.496831673,0,60,0,3.874470284,0,0,0,0,0,0.515270813
depth_gentle,buffer,25000,10,0.6,0,fast,60,60,15,0,floor,0.05,False,0.5,0.2,0.1,0,dusk,5,1875,0.07,0,0,0,5,539.3960033,37.44136072,0,0,0,0,0.02741533829,30,0,125,0,0,0,0,0.2876778684,0.302063006
depth_gentle,buffer,25000,10,0.6,1,slow,60,60,15,0,floor,0.05,False,0.5,0.2,0.1,0,dusk,5,1875,0.07,23,0,0,1,0,13.26364426,61.65135662,0,0,1.440638921,0,60,9.094947018e-13,0,4,103.3471264,0,0,0,0.5123527114
depth_gentle,buffer,25000,10,0.6,1,fast,60,60,15,0,floor,0.05,False,0.5,0.2,0.1,0,dusk,5,1875,0.07,0,0,0,5,539.3960033,37.44136072,0,0,0,0,0.02741533829,30,175.6516891,125,0,0,0,0,0.2876778684,0.302063006
depth_gentle,buffer,25000,10,0.6,5,slow,60,60,15,0,floor,0.05,False,0.5,0.2,0.1,0,dusk,5,1875,0.07,20,1,0,0,0,22.27532634,9.267640656,0,0,0.0358542015,0,3300,0,0,4,139.4790306,0,0,0,0.5479862855
depth_gentle,buffer,25000,10,0.6,5,fast,60,60,15,0,floor,0.05,False,0.5,0.2,0.1,0,dusk,5,1875,0.07,0,0,0,5,539.3960033,37.44136072,0,0,0,0,0.02741533829,30,212.8205996,125,0,0,0,0,0.2876778684,0.302063006
depth_gentle,buffer,100000,1,0.1,0,slow,60,60,15,0,floor,0.05,False,0.5,0.2,0.1,0,dusk,1,2500,0.07,0,0,0,1,0,31.80310232,0,0,0,0,0,60,0,71.32441794,0,0,0,0,0,0.5093007335
depth_gentle,buffer,100000,1,0.1,0,fast,60,60,15,0,floor,0.05,False,0.5,0.2,0.1,0,dusk,1,2500,0.07,0,0,0,1,637.2127749,51.42640902,0,0,0,0,0.007633387418,30,0,200,0,0,0,0,0.25488511,0.3511279796
depth_gentle,buffer,100000,1,0.1,1,slow,60,60,15,0,floor,0.05,False,0.5,0.2,0.1,0,dusk,1,2500,0.07,0,0,0,1,0,31.80310232,0,0,0,0,0,60,1.728039933e-11,71.32441794,0,0,0,0,0,0.5093007335
depth_gentle,buffer,100000,1,0.1,1,fast,60,60,15,0,floor,0.05,False,0.5,0.2,0.1,0,dusk,1,2500,0.07,0,0,0,1,637.2127749,51.42640902,0,0,0,0,0.007633387418,30,1.818989404e-12,200,0,0,0,0,0.25488511,0.3511279796
depth_gentle,buffer,100000,1,0.1,5,slow,60,60,15,0,floor,0.05,False,0.5,0.2,0.1,0,dusk,1,2500,0.07,0,0,0,1,0,31.80310232,0,0,0,0,0,60,133.8824525,71.32441794,0,0,0,0,0,0.5093007335
depth_gentle,buffer,100000,1,0.1,5,fast,60,60,15,0,floor,0.05,False,0.5,0.2,0.1,0,dusk,1,2500,0.07,0,0,0,1,637.2127749,51.42640902,0,0,0,0,0.007633387418,30,77.60747661,200,0,0,0,0,0.25488511,0.3511279796
depth_gentle,buffer,100000,1,0.3,0,slow,60,60,15,0,floor,0.05,False,0.5,0.2,0.1,0,dusk,1,7500,0.07331327315,0,0,0,1,732.6103742,84.56155785,0,0,0,0,0.0102225474,60,0,200,0,0,0,0,0.09768138323,0.4765343854
depth_gentle,buffer,100000,1,0.3,0,fast,60,60,15,0,floor,0.05,False,0.5,0.2,0.1,0,dusk,1,7500,0.07331327315,0,0,0,1,2676.739904,142.9874256,0,0,0,0,0.03204150873,30,0,200,0,0,0,0,0.3568986539,0.326181582
depth_gentle,buffer,100000,1,0.3,1,slow,60,60,15,0,floor,0.05,False,0.5,0.2,0.1,0,dusk,1,7500,0.07331327315,0,0,0,1,732.6103742,84.56155785,0,0,0,0,0.0102225474,60,3.001332516e-11,200,0,0,0,0,0.09768138323,0.4765343854
depth_gentle,buffer,100000,1,0.3,1,fast,60,60,15,0,floor,0.05,False,0.5,0.2,0.1,0,dusk,1,7500,0.07331327315,0,0,0,1,2676.739904,142.9874256,0,0,0,0,0.03204150873,30,3.637978807e-12,200,0,0,0,0,0.3568986539,0.326181582
depth_gentle,buffer,100000,1,0.3,5,slow,60,60,15,0,floor,0.05,False,0.5,0.2,0.1,0,dusk,1,7500,0.07331327315,0,0,0,1,732.6103742,84.56155785,0,0,0,0,0.0102225474,60,977.4782664,200,0,0,0,0,0.09768138323,0.4765343854
depth_gentle,buffer,100000,1,0.3,5,fast,60,60,15,0,floor,0.05,False,0.5,0.2,0.1,0,dusk,1,7500,0.07331327315,0,0,0,1,2676.739904,142.9874256,0,0,0,0,0.03204150873,30,588.5430779,200,0,0,0,0,0.3568986539,0.326181582
depth_gentle,buffer,100000,1,0.6,0,slow,60,60,15,0,floor,0.05,False,0.5,0.2,0.1,0,dusk,1,15000,0.07665663658,0,0,0,1,3127.956835,149.829444,0,0,0,0,0.04294645146,60,0,200,0,0,0,0,0.2085304557,0.42832711
depth_gentle,buffer,100000,1,0.6,0,fast,60,60,15,0,floor,0.05,False,0.5,0.2,0.1,0,dusk,1,15000,0.07665663658,0,0,0,1,6198.40917,266.0285824,0,0,0,0,0.07517318713,40,0,200,0,0,0,0,0.413227278,0.2925368228
depth_gentle,buffer,100000,1,0.6,1,slow,60,60,15,0,floor,0.05,False,0.5,0.2,0.1,0,dusk,1,15000,0.07665663658,0,0,0,1,3127.956835,149.829444,0,0,0,0,0.04294645146,60,2.182787284e-11,200,0,0,0,0,0.2085304557,0.42832711
depth_gentle,buffer,100000,1,0.6,1,fast,60,60,15,0,floor,0.05,False,0.5,0.2,0.1,0,dusk,1,15000,0.07665663658,0,0,0,1,6198.40917,266.0285824,0,0,0,0,0.07517318713,40,5.456968211e-12,200,0,0,0,0,0.413227278,0.2925368228
depth_gentle,buffer,100000,1,0.6,5,slow,60,60,15,0,floor,0.05,False,0.5,0.2,0.1,0,dusk,1,15000,0.07665663658,0,0,0,1,3127.956835,149.829444,0,0,0,0,0.04294645146,60,3047.375521,200,0,0,0,0,0.2085304557,0.42832711
depth_gentle,buffer,100000,1,0.6,5,fast,60,60,15,0,floor,0.05,False,0.5,0.2,0.1,0,dusk,1,15000,0.07665663658,0,0,0,1,6198.40917,266.0285824,0,0,0,0,0.07517318713,40,1960.165682,200,0,0,0,0,0.413227278,0.2925368228
depth_gentle,buffer,100000,10,0.1,0,slow,60,60,15,0,floor,0.05,False,0.5,0.2,0.1,0,dusk,10,2500,0.07,8,1,0,8,0,41.17440081,3.566453517,0,0,3.552232687,0,900,0,3.279977836,1,1.5332173,0,0,0,0.4785449287
depth_gentle,buffer,100000,10,0.1,0,fast,60,60,15,0,floor,0.05,False,0.5,0.2,0.1,0,dusk,10,2500,0.07,0,0,0,10,315.5203188,52.09730973,0,0,0,0,0.003725974673,30,0,500,0,0,0,0,0.1262081275,0.3337128841
depth_gentle,buffer,100000,10,0.1,1,slow,60,60,15,0,floor,0.05,False,0.5,0.2,0.1,0,dusk,10,2500,0.07,18,0,0,0,0,21.18610379,9.762334716,0,0,0,0,0,0,0,10,825.4327372,0,1,0,0.5473116263
depth_gentle,buffer,100000,10,0.1,1,fast,60,60,15,0,floor,0.05,False,0.5,0.2,0.1,0,dusk,10,2500,0.07,0,0,0,10,315.5203188,52.09730973,0,0,0,0,0.003725974673,30,90.37478291,500,0,0,0,0,0.1262081275,0.3337128841
depth_gentle,buffer,100000,10,0.1,5,slow,60,60,15,0,floor,0.05,False,0.5,0.2,0.1,0,dusk,10,2500,0.07,18,0,0,0,0,21.18610379,14.50570309,0,0,0,0,0,0,0,10,825.4327372,0,1,0,0.5473116263
depth_gentle,buffer,100000,10,0.1,5,fast,60,60,15,0,floor,0.05,False,0.5,0.2,0.1,0,dusk,10,2500,0.07,0,0,0,10,315.5203188,52.09730973,0,0,0,0,0.003725974673,30,98.78654768,500,0,0,0,0,0.1262081275,0.3337128841
depth_gentle,buffer,100000,10,0.3,0,slow,60,60,15,0,floor,0.05,False,0.5,0.2,0.1,0,dusk,10,7500,0.07,0,0,0,10,0,109.075268,0,1.926574313,0,73.15649978,0,60,0,0,0,0,0,0,0,0.5167293976
depth_gentle,buffer,100000,10,0.3,0,fast,60,60,15,0,floor,0.05,False,0.5,0.2,0.1,0,dusk,10,7500,0.07,0,0,0,10,2164.881706,149.5397411,0,0,0,0,0.02727866705,30,0,500,0,0,0,0,0.2886508941,0.2928334182
depth_gentle,buffer,100000,10,0.3,1,slow,60,60,15,0,floor,0.05,False,0.5,0.2,0.1,0,dusk,10,7500,0.07,54,0,0,1,0,45.57110629,104.335957,1.926574313,0,15,0,60,1.364242053e-12,0,9,706.5435136,0,0,0,0.5299207921
depth_gentle,buffer,100000,10,0.3,1,fast,60,60,15,0,floor,0.05,False,0.5,0.2,0.1,0,dusk,10,7500,0.07,0,0,0,10,2164.881706,149.5397411,0,0,0,0,0.02727866705,30,799.7976407,500,0,0,0,0,0.2886508941,0.2928334182
depth_gentle,buffer,100000,10,0.3,5,slow,60,60,15,0,floor,0.05,False,0.5,0.2,0.1,0,dusk,10,7500,0.07,48,2,0,0,0,88.03306207,73.92894832,0,0,0.02960056213,0,4020,0,0.007582762305,8,433.5932191,0.02214370977,1,0,0.5439157904
depth_gentle,buffer,100000,10,0.3,5,fast,60,60,15,0,floor,0.05,False,0.5,0.2,0.1,0,dusk,10,7500,0.07,0,0,0,10,2164.881706,149.5397411,0,0,0,0,0.02727866705,30,875.5189768,500,0,0,0,0,0.2886508941,0.2928334182
depth_gentle,buffer,100000,10,0.6,0,slow,60,60,15,0,floor,0.05,False,0.5,0.2,0.1,0,dusk,5,7500,0.07,0,0,0,5,0,99.14025313,0,0,0,9.987326693,0,60,0,15.49788114,0,0,0,0,0,0.515270813
depth_gentle,buffer,100000,10,0.6,0,fast,60,60,15,0,floor,0.05,False,0.5,0.2,0.1,0,dusk,5,7500,0.07,0,0,0,5,2157.584013,149.7654429,0,0,0,0,0.02741533829,30,0,500,0,0,0,0,0.2876778684,0.302063006
depth_gentle,buffer,100000,10,0.6,1,slow,60,60,15,0,floor,0.05,False,0.5,0.2,0.1,0,dusk,5,7500,0.07,23,0,0,1,0,53.05172794,246.5841349,0,0,5.762555684,0,60,3.637978807e-12,0,4,413.8747284,0,0,0,0.5123527114
depth_gentle,buffer,100000,10,0.6,1,fast,60,60,15,0,floor,0.05,False,0.5,0.2,0.1,0,dusk,5,7500,0.07,0,0,0,5,2157.584013,149.7654429,0,0,0,0,0.02741533829,30,702.6067564,500,0,0,0,0,0.2876778684,0.302063006
depth_gentle,buffer,100000,10,0.6,5,slow,60,60,15,0,floor,0.05,False,0.5,0.2,0.1,0,dusk,5,7500,0.07,23,0,0,0,0,89.07447772,37.04982677,0,0,0,0,0,0,0,5,558.7450183,0,0,0,0.5479862855
depth_gentle,buffer,100000,10,0.6,5,fast,60,60,15,0,floor,0.05,False,0.5,0.2,0.1,0,dusk,5,7500,0.07,0,0,0,5,2157.584013,149.7654429,0,0,0,0,0.02741533829,30,851.2823985,500,0,0,0,0,0.2876778684,0.302063006
depth_gentle,buffer,1000000,1,0.1,0,slow,60,60,15,0,floor,0.05,False,0.5,0.2,0.1,0,dusk,1,25000,0.07,0,0,0,1,0,318.0310232,0,0,0,0,0,60,0,713.2441794,0,0,0,0,0,0.5093007335
depth_gentle,buffer,1000000,1,0.1,0,fast,60,60,15,0,floor,0.05,False,0.5,0.2,0.1,0,dusk,1,25000,0.07,0,0,0,1,6372.127749,514.2640902,0,0,0,0,0.007633387418,30,0,2000,0,0,0,0,0.25488511,0.3511279796
depth_gentle,buffer,1000000,1,0.1,1,slow,60,60,15,0,floor,0.05,False,0.5,0.2,0.1,0,dusk,1,25000,0.07,0,0,0,1,0,318.0310232,0,0,0,0,0,60,1.637090463e-10,713.2441794,0,0,0,0,0,0.5093007335
depth_gentle,buffer,1000000,1,0.1,1,fast,60,60,15,0,floor,0.05,False,0.5,0.2,0.1,0,dusk,1,25000,0.07,0,0,0,1,6372.127749,514.2640902,0,0,0,0,0.007633387418,30,2.182787284e-11,2000,0,0,0,0,0.25488511,0.3511279796
depth_gentle,buffer,1000000,1,0.1,5,slow,60,60,15,0,floor,0.05,False,0.5,0.2,0.1,0,dusk,1,25000,0.07,0,0,0,1,0,318.0310232,0,0,0,0,0,60,1338.824525,713.2441794,0,0,0,0,0,0.5093007335
depth_gentle,buffer,1000000,1,0.1,5,fast,60,60,15,0,floor,0.05,False,0.5,0.2,0.1,0,dusk,1,25000,0.07,0,0,0,1,6372.127749,514.2640902,0,0,0,0,0.007633387418,30,776.0747661,2000,0,0,0,0,0.25488511,0.3511279796
depth_gentle,buffer,1000000,1,0.3,0,slow,60,60,15,0,floor,0.05,False,0.5,0.2,0.1,0,dusk,1,75000,0.07331327315,0,0,0,1,7326.103742,845.6155785,0,0,0,0,0.0102225474,60,0,2000,0,0,0,0,0.09768138323,0.4765343854
depth_gentle,buffer,1000000,1,0.3,0,fast,60,60,15,0,floor,0.05,False,0.5,0.2,0.1,0,dusk,1,75000,0.07331327315,0,0,0,1,26767.39904,1429.874256,0,0,0,0,0.03204150873,30,0,2000,0,0,0,0,0.3568986539,0.326181582
depth_gentle,buffer,1000000,1,0.3,1,slow,60,60,15,0,floor,0.05,False,0.5,0.2,0.1,0,dusk,1,75000,0.07331327315,0,0,0,1,7326.103742,845.6155785,0,0,0,0,0.0102225474,60,2.619344741e-10,2000,0,0,0,0,0.09768138323,0.4765343854
depth_gentle,buffer,1000000,1,0.3,1,fast,60,60,15,0,floor,0.05,False,0.5,0.2,0.1,0,dusk,1,75000,0.07331327315,0,0,0,1,26767.39904,1429.874256,0,0,0,0,0.03204150873,30,4.365574569e-11,2000,0,0,0,0,0.3568986539,0.326181582
depth_gentle,buffer,1000000,1,0.3,5,slow,60,60,15,0,floor,0.05,False,0.5,0.2,0.1,0,dusk,1,75000,0.07331327315,0,0,0,1,7326.103742,845.6155785,0,0,0,0,0.0102225474,60,9774.782664,2000,0,0,0,0,0.09768138323,0.4765343854
depth_gentle,buffer,1000000,1,0.3,5,fast,60,60,15,0,floor,0.05,False,0.5,0.2,0.1,0,dusk,1,75000,0.07331327315,0,0,0,1,26767.39904,1429.874256,0,0,0,0,0.03204150873,30,5885.430779,2000,0,0,0,0,0.3568986539,0.326181582
depth_gentle,buffer,1000000,1,0.6,0,slow,60,60,15,0,floor,0.05,False,0.5,0.2,0.1,0,dusk,1,150000,0.07665663658,0,0,0,1,31279.56835,1498.29444,0,0,0,0,0.04294645146,60,0,2000,0,0,0,0,0.2085304557,0.42832711
depth_gentle,buffer,1000000,1,0.6,0,fast,60,60,15,0,floor,0.05,False,0.5,0.2,0.1,0,dusk,1,150000,0.07665663658,0,0,0,1,61984.0917,2660.285824,0,0,0,0,0.07517318713,40,0,2000,0,0,0,0,0.413227278,0.2925368228
depth_gentle,buffer,1000000,1,0.6,1,slow,60,60,15,0,floor,0.05,False,0.5,0.2,0.1,0,dusk,1,150000,0.07665663658,0,0,0,1,31279.56835,1498.29444,0,0,0,0,0.04294645146,60,2.619344741e-10,2000,0,0,0,0,0.2085304557,0.42832711
depth_gentle,buffer,1000000,1,0.6,1,fast,60,60,15,0,floor,0.05,False,0.5,0.2,0.1,0,dusk,1,150000,0.07665663658,0,0,0,1,61984.0917,2660.285824,0,0,0,0,0.07517318713,40,5.820766091e-11,2000,0,0,0,0,0.413227278,0.2925368228
depth_gentle,buffer,1000000,1,0.6,5,slow,60,60,15,0,floor,0.05,False,0.5,0.2,0.1,0,dusk,1,150000,0.07665663658,0,0,0,1,31279.56835,1498.29444,0,0,0,0,0.04294645146,60,30473.75521,2000,0,0,0,0,0.2085304557,0.42832711
depth_gentle,buffer,1000000,1,0.6,5,fast,60,60,15,0,floor,0.05,False,0.5,0.2,0.1,0,dusk,1,150000,0.07665663658,0,0,0,1,61984.0917,2660.285824,0,0,0,0,0.07517318713,40,19601.65682,2000,0,0,0,0,0.413227278,0.2925368228
depth_gentle,buffer,1000000,10,0.1,0,slow,60,60,15,0,floor,0.05,False,0.5,0.2,0.1,0,dusk,10,25000,0.07,8,1,0,8,0,411.7440081,35.66453517,0,0,35.52232687,0,900,0,32.79977836,1,15.332173,0,0,0,0.4785449287
depth_gentle,buffer,1000000,10,0.1,0,fast,60,60,15,0,floor,0.05,False,0.5,0.2,0.1,0,dusk,10,25000,0.07,0,0,0,10,3155.203188,520.9730973,0,0,0,0,0.003725974673,30,0,5000,0,0,0,0,0.1262081275,0.3337128841
depth_gentle,buffer,1000000,10,0.1,1,slow,60,60,15,0,floor,0.05,False,0.5,0.2,0.1,0,dusk,10,25000,0.07,18,0,0,0,0,211.8610379,97.62334716,0,0,0,0,0,0,0,10,8254.327372,0,1,0,0.5473116263
depth_gentle,buffer,1000000,10,0.1,1,fast,60,60,15,0,floor,0.05,False,0.5,0.2,0.1,0,dusk,10,25000,0.07,0,0,0,10,3155.203188,520.9730973,0,0,0,0,0.003725974673,30,903.7478291,5000,0,0,0,0,0.1262081275,0.3337128841
depth_gentle,buffer,1000000,10,0.1,5,slow,60,60,15,0,floor,0.05,False,0.5,0.2,0.1,0,dusk,10,25000,0.07,18,0,0,0,0,211.8610379,145.0570309,0,0,0,0,0,0,0,10,8254.327372,0,1,0,0.5473116263
depth_gentle,buffer,1000000,10,0.1,5,fast,60,60,15,0,floor,0.05,False,0.5,0.2,0.1,0,dusk,10,25000,0.07,0,0,0,10,3155.203188,520.9730973,0,0,0,0,0.003725974673,30,987.8654768,5000,0,0,0,0,0.1262081275,0.3337128841
depth_gentle,buffer,1000000,10,0.3,0,slow,60,60,15,0,floor,0.05,False,0.5,0.2,0.1,0,dusk,10,75000,0.07,0,0,0,10,0,1090.75268,0,19.26574313,0,731.5649978,0,60,0,0,0,0,0,0,0,0.5167293976
depth_gentle,buffer,1000000,10,0.3,0,fast,60,60,15,0,floor,0.05,False,0.5,0.2,0.1,0,dusk,10,75000,0.07,0,0,0,10,21648.81706,1495.397411,0,0,0,0,0.02727866705,30,0,5000,0,0,0,0,0.2886508941,0.2928334182
depth_gentle,buffer,1000000,10,0.3,1,slow,60,60,15,0,floor,0.05,False,0.5,0.2,0.1,0,dusk,10,75000,0.07,54,0,0,1,0,455.6522877,1043.09857,19.26574313,0,150,0,60,1.546140993e-11,0,9,7075.209758,0,0,0,0.5299207921
depth_gentle,buffer,1000000,10,0.3,1,fast,60,60,15,0,floor,0.05,False,0.5,0.2,0.1,0,dusk,10,75000,0.07,0,0,0,10,21648.81706,1495.397411,0,0,0,0,0.02727866705,30,7997.976407,5000,0,0,0,0,0.2886508941,0.2928334182
depth_gentle,buffer,1000000,10,0.3,5,slow,60,60,15,0,floor,0.05,False,0.5,0.2,0.1,0,dusk,10,75000,0.07,54,0,0,0,0,879.534629,737.7066623,0,0,0,0,0,0,0,10,4347.049576,0,0,0,0.5439157904
depth_gentle,buffer,1000000,10,0.3,5,fast,60,60,15,0,floor,0.05,False,0.5,0.2,0.1,0,dusk,10,75000,0.07,0,0,0,10,21648.81706,1495.397411,0,0,0,0,0.02727866705,30,8755.189768,5000,0,0,0,0,0.2886508941,0.2928334182
depth_gentle,buffer,1000000,10,0.6,0,slow,60,60,15,0,floor,0.05,False,0.5,0.2,0.1,0,dusk,5,75000,0.07,0,0,0,5,0,991.4025313,0,0,0,99.87326693,0,60,0,154.9788114,0,0,0,0,0,0.515270813
depth_gentle,buffer,1000000,10,0.6,0,fast,60,60,15,0,floor,0.05,False,0.5,0.2,0.1,0,dusk,5,75000,0.07,0,0,0,5,21575.84013,1497.654429,0,0,0,0,0.02741533829,30,0,5000,0,0,0,0,0.2876778684,0.302063006
depth_gentle,buffer,1000000,10,0.6,1,slow,60,60,15,0,floor,0.05,False,0.5,0.2,0.1,0,dusk,5,75000,0.07,23,0,0,1,0,530.5172794,2465.841349,0,0,57.62555684,0,60,3.456079867e-11,0,4,4138.747284,0,0,0,0.5123527114
depth_gentle,buffer,1000000,10,0.6,1,fast,60,60,15,0,floor,0.05,False,0.5,0.2,0.1,0,dusk,5,75000,0.07,0,0,0,5,21575.84013,1497.654429,0,0,0,0,0.02741533829,30,7026.067564,5000,0,0,0,0,0.2876778684,0.302063006
depth_gentle,buffer,1000000,10,0.6,5,slow,60,60,15,0,floor,0.05,False,0.5,0.2,0.1,0,dusk,5,75000,0.07,25,0,0,0,0,890.7648818,370.6298113,0,0,0,0,0,0,0,5,5588.547237,0,0,0,0.5479789207
depth_gentle,buffer,1000000,10,0.6,5,fast,60,60,15,0,floor,0.05,False,0.5,0.2,0.1,0,dusk,5,75000,0.07,0,0,0,5,21575.84013,1497.654429,0,0,0,0,0.02741533829,30,8512.823985,5000,0,0,0,0,0.2876778684,0.302063006
depth_gentle,double,25000,1,0.1,0,slow,60,60,15,0,floor,0.05,False,0.5,0.2,0.1,0,dusk,1,625,0.07,0,0,0,1,0,7.95077558,0,0,0,0,0,60,0,17.83110449,0,0,0,0,0,0.5093007335
depth_gentle,double,25000,1,0.1,0,fast,60,60,15,0,floor,0.05,False,0.5,0.2,0.1,0,dusk,1,625,0.07,0,0,0,1,159.3031937,12.85660226,0,0,0,0,0.007633387418,30,0,50,0,0,0,0,0.25488511,0.3511279796
depth_gentle,double,25000,1,0.1,1,slow,60,60,15,0,floor,0.05,False,0.5,0.2,0.1,0,dusk,1,625,0.07,0,0,0,1,0,7.95077558,0,0,0,0,0,60,4.320099833e-12,17.83110449,0,0,0,0,0,0.5093007335
depth_gentle,double,25000,1,0.1,1,fast,60,60,15,0,floor,0.05,False,0.5,0.2,0.1,0,dusk,1,625,0.07,0,0,0,1,159.3031937,12.85660226,0,0,0,0,0.007633387418,30,4.547473509e-13,50,0,0,0,0,0.25488511,0.3511279796
depth_gentle,double,25000,1,0.1,5,slow,60,60,15,0,floor,0.05,False,0.5,0.2,0.1,0,dusk,1,625,0.07,0,0,0,1,0,7.95077558,0,0,0,0,0,60,33.47061314,17.83110449,0,0,0,0,0,0.5093007335
depth_gentle,double,25000,1,0.1,5,fast,60,60,15,0,floor,0.05,False,0.5,0.2,0.1,0,dusk,1,625,0.07,0,0,0,1,159.3031937,12.85660226,0,0,0,0,0.007633387418,30,19.40186915,50,0,0,0,0,0.25488511,0.3511279796
depth_gentle,double,25000,1,0.3,0,slow,60,60,15,0,floor,0.05,False,0.5,0.2,0.1,0,dusk,1,1875,0.07331327315,0,0,0,1,183.1525936,21.14038946,0,0,0,0,0.0102225474,60,0,50,0,0,0,0,0.09768138323,0.4765343854
depth_gentle,double,25000,1,0.3,0,fast,60,60,15,0,floor,0.05,False,0.5,0.2,0.1,0,dusk,1,1875,0.07331327315,0,0,0,1,669.1849761,35.74685641,0,0,0,0,0.03204150873,30,0,50,0,0,0,0,0.3568986539,0.326181582
depth_gentle,double,25000,1,0.3,1,slow,60,60,15,0,floor,0.05,False,0.5,0.2,0.1,0,dusk,1,1875,0.07331327315,0,0,0,1,183.1525936,21.14038946,0,0,0,0,0.0102225474,60,7.50333129e-12,50,0,0,0,0,0.09768138323,0.4765343854
depth_gentle,double,25000,1,0.3,1,fast,60,60,15,0,floor,0.05,False,0.5,0.2,0.1,0,dusk,1,1875,0.07331327315,0,0,0,1,669.1849761,35.74685641,0,0,0,0,0.03204150873,30,9.094947018e-13,50,0,0,0,0,0.3568986539,0.326181582
depth_gentle,double,25000,1,0.3,5,slow,60,60,15,0,floor,0.05,False,0.5,0.2,0.1,0,dusk,1,1875,0.07331327315,0,0,0,1,183.1525936,21.14038946,0,0,0,0,0.0102225474,60,244.3695666,50,0,0,0,0,0.09768138323,0.4765343854
depth_gentle,double,25000,1,0.3,5,fast,60,60,15,0,floor,0.05,False,0.5,0.2,0.1,0,dusk,1,1875,0.07331327315,0,0,0,1,669.1849761,35.74685641,0,0,0,0,0.03204150873,30,147.1357695,50,0,0,0,0,0.3568986539,0.326181582
depth_gentle,double,25000,1,0.6,0,slow,60,60,15,0,floor,0.05,False,0.5,0.2,0.1,0,dusk,1,3750,0.07665663658,0,0,0,1,781.9892087,37.45736101,0,0,0,0,0.04294645146,60,0,50,0,0,0,0,0.2085304557,0.42832711
depth_gentle,double,25000,1,0.6,0,fast,60,60,15,0,floor,0.05,False,0.5,0.2,0.1,0,dusk,1,3750,0.07665663658,0,0,0,1,1549.602293,66.50714559,0,0,0,0,0.07517318713,40,0,50,0,0,0,0,0.413227278,0.2925368228
depth_gentle,double,25000,1,0.6,1,slow,60,60,15,0,floor,0.05,False,0.5,0.2,0.1,0,dusk,1,3750,0.07665663658,0,0,0,1,781.9892087,37.45736101,0,0,0,0,0.04294645146,60,5.456968211e-12,50,0,0,0,0,0.2085304557,0.42832711
depth_gentle,double,25000,1,0.6,1,fast,60,60,15,0,floor,0.05,False,0.5,0.2,0.1,0,dusk,1,3750,0.07665663658,0,0,0,1,1549.602293,66.50714559,0,0,0,0,0.07517318713,40,1.364242053e-12,50,0,0,0,0,0.413227278,0.2925368228
depth_gentle,double,25000,1,0.6,5,slow,60,60,15,0,floor,0.05,False,0.5,0.2,0.1,0,dusk,1,3750,0.07665663658,0,0,0,1,781.9892087,37.45736101,0,0,0,0,0.04294645146,60,761.8438803,50,0,0,0,0,0.2085304557,0.42832711
depth_gentle,double,25000,1,0.6,5,fast,60,60,15,0,floor,0.05,False,0.5,0.2,0.1,0,dusk,1,3750,0.07665663658,0,0,0,1,1549.602293,66.50714559,0,0,0,0,0.07517318713,40,490.0414205,50,0,0,0,0,0.413227278,0.2925368228
depth_gentle,double,25000,10,0.1,0,slow,60,60,15,0,floor,0.05,False,0.5,0.2,0.1,0,dusk,10,625,0.07,8,1,0,8,0,10.29587036,0.8922415556,0,0,0.8880581718,0,900,0,0.8199944591,1,0.242325566,0,0,0,0.4785294371
depth_gentle,double,25000,10,0.1,0,fast,60,60,15,0,floor,0.05,False,0.5,0.2,0.1,0,dusk,10,625,0.07,0,0,0,10,78.88007971,13.02432743,0,0,0,0,0.003725974673,30,0,125,0,0,0,0,0.1262081275,0.3337128841
depth_gentle,double,25000,10,0.1,1,slow,60,60,15,0,floor,0.05,False,0.5,0.2,0.1,0,dusk,10,625,0.07,18,0,0,0,0,5.306328975,2.448324455,0,0,0,0,0,0,0,10,205.5408726,0,1,0,0.5473116263
depth_gentle,double,25000,10,0.1,1,fast,60,60,15,0,floor,0.05,False,0.5,0.2,0.1,0,dusk,10,625,0.07,0,0,0,10,78.88007971,13.02432743,0,0,0,0,0.003725974673,30,22.59369573,125,0,0,0,0,0.1262081275,0.3337128841
depth_gentle,double,25000,10,0.1,5,slow,60,60,15,0,floor,0.05,False,0.5,0.2,0.1,0,dusk,10,625,0.07,18,0,0,0,0,5.306328975,3.634447882,0,0,0,0,0,0,0,10,205.5408726,0,1,0,0.5473116263
depth_gentle,double,25000,10,0.1,5,fast,60,60,15,0,floor,0.05,False,0.5,0.2,0.1,0,dusk,10,625,0.07,0,0,0,10,78.88007971,13.02432743,0,0,0,0,0.003725974673,30,24.69663692,125,0,0,0,0,0.1262081275,0.3337128841
depth_gentle,double,25000,10,0.3,0,slow,60,60,15,0,floor,0.05,False,0.5,0.2,0.1,0,dusk,10,1875,0.07,0,0,0,10,0,27.268817,0,0.4816435782,0,18.28912495,0,60,0,0,0,0,0,0,0,0.5167293976
depth_gentle,double,25000,10,0.3,0,fast,60,60,15,0,floor,0.05,False,0.5,0.2,0.1,0,dusk,10,1875,0.07,0,0,0,10,541.2204264,37.38493527,0,0,0,0,0.02727866705,30,0,125,0,0,0,0,0.2886508941,0.2928334182
depth_gentle,double,25000,10,0.3,1,slow,60,60,15,0,floor,0.05,False,0.5,0.2,0.1,0,dusk,10,1875,0.07,50,0,0,1,0,11.40057563,26.10304957,0.4816435782,0,3.75,0,60,3.410605132e-13,0,9,176.5479986,0,0,0,0.5299207921
depth_gentle,double,25000,10,0.3,1,fast,60,60,15,0,floor,0.05,False,0.5,0.2,0.1,0,dusk,10,1875,0.07,0,0,0,10,541.2204264,37.38493527,0,0,0,0,0.02727866705,30,199.9494102,125,0,0,0,0,0.2886508941,0.2928334182
depth_gentle,double,25000,10,0.3,5,slow,60,60,15,0,floor,0.05,False,0.5,0.2,0.1,0,dusk,10,1875,0.07,40,4,0,0,0,22.09717479,18.64812684,0,0,0.0403679555,0,3360,0,0.02779715436,6,107.7778266,0.06321420491,1,0,0.5439157904
depth_gentle,double,25000,10,0.3,5,fast,60,60,15,0,floor,0.05,False,0.5,0.2,0.1,0,dusk,10,1875,0.07,0,0,0,10,541.2204264,37.38493527,0,0,0,0,0.02727866705,30,218.8797442,125,0,0,0,0,0.2886508941,0.2928334182
depth_gentle,double,25000,10,0.6,0,slow,60,60,15,0,floor,0.05,False,0.5,0.2,0.1,0,dusk,5,1875,0.07,0,0,0,5,0,24.78506328,0,0,0,2.496831673,0,60,0,3.874470284,0,0,0,0,0,0.515270813
depth_gentle,double,25000,10,0.6,0,fast,60,60,15,0,floor,0.05,False,0.5,0.2,0.1,0,dusk,5,1875,0.07,0,0,0,5,539.3960033,37.44136072,0,0,0,0,0.02741533829,30,0,125,0,0,0,0,0.2876778684,0.302063006
depth_gentle,double,25000,10,0.6,1,slow,60,60,15,0,floor,0.05,False,0.5,0.2,0.1,0,dusk,5,1875,0.07,23,0,0,1,0,13.26364426,61.65135662,0,0,1.440638921,0,60,9.094947018e-13,0,4,103.3471264,0,0,0,0.5123527114
depth_gentle,double,25000,10,0.6,1,fast,60,60,15,0,floor,0.05,False,0.5,0.2,0.1,0,dusk,5,1875,0.07,0,0,0,5,539.3960033,37.44136072,0,0,0,0,0.02741533829,30,175.6516891,125,0,0,0,0,0.2876778684,0.302063006
depth_gentle,double,25000,10,0.6,5,slow,60,60,15,0,floor,0.05,False,0.5,0.2,0.1,0,dusk,5,1875,0.07,20,1,0,0,0,22.27532634,9.267640656,0,0,0.0358542015,0,3300,0,0,4,139.4790306,0,0,0,0.5479862855
depth_gentle,double,25000,10,0.6,5,fast,60,60,15,0,floor,0.05,False,0.5,0.2,0.1,0,dusk,5,1875,0.07,0,0,0,5,539.3960033,37.44136072,0,0,0,0,0.02741533829,30,212.8205996,125,0,0,0,0,0.2876778684,0.302063006
depth_gentle,double,100000,1,0.1,0,slow,60,60,15,0,floor,0.05,False,0.5,0.2,0.1,0,dusk,1,2500,0.07,0,0,0,1,0,31.80310232,0,0,0,0,0,60,0,71.32441794,0,0,0,0,0,0.5093007335
depth_gentle,double,100000,1,0.1,0,fast,60,60,15,0,floor,0.05,False,0.5,0.2,0.1,0,dusk,1,2500,0.07,0,0,0,1,637.2127749,51.42640902,0,0,0,0,0.007633387418,30,0,200,0,0,0,0,0.25488511,0.3511279796
depth_gentle,double,100000,1,0.1,1,slow,60,60,15,0,floor,0.05,False,0.5,0.2,0.1,0,dusk,1,2500,0.07,0,0,0,1,0,31.80310232,0,0,0,0,0,60,1.728039933e-11,71.32441794,0,0,0,0,0,0.5093007335
depth_gentle,double,100000,1,0.1,1,fast,60,60,15,0,floor,0.05,False,0.5,0.2,0.1,0,dusk,1,2500,0.07,0,0,0,1,637.2127749,51.42640902,0,0,0,0,0.007633387418,30,1.818989404e-12,200,0,0,0,0,0.25488511,0.3511279796
depth_gentle,double,100000,1,0.1,5,slow,60,60,15,0,floor,0.05,False,0.5,0.2,0.1,0,dusk,1,2500,0.07,0,0,0,1,0,31.80310232,0,0,0,0,0,60,133.8824525,71.32441794,0,0,0,0,0,0.5093007335
depth_gentle,double,100000,1,0.1,5,fast,60,60,15,0,floor,0.05,False,0.5,0.2,0.1,0,dusk,1,2500,0.07,0,0,0,1,637.2127749,51.42640902,0,0,0,0,0.007633387418,30,77.60747661,200,0,0,0,0,0.25488511,0.3511279796
depth_gentle,double,100000,1,0.3,0,slow,60,60,15,0,floor,0.05,False,0.5,0.2,0.1,0,dusk,1,7500,0.07331327315,0,0,0,1,732.6103742,84.56155785,0,0,0,0,0.0102225474,60,0,200,0,0,0,0,0.09768138323,0.4765343854
depth_gentle,double,100000,1,0.3,0,fast,60,60,15,0,floor,0.05,False,0.5,0.2,0.1,0,dusk,1,7500,0.07331327315,0,0,0,1,2676.739904,142.9874256,0,0,0,0,0.03204150873,30,0,200,0,0,0,0,0.3568986539,0.326181582
depth_gentle,double,100000,1,0.3,1,slow,60,60,15,0,floor,0.05,False,0.5,0.2,0.1,0,dusk,1,7500,0.07331327315,0,0,0,1,732.6103742,84.56155785,0,0,0,0,0.0102225474,60,3.001332516e-11,200,0,0,0,0,0.09768138323,0.4765343854
depth_gentle,double,100000,1,0.3,1,fast,60,60,15,0,floor,0.05,False,0.5,0.2,0.1,0,dusk,1,7500,0.07331327315,0,0,0,1,2676.739904,142.9874256,0,0,0,0,0.03204150873,30,3.637978807e-12,200,0,0,0,0,0.3568986539,0.326181582
depth_gentle,double,100000,1,0.3,5,slow,60,60,15,0,floor,0.05,False,0.5,0.2,0.1,0,dusk,1,7500,0.07331327315,0,0,0,1,732.6103742,84.56155785,0,0,0,0,0.0102225474,60,977.4782664,200,0,0,0,0,0.09768138323,0.4765343854
depth_gentle,double,100000,1,0.3,5,fast,60,60,15,0,floor,0.05,False,0.5,0.2,0.1,0,dusk,1,7500,0.07331327315,0,0,0,1,2676.739904,142.9874256,0,0,0,0,0.03204150873,30,588.5430779,200,0,0,0,0,0.3568986539,0.326181582
depth_gentle,double,100000,1,0.6,0,slow,60,60,15,0,floor,0.05,False,0.5,0.2,0.1,0,dusk,1,15000,0.07665663658,0,0,0,1,3127.956835,149.829444,0,0,0,0,0.04294645146,60,0,200,0,0,0,0,0.2085304557,0.42832711
depth_gentle,double,100000,1,0.6,0,fast,60,60,15,0,floor,0.05,False,0.5,0.2,0.1,0,dusk,1,15000,0.07665663658,0,0,0,1,6198.40917,266.0285824,0,0,0,0,0.07517318713,40,0,200,0,0,0,0,0.413227278,0.2925368228
depth_gentle,double,100000,1,0.6,1,slow,60,60,15,0,floor,0.05,False,0.5,0.2,0.1,0,dusk,1,15000,0.07665663658,0,0,0,1,3127.956835,149.829444,0,0,0,0,0.04294645146,60,2.182787284e-11,200,0,0,0,0,0.2085304557,0.42832711
depth_gentle,double,100000,1,0.6,1,fast,60,60,15,0,floor,0.05,False,0.5,0.2,0.1,0,dusk,1,15000,0.07665663658,0,0,0,1,6198.40917,266.0285824,0,0,0,0,0.07517318713,40,5.456968211e-12,200,0,0,0,0,0.413227278,0.2925368228
depth_gentle,double,100000,1,0.6,5,slow,60,60,15,0,floor,0.05,False,0.5,0.2,0.1,0,dusk,1,15000,0.07665663658,0,0,0,1,3127.956835,149.829444,0,0,0,0,0.04294645146,60,3047.375521,200,0,0,0,0,0.2085304557,0.42832711
depth_gentle,double,100000,1,0.6,5,fast,60,60,15,0,floor,0.05,False,0.5,0.2,0.1,0,dusk,1,15000,0.07665663658,0,0,0,1,6198.40917,266.0285824,0,0,0,0,0.07517318713,40,1960.165682,200,0,0,0,0,0.413227278,0.2925368228
depth_gentle,double,100000,10,0.1,0,slow,60,60,15,0,floor,0.05,False,0.5,0.2,0.1,0,dusk,10,2500,0.07,8,1,0,8,0,41.17440081,3.566453517,0,0,3.552232687,0,900,0,3.279977836,1,1.5332173,0,0,0,0.4785449287
depth_gentle,double,100000,10,0.1,0,fast,60,60,15,0,floor,0.05,False,0.5,0.2,0.1,0,dusk,10,2500,0.07,0,0,0,10,315.5203188,52.09730973,0,0,0,0,0.003725974673,30,0,500,0,0,0,0,0.1262081275,0.3337128841
depth_gentle,double,100000,10,0.1,1,slow,60,60,15,0,floor,0.05,False,0.5,0.2,0.1,0,dusk,10,2500,0.07,18,0,0,0,0,21.18610379,9.762334716,0,0,0,0,0,0,0,10,825.4327372,0,1,0,0.5473116263
depth_gentle,double,100000,10,0.1,1,fast,60,60,15,0,floor,0.05,False,0.5,0.2,0.1,0,dusk,10,2500,0.07,0,0,0,10,315.5203188,52.09730973,0,0,0,0,0.003725974673,30,90.37478291,500,0,0,0,0,0.1262081275,0.3337128841
depth_gentle,double,100000,10,0.1,5,slow,60,60,15,0,floor,0.05,False,0.5,0.2,0.1,0,dusk,10,2500,0.07,18,0,0,0,0,21.18610379,14.50570309,0,0,0,0,0,0,0,10,825.4327372,0,1,0,0.5473116263
depth_gentle,double,100000,10,0.1,5,fast,60,60,15,0,floor,0.05,False,0.5,0.2,0.1,0,dusk,10,2500,0.07,0,0,0,10,315.5203188,52.09730973,0,0,0,0,0.003725974673,30,98.78654768,500,0,0,0,0,0.1262081275,0.3337128841
depth_gentle,double,100000,10,0.3,0,slow,60,60,15,0,floor,0.05,False,0.5,0.2,0.1,0,dusk,10,7500,0.07,0,0,0,10,0,109.075268,0,1.926574313,0,73.15649978,0,60,0,0,0,0,0,0,0,0.5167293976
depth_gentle,double,100000,10,0.3,0,fast,60,60,15,0,floor,0.05,False,0.5,0.2,0.1,0,dusk,10,7500,0.07,0,0,0,10,2164.881706,149.5397411,0,0,0,0,0.02727866705,30,0,500,0,0,0,0,0.2886508941,0.2928334182
depth_gentle,double,100000,10,0.3,1,slow,60,60,15,0,floor,0.05,False,0.5,0.2,0.1,0,dusk,10,7500,0.07,54,0,0,1,0,45.57110629,104.335957,1.926574313,0,15,0,60,1.364242053e-12,0,9,706.5435136,0,0,0,0.5299207921
depth_gentle,double,100000,10,0.3,1,fast,60,60,15,0,floor,0.05,False,0.5,0.2,0.1,0,dusk,10,7500,0.07,0,0,0,10,2164.881706,149.5397411,0,0,0,0,0.02727866705,30,799.7976407,500,0,0,0,0,0.2886508941,0.2928334182
depth_gentle,double,100000,10,0.3,5,slow,60,60,15,0,floor,0.05,False,0.5,0.2,0.1,0,dusk,10,7500,0.07,48,2,0,0,0,88.03306207,73.92894832,0,0,0.02960056213,0,4020,0,0.007582762305,8,433.5932191,0.02214370977,1,0,0.5439157904
depth_gentle,double,100000,10,0.3,5,fast,60,60,15,0,floor,0.05,False,0.5,0.2,0.1,0,dusk,10,7500,0.07,0,0,0,10,2164.881706,149.5397411,0,0,0,0,0.02727866705,30,875.5189768,500,0,0,0,0,0.2886508941,0.2928334182
depth_gentle,double,100000,10,0.6,0,slow,60,60,15,0,floor,0.05,False,0.5,0.2,0.1,0,dusk,5,7500,0.07,0,0,0,5,0,99.14025313,0,0,0,9.987326693,0,60,0,15.49788114,0,0,0,0,0,0.515270813
depth_gentle,double,100000,10,0.6,0,fast,60,60,15,0,floor,0.05,False,0.5,0.2,0.1,0,dusk,5,7500,0.07,0,0,0,5,2157.584013,149.7654429,0,0,0,0,0.02741533829,30,0,500,0,0,0,0,0.2876778684,0.302063006
depth_gentle,double,100000,10,0.6,1,slow,60,60,15,0,floor,0.05,False,0.5,0.2,0.1,0,dusk,5,7500,0.07,23,0,0,1,0,53.05172794,246.5841349,0,0,5.762555684,0,60,3.637978807e-12,0,4,413.8747284,0,0,0,0.5123527114
depth_gentle,double,100000,10,0.6,1,fast,60,60,15,0,floor,0.05,False,0.5,0.2,0.1,0,dusk,5,7500,0.07,0,0,0,5,2157.584013,149.7654429,0,0,0,0,0.02741533829,30,702.6067564,500,0,0,0,0,0.2876778684,0.302063006
depth_gentle,double,100000,10,0.6,5,slow,60,60,15,0,floor,0.05,False,0.5,0.2,0.1,0,dusk,5,7500,0.07,23,0,0,0,0,89.07447772,37.04982677,0,0,0,0,0,0,0,5,558.7450183,0,0,0,0.5479862855
depth_gentle,double,100000,10,0.6,5,fast,60,60,15,0,floor,0.05,False,0.5,0.2,0.1,0,dusk,5,7500,0.07,0,0,0,5,2157.584013,149.7654429,0,0,0,0,0.02741533829,30,851.2823985,500,0,0,0,0,0.2876778684,0.302063006
depth_gentle,double,1000000,1,0.1,0,slow,60,60,15,0,floor,0.05,False,0.5,0.2,0.1,0,dusk,1,25000,0.07,0,0,0,1,0,318.0310232,0,0,0,0,0,60,0,713.2441794,0,0,0,0,0,0.5093007335
depth_gentle,double,1000000,1,0.1,0,fast,60,60,15,0,floor,0.05,False,0.5,0.2,0.1,0,dusk,1,25000,0.07,0,0,0,1,6372.127749,514.2640902,0,0,0,0,0.007633387418,30,0,2000,0,0,0,0,0.25488511,0.3511279796
depth_gentle,double,1000000,1,0.1,1,slow,60,60,15,0,floor,0.05,False,0.5,0.2,0.1,0,dusk,1,25000,0.07,0,0,0,1,0,318.0310232,0,0,0,0,0,60,1.637090463e-10,713.2441794,0,0,0,0,0,0.5093007335
depth_gentle,double,1000000,1,0.1,1,fast,60,60,15,0,floor,0.05,False,0.5,0.2,0.1,0,dusk,1,25000,0.07,0,0,0,1,6372.127749,514.2640902,0,0,0,0,0.007633387418,30,2.182787284e-11,2000,0,0,0,0,0.25488511,0.3511279796
depth_gentle,double,1000000,1,0.1,5,slow,60,60,15,0,floor,0.05,False,0.5,0.2,0.1,0,dusk,1,25000,0.07,0,0,0,1,0,318.0310232,0,0,0,0,0,60,1338.824525,713.2441794,0,0,0,0,0,0.5093007335
depth_gentle,double,1000000,1,0.1,5,fast,60,60,15,0,floor,0.05,False,0.5,0.2,0.1,0,dusk,1,25000,0.07,0,0,0,1,6372.127749,514.2640902,0,0,0,0,0.007633387418,30,776.0747661,2000,0,0,0,0,0.25488511,0.3511279796
depth_gentle,double,1000000,1,0.3,0,slow,60,60,15,0,floor,0.05,False,0.5,0.2,0.1,0,dusk,1,75000,0.07331327315,0,0,0,1,7326.103742,845.6155785,0,0,0,0,0.0102225474,60,0,2000,0,0,0,0,0.09768138323,0.4765343854
depth_gentle,double,1000000,1,0.3,0,fast,60,60,15,0,floor,0.05,False,0.5,0.2,0.1,0,dusk,1,75000,0.07331327315,0,0,0,1,26767.39904,1429.874256,0,0,0,0,0.03204150873,30,0,2000,0,0,0,0,0.3568986539,0.326181582
depth_gentle,double,1000000,1,0.3,1,slow,60,60,15,0,floor,0.05,False,0.5,0.2,0.1,0,dusk,1,75000,0.07331327315,0,0,0,1,7326.103742,845.6155785,0,0,0,0,0.0102225474,60,2.619344741e-10,2000,0,0,0,0,0.09768138323,0.4765343854
depth_gentle,double,1000000,1,0.3,1,fast,60,60,15,0,floor,0.05,False,0.5,0.2,0.1,0,dusk,1,75000,0.07331327315,0,0,0,1,26767.39904,1429.874256,0,0,0,0,0.03204150873,30,4.365574569e-11,2000,0,0,0,0,0.3568986539,0.326181582
depth_gentle,double,1000000,1,0.3,5,slow,60,60,15,0,floor,0.05,False,0.5,0.2,0.1,0,dusk,1,75000,0.07331327315,0,0,0,1,7326.103742,845.6155785,0,0,0,0,0.0102225474,60,9774.782664,2000,0,0,0,0,0.09768138323,0.4765343854
depth_gentle,double,1000000,1,0.3,5,fast,60,60,15,0,floor,0.05,False,0.5,0.2,0.1,0,dusk,1,75000,0.07331327315,0,0,0,1,26767.39904,1429.874256,0,0,0,0,0.03204150873,30,5885.430779,2000,0,0,0,0,0.3568986539,0.326181582
depth_gentle,double,1000000,1,0.6,0,slow,60,60,15,0,floor,0.05,False,0.5,0.2,0.1,0,dusk,1,150000,0.07665663658,0,0,0,1,31279.56835,1498.29444,0,0,0,0,0.04294645146,60,0,2000,0,0,0,0,0.2085304557,0.42832711
depth_gentle,double,1000000,1,0.6,0,fast,60,60,15,0,floor,0.05,False,0.5,0.2,0.1,0,dusk,1,150000,0.07665663658,0,0,0,1,61984.0917,2660.285824,0,0,0,0,0.07517318713,40,0,2000,0,0,0,0,0.413227278,0.2925368228
depth_gentle,double,1000000,1,0.6,1,slow,60,60,15,0,floor,0.05,False,0.5,0.2,0.1,0,dusk,1,150000,0.07665663658,0,0,0,1,31279.56835,1498.29444,0,0,0,0,0.04294645146,60,2.619344741e-10,2000,0,0,0,0,0.2085304557,0.42832711
depth_gentle,double,1000000,1,0.6,1,fast,60,60,15,0,floor,0.05,False,0.5,0.2,0.1,0,dusk,1,150000,0.07665663658,0,0,0,1,61984.0917,2660.285824,0,0,0,0,0.07517318713,40,5.820766091e-11,2000,0,0,0,0,0.413227278,0.2925368228
depth_gentle,double,1000000,1,0.6,5,slow,60,60,15,0,floor,0.05,False,0.5,0.2,0.1,0,dusk,1,150000,0.07665663658,0,0,0,1,31279.56835,1498.29444,0,0,0,0,0.04294645146,60,30473.75521,2000,0,0,0,0,0.2085304557,0.42832711
depth_gentle,double,1000000,1,0.6,5,fast,60,60,15,0,floor,0.05,False,0.5,0.2,0.1,0,dusk,1,150000,0.07665663658,0,0,0,1,61984.0917,2660.285824,0,0,0,0,0.07517318713,40,19601.65682,2000,0,0,0,0,0.413227278,0.2925368228
depth_gentle,double,1000000,10,0.1,0,slow,60,60,15,0,floor,0.05,False,0.5,0.2,0.1,0,dusk,10,25000,0.07,8,1,0,8,0,411.7440081,35.66453517,0,0,35.52232687,0,900,0,32.79977836,1,15.332173,0,0,0,0.4785449287
depth_gentle,double,1000000,10,0.1,0,fast,60,60,15,0,floor,0.05,False,0.5,0.2,0.1,0,dusk,10,25000,0.07,0,0,0,10,3155.203188,520.9730973,0,0,0,0,0.003725974673,30,0,5000,0,0,0,0,0.1262081275,0.3337128841
depth_gentle,double,1000000,10,0.1,1,slow,60,60,15,0,floor,0.05,False,0.5,0.2,0.1,0,dusk,10,25000,0.07,18,0,0,0,0,211.8610379,97.62334716,0,0,0,0,0,0,0,10,8254.327372,0,1,0,0.5473116263
depth_gentle,double,1000000,10,0.1,1,fast,60,60,15,0,floor,0.05,False,0.5,0.2,0.1,0,dusk,10,25000,0.07,0,0,0,10,3155.203188,520.9730973,0,0,0,0,0.003725974673,30,903.7478291,5000,0,0,0,0,0.1262081275,0.3337128841
depth_gentle,double,1000000,10,0.1,5,slow,60,60,15,0,floor,0.05,False,0.5,0.2,0.1,0,dusk,10,25000,0.07,18,0,0,0,0,211.8610379,145.0570309,0,0,0,0,0,0,0,10,8254.327372,0,1,0,0.5473116263
depth_gentle,double,1000000,10,0.1,5,fast,60,60,15,0,floor,0.05,False,0.5,0.2,0.1,0,dusk,10,25000,0.07,0,0,0,10,3155.203188,520.9730973,0,0,0,0,0.003725974673,30,987.8654768,5000,0,0,0,0,0.1262081275,0.3337128841
depth_gentle,double,1000000,10,0.3,0,slow,60,60,15,0,floor,0.05,False,0.5,0.2,0.1,0,dusk,10,75000,0.07,0,0,0,10,0,1090.75268,0,19.26574313,0,731.5649978,0,60,0,0,0,0,0,0,0,0.5167293976
depth_gentle,double,1000000,10,0.3,0,fast,60,60,15,0,floor,0.05,False,0.5,0.2,0.1,0,dusk,10,75000,0.07,0,0,0,10,21648.81706,1495.397411,0,0,0,0,0.02727866705,30,0,5000,0,0,0,0,0.2886508941,0.2928334182
depth_gentle,double,1000000,10,0.3,1,slow,60,60,15,0,floor,0.05,False,0.5,0.2,0.1,0,dusk,10,75000,0.07,54,0,0,1,0,455.6522877,1043.09857,19.26574313,0,150,0,60,1.546140993e-11,0,9,7075.209758,0,0,0,0.5299207921
depth_gentle,double,1000000,10,0.3,1,fast,60,60,15,0,floor,0.05,False,0.5,0.2,0.1,0,dusk,10,75000,0.07,0,0,0,10,21648.81706,1495.397411,0,0,0,0,0.02727866705,30,7997.976407,5000,0,0,0,0,0.2886508941,0.2928334182
depth_gentle,double,1000000,10,0.3,5,slow,60,60,15,0,floor,0.05,False,0.5,0.2,0.1,0,dusk,10,75000,0.07,54,0,0,0,0,879.534629,737.7066623,0,0,0,0,0,0,0,10,4347.049576,0,0,0,0.5439157904
depth_gentle,double,1000000,10,0.3,5,fast,60,60,15,0,floor,0.05,False,0.5,0.2,0.1,0,dusk,10,75000,0.07,0,0,0,10,21648.81706,1495.397411,0,0,0,0,0.02727866705,30,8755.189768,5000,0,0,0,0,0.2886508941,0.2928334182
depth_gentle,double,1000000,10,0.6,0,slow,60,60,15,0,floor,0.05,False,0.5,0.2,0.1,0,dusk,5,75000,0.07,0,0,0,5,0,991.4025313,0,0,0,99.87326693,0,60,0,154.9788114,0,0,0,0,0,0.515270813
depth_gentle,double,1000000,10,0.6,0,fast,60,60,15,0,floor,0.05,False,0.5,0.2,0.1,0,dusk,5,75000,0.07,0,0,0,5,21575.84013,1497.654429,0,0,0,0,0.02741533829,30,0,5000,0,0,0,0,0.2876778684,0.302063006
depth_gentle,double,1000000,10,0.6,1,slow,60,60,15,0,floor,0.05,False,0.5,0.2,0.1,0,dusk,5,75000,0.07,23,0,0,1,0,530.5172794,2465.841349,0,0,57.62555684,0,60,3.456079867e-11,0,4,4138.747284,0,0,0,0.5123527114
depth_gentle,double,1000000,10,0.6,1,fast,60,60,15,0,floor,0.05,False,0.5,0.2,0.1,0,dusk,5,75000,0.07,0,0,0,5,21575.84013,1497.654429,0,0,0,0,0.02741533829,30,7026.067564,5000,0,0,0,0,0.2876778684,0.302063006
depth_gentle,double,1000000,10,0.6,5,slow,60,60,15,0,floor,0.05,False,0.5,0.2,0.1,0,dusk,5,75000,0.07,25,0,0,0,0,890.7648818,370.6298113,0,0,0,0,0,0,0,5,5588.547237,0,0,0,0.5479789207
depth_gentle,double,1000000,10,0.6,5,fast,60,60,15,0,floor,0.05,False,0.5,0.2,0.1,0,dusk,5,75000,0.07,0,0,0,5,21575.84013,1497.654429,0,0,0,0,0.02741533829,30,8512.823985,5000,0,0,0,0,0.2876778684,0.302063006
depth_earlier,buffer,25000,1,0.1,0,slow,60,60,15,0,floor,0.05,False,0.5,0.2,0.1,0,dusk,1,625,0.1,0,0,0,1,0,7.293215714,0,0,0,4.066249017,0,60,0,0,0,0,0,0,0,0.5262857988
depth_earlier,buffer,25000,1,0.1,0,fast,60,60,15,0,floor,0.05,False,0.5,0.2,0.1,0,dusk,1,625,0.1,0,0,0,1,159.3031937,12.85660226,0,0,0,0,0.007633387418,40,0,50,0,0,0,0,0.25488511,0.3511279796
depth_earlier,buffer,25000,1,0.1,1,slow,60,60,15,0,floor,0.05,False,0.5,0.2,0.1,0,dusk,1,625,0.1,0,0,0,1,0,7.293215714,0,0,0,4.066249017,0,60,4.206412996e-12,0,0,0,0,0,0,0.5262857988
depth_earlier,buffer,25000,1,0.1,1,fast,60,60,15,0,floor,0.05,False,0.5,0.2,0.1,0,dusk,1,625,0.1,0,0,0,1,159.3031937,12.85660226,0,0,0,0,0.007633387418,40,4.547473509e-13,50,0,0,0,0,0.25488511,0.3511279796
depth_earlier,buffer,25000,1,0.1,5,slow,60,60,15,0,floor,0.05,False,0.5,0.2,0.1,0,dusk,1,625,0.1,2,0,0,0,0,5.948262857,1.066139282,0,0,0,0,0,0,0,1,120.7373979,0,0,0,0.5479862855
depth_earlier,buffer,25000,1,0.1,5,fast,60,60,15,0,floor,0.05,False,0.5,0.2,0.1,0,dusk,1,625,0.1,0,0,0,1,159.3031937,12.85660226,0,0,0,0,0.007633387418,40,19.40186915,50,0,0,0,0,0.25488511,0.3511279796
depth_earlier,buffer,25000,1,0.3,0,slow,60,60,15,0,floor,0.05,False,0.5,0.2,0.1,0,dusk,1,1875,0.1665663658,0,0,0,1,13.73682814,20.46850489,0,0,0,0,0.0008012124081,60,0,50,0,0,0,0,0.007326308342,0.530746715
depth_earlier,buffer,25000,1,0.3,0,fast,60,60,15,0,floor,0.05,False,0.5,0.2,0.1,0,dusk,1,1875,0.1665663658,0,0,0,1,635.9450805,36.77489442,0,0,0,0,0.03085217835,60,0,50,0,0,0,0,0.3391707096,0.3368976412
depth_earlier,buffer,25000,1,0.3,1,slow,60,60,15,0,floor,0.05,False,0.5,0.2,0.1,0,dusk,1,1875,0.1665663658,0,0,0,1,13.73682814,20.46850489,0,0,0,0,0.0008012124081,60,6.366462912e-12,50,0,0,0,0,0.007326308342,0.530746715
depth_earlier,buffer,25000,1,0.3,1,fast,60,60,15,0,floor,0.05,False,0.5,0.2,0.1,0,dusk,1,1875,0.1665663658,0,0,0,1,635.9450805,36.77489442,0,0,0,0,0.03085217835,60,9.094947018e-13,50,0,0,0,0,0.3391707096,0.3368976412
depth_earlier,buffer,25000,1,0.3,5,slow,60,60,15,0,floor,0.05,False,0.5,0.2,0.1,0,dusk,1,1875,0.1665663658,0,0,0,1,13.73682814,20.46850489,0,0,0,0,0.0008012124081,60,283.1497732,50,0,0,0,0,0.007326308342,0.530746715
depth_earlier,buffer,25000,1,0.3,5,fast,60,60,15,0,floor,0.05,False,0.5,0.2,0.1,0,dusk,1,1875,0.1665663658,0,0,0,1,635.9450805,36.77489442,0,0,0,0,0.03085217835,60,153.6173545,50,0,0,0,0,0.3391707096,0.3368976412
depth_earlier,buffer,25000,1,0.6,0,slow,60,60,15,0,floor,0.05,False,0.5,0.2,0.1,0,dusk,0,0,0,0,0,0,0,0,0,0,0,0,0,0,0,0,0,0,0,0,0,0,0.995
depth_earlier,buffer,25000,1,0.6,0,fast,60,60,15,0,floor,0.05,False,0.5,0.2,0.1,0,dusk,0,0,0,0,0,0,0,0,0,0,0,0,0,0,0,0,0,0,0,0,0,0,0.97
depth_earlier,buffer,25000,1,0.6,1,slow,60,60,15,0,floor,0.05,False,0.5,0.2,0.1,0,dusk,0,0,0,0,0,0,0,0,0,0,0,0,0,0,0,0,0,0,0,0,0,0,0.995
depth_earlier,buffer,25000,1,0.6,1,fast,60,60,15,0,floor,0.05,False,0.5,0.2,0.1,0,dusk,0,0,0,0,0,0,0,0,0,0,0,0,0,0,0,0,0,0,0,0,0,0,0.97
depth_earlier,buffer,25000,1,0.6,5,slow,60,60,15,0,floor,0.05,False,0.5,0.2,0.1,0,dusk,0,0,0,0,0,0,0,0,0,0,0,0,0,0,0,0,0,0,0,0,0,0,0.995
depth_earlier,buffer,25000,1,0.6,5,fast,60,60,15,0,floor,0.05,False,0.5,0.2,0.1,0,dusk,0,0,0,0,0,0,0,0,0,0,0,0,0,0,0,0,0,0,0,0,0,0,0.97
depth_earlier,buffer,25000,10,0.1,0,slow,60,60,15,0,floor,0.05,False,0.5,0.2,0.1,0,dusk,10,625,0.1,14,0,0,9,0,8.815596385,1.005429929,5.534238469,0,5.154957416,0,900,0,0,1,3.329509546,0,0,0,0.4784315376
depth_earlier,buffer,25000,10,0.1,0,fast,60,60,15,0,floor,0.05,False,0.5,0.2,0.1,0,dusk,10,625,0.1,0,0,0,10,78.88007971,13.02432743,0,0,0,0,0.003725974673,40,0,125,0,0,0,0,0.1262081275,0.3337128841
depth_earlier,buffer,25000,10,0.1,1,slow,60,60,15,0,floor,0.05,False,0.5,0.2,0.1,0,dusk,10,625,0.1,25,0,0,0,0,5.48532428,4.775076804,0,0,0,0,0,0,0,10,163.0200801,0,1,0,0.5436840596
depth_earlier,buffer,25000,10,0.1,1,fast,60,60,15,0,floor,0.05,False,0.5,0.2,0.1,0,dusk,10,625,0.1,0,0,0,10,78.88007971,13.02432743,0,0,0,0,0.003725974673,40,22.59369573,125,0,0,0,0,0.1262081275,0.3337128841
depth_earlier,buffer,25000,10,0.1,5,slow,60,60,15,0,floor,0.05,False,0.5,0.2,0.1,0,dusk,10,625,0.1,24,0,0,0,0,5.324509804,4.518812576,0,0,0,0,0,0,0,10,175.4941829,0,2,0,0.5464134628
depth_earlier,buffer,25000,10,0.1,5,fast,60,60,15,0,floor,0.05,False,0.5,0.2,0.1,0,dusk,10,625,0.1,0,0,0,10,78.88007971,13.02432743,0,0,0,0,0.003725974673,40,24.69663692,125,0,0,0,0,0.1262081275,0.3337128841
depth_earlier,buffer,25000,10,0.3,0,slow,60,60,15,0,floor,0.05,False,0.5,0.2,0.1,0,dusk,10,1875,0.1,0,0,0,10,0,25.82277444,0,43.72786522,0,37.5,0,60,0,0,0,0,0,0,0,0.5347069956
depth_earlier,buffer,25000,10,0.3,0,fast,60,60,15,0,floor,0.05,False,0.5,0.2,0.1,0,dusk,10,1875,0.1,0,0,0,10,541.2204264,37.38493527,0,0,0,0,0.02727866705,50,0,125,0,0,0,0,0.2886508941,0.2928334182
depth_earlier,buffer,25000,10,0.3,1,slow,60,60,15,0,floor,0.05,False,0.5,0.2,0.1,0,dusk,10,1875,0.1,55,0,0,1,0,13.47950362,24.64320365,7.176798313,0,3.75,0,60,7.389644452e-13,0,9,186.9122053,0,0,0,0.5282703469
depth_earlier,buffer,25000,10,0.3,1,fast,60,60,15,0,floor,0.05,False,0.5,0.2,0.1,0,dusk,10,1875,0.1,0,0,0,10,541.2204264,37.38493527,0,0,0,0,0.02727866705,50,199.9494102,125,0,0,0,0,0.2886508941,0.2928334182
depth_earlier,buffer,25000,10,0.3,5,slow,60,60,15,0,floor,0.05,False,0.5,0.2,0.1,0,dusk,10,1875,0.1,54,0,0,0,0,19.64032575,14.85046013,0.03183895281,0.1056812212,0,0,0,0,0,9,202.0054697,0,1,0,0.5445312895
depth_earlier,buffer,25000,10,0.3,5,fast,60,60,15,0,floor,0.05,False,0.5,0.2,0.1,0,dusk,10,1875,0.1,0,0,0,10,541.2204264,37.38493527,0,0,0,0,0.02727866705,50,218.8797442,125,0,0,0,0,0.2886508941,0.2928334182
depth_earlier,buffer,25000,10,0.6,0,slow,60,60,15,0,floor,0.05,False,0.5,0.2,0.1,0,dusk,5,1875,0.1,0,0,0,5,0,23.205119,0,26.59394689,0,37.5,0,60,0,0,0,0,0,0,0,0.5330330746
depth_earlier,buffer,25000,10,0.6,0,fast,60,60,15,0,floor,0.05,False,0.5,0.2,0.1,0,dusk,5,1875,0.1,0,0,0,5,539.3960033,37.44136072,0,0,0,0,0.02741533829,40,0,125,0,0,0,0,0.2876778684,0.302063006
depth_earlier,buffer,25000,10,0.6,1,slow,60,60,15,0,floor,0.05,False,0.5,0.2,0.1,0,dusk,5,1875,0.1,25,0,0,1,0,12.07428237,69.54437604,7.742913773,0,7.5,0,60,5.684341886e-13,0,4,121.352921,0,0,0,0.5117536688
depth_earlier,buffer,25000,10,0.6,1,fast,60,60,15,0,floor,0.05,False,0.5,0.2,0.1,0,dusk,5,1875,0.1,0,0,0,5,539.3960033,37.44136072,0,0,0,0,0.02741533829,40,175.6516891,125,0,0,0,0,0.2876778684,0.302063006
depth_earlier,buffer,25000,10,0.6,5,slow,60,60,15,0,floor,0.05,False,0.5,0.2,0.1,0,dusk,5,1875,0.1,26,1,0,0,0,19.38031537,10.68941765,0.089928123,0,0.03925982804,0,5460,0,0,4,233.2029882,0,0,0,0.5461236288
depth_earlier,buffer,25000,10,0.6,5,fast,60,60,15,0,floor,0.05,False,0.5,0.2,0.1,0,dusk,5,1875,0.1,0,0,0,5,539.3960033,37.44136072,0,0,0,0,0.02741533829,40,212.8205996,125,0,0,0,0,0.2876778684,0.302063006
depth_earlier,buffer,100000,1,0.1,0,slow,60,60,15,0,floor,0.05,False,0.5,0.2,0.1,0,dusk,1,2500,0.1,0,0,0,1,0,29.17286286,0,0,0,16.26499607,0,60,0,0,0,0,0,0,0,0.5262857988
depth_earlier,buffer,100000,1,0.1,0,fast,60,60,15,0,floor,0.05,False,0.5,0.2,0.1,0,dusk,1,2500,0.1,0,0,0,1,637.2127749,51.42640902,0,0,0,0,0.007633387418,40,0,200,0,0,0,0,0.25488511,0.3511279796
depth_earlier,buffer,100000,1,0.1,1,slow,60,60,15,0,floor,0.05,False,0.5,0.2,0.1,0,dusk,1,2500,0.1,0,0,0,1,0,29.17286286,0,0,0,16.26499607,0,60,1.682565198e-11,0,0,0,0,0,0,0.5262857988
depth_earlier,buffer,100000,1,0.1,1,fast,60,60,15,0,floor,0.05,False,0.5,0.2,0.1,0,dusk,1,2500,0.1,0,0,0,1,637.2127749,51.42640902,0,0,0,0,0.007633387418,40,1.818989404e-12,200,0,0,0,0,0.25488511,0.3511279796
depth_earlier,buffer,100000,1,0.1,5,slow,60,60,15,0,floor,0.05,False,0.5,0.2,0.1,0,dusk,1,2500,0.1,2,0,0,0,0,23.79305143,4.264557126,0,0,0,0,0,0,0,1,482.9495914,0,0,0,0.5479862855
depth_earlier,buffer,100000,1,0.1,5,fast,60,60,15,0,floor,0.05,False,0.5,0.2,0.1,0,dusk,1,2500,0.1,0,0,0,1,637.2127749,51.42640902,0,0,0,0,0.007633387418,40,77.60747661,200,0,0,0,0,0.25488511,0.3511279796
depth_earlier,buffer,100000,1,0.3,0,slow,60,60,15,0,floor,0.05,False,0.5,0.2,0.1,0,dusk,1,7500,0.1665663658,0,0,0,1,54.94731257,81.87401958,0,0,0,0,0.0008012124081,60,0,200,0,0,0,0,0.007326308342,0.530746715
depth_earlier,buffer,100000,1,0.3,0,fast,60,60,15,0,floor,0.05,False,0.5,0.2,0.1,0,dusk,1,7500,0.1665663658,0,0,0,1,2543.780322,147.0995777,0,0,0,0,0.03085217835,60,0,200,0,0,0,0,0.3391707096,0.3368976412
depth_earlier,buffer,100000,1,0.3,1,slow,60,60,15,0,floor,0.05,False,0.5,0.2,0.1,0,dusk,1,7500,0.1665663658,0,0,0,1,54.94731257,81.87401958,0,0,0,0,0.0008012124081,60,2.546585165e-11,200,0,0,0,0,0.007326308342,0.530746715
depth_earlier,buffer,100000,1,0.3,1,fast,60,60,15,0,floor,0.05,False,0.5,0.2,0.1,0,dusk,1,7500,0.1665663658,0,0,0,1,2543.780322,147.0995777,0,0,0,0,0.03085217835,60,3.637978807e-12,200,0,0,0,0,0.3391707096,0.3368976412
depth_earlier,buffer,100000,1,0.3,5,slow,60,60,15,0,floor,0.05,False,0.5,0.2,0.1,0,dusk,1,7500,0.1665663658,0,0,0,1,54.94731257,81.87401958,0,0,0,0,0.0008012124081,60,1132.599093,200,0,0,0,0,0.007326308342,0.530746715
depth_earlier,buffer,100000,1,0.3,5,fast,60,60,15,0,floor,0.05,False,0.5,0.2,0.1,0,dusk,1,7500,0.1665663658,0,0,0,1,2543.780322,147.0995777,0,0,0,0,0.03085217835,60,614.4694181,200,0,0,0,0,0.3391707096,0.3368976412
depth_earlier,buffer,100000,1,0.6,0,slow,60,60,15,0,floor,0.05,False,0.5,0.2,0.1,0,dusk,0,0,0,0,0,0,0,0,0,0,0,0,0,0,0,0,0,0,0,0,0,0,0.995
depth_earlier,buffer,100000,1,0.6,0,fast,60,60,15,0,floor,0.05,False,0.5,0.2,0.1,0,dusk,0,0,0,0,0,0,0,0,0,0,0,0,0,0,0,0,0,0,0,0,0,0,0.97
depth_earlier,buffer,100000,1,0.6,1,slow,60,60,15,0,floor,0.05,False,0.5,0.2,0.1,0,dusk,0,0,0,0,0,0,0,0,0,0,0,0,0,0,0,0,0,0,0,0,0,0,0.995
depth_earlier,buffer,100000,1,0.6,1,fast,60,60,15,0,floor,0.05,False,0.5,0.2,0.1,0,dusk,0,0,0,0,0,0,0,0,0,0,0,0,0,0,0,0,0,0,0,0,0,0,0.97
depth_earlier,buffer,100000,1,0.6,5,slow,60,60,15,0,floor,0.05,False,0.5,0.2,0.1,0,dusk,0,0,0,0,0,0,0,0,0,0,0,0,0,0,0,0,0,0,0,0,0,0,0.995
depth_earlier,buffer,100000,1,0.6,5,fast,60,60,15,0,floor,0.05,False,0.5,0.2,0.1,0,dusk,0,0,0,0,0,0,0,0,0,0,0,0,0,0,0,0,0,0,0,0,0,0,0.97
depth_earlier,buffer,100000,10,0.1,0,slow,60,60,15,0,floor,0.05,False,0.5,0.2,0.1,0,dusk,10,2500,0.1,14,0,0,9,0,35.26238554,4.021719717,22.13695388,0,20.61982966,0,900,0,0,1,13.31803818,0,0,0,0.4784315376
depth_earlier,buffer,100000,10,0.1,0,fast,60,60,15,0,floor,0.05,False,0.5,0.2,0.1,0,dusk,10,2500,0.1,0,0,0,10,315.5203188,52.09730973,0,0,0,0,0.003725974673,40,0,500,0,0,0,0,0.1262081275,0.3337128841
depth_earlier,buffer,100000,10,0.1,1,slow,60,60,15,0,floor,0.05,False,0.5,0.2,0.1,0,dusk,10,2500,0.1,25,0,0,0,0,21.80406227,18.82315153,0,0,0,0,0,0,0,10,657.4085781,0,1,0,0.5436840596
depth_earlier,buffer,100000,10,0.1,1,fast,60,60,15,0,floor,0.05,False,0.5,0.2,0.1,0,dusk,10,2500,0.1,0,0,0,10,315.5203188,52.09730973,0,0,0,0,0.003725974673,40,90.37478291,500,0,0,0,0,0.1262081275,0.3337128841
depth_earlier,buffer,100000,10,0.1,5,slow,60,60,15,0,floor,0.05,False,0.5,0.2,0.1,0,dusk,10,2500,0.1,24,0,0,0,0,21.29803921,18.0752503,0,0,0,0,0,0,0,10,701.9767316,0,2,0,0.5464134628
depth_earlier,buffer,100000,10,0.1,5,fast,60,60,15,0,floor,0.05,False,0.5,0.2,0.1,0,dusk,10,2500,0.1,0,0,0,10,315.5203188,52.09730973,0,0,0,0,0.003725974673,40,98.78654768,500,0,0,0,0,0.1262081275,0.3337128841
depth_earlier,buffer,100000,10,0.3,0,slow,60,60,15,0,floor,0.05,False,0.5,0.2,0.1,0,dusk,10,7500,0.1,0,0,0,10,0,103.2910977,0,174.9114609,0,150,0,60,0,0,0,0,0,0,0,0.5347069956
depth_earlier,buffer,100000,10,0.3,0,fast,60,60,15,0,floor,0.05,False,0.5,0.2,0.1,0,dusk,10,7500,0.1,0,0,0,10,2164.881706,149.5397411,0,0,0,0,0.02727866705,50,0,500,0,0,0,0,0.2886508941,0.2928334182
depth_earlier,buffer,100000,10,0.3,1,slow,60,60,15,0,floor,0.05,False,0.5,0.2,0.1,0,dusk,10,7500,0.1,59,0,0,1,0,53.87210923,98.41112414,28.70719325,0,15,0,60,2.955857781e-12,0,9,751.2073171,0,0,0,0.5282703469
depth_earlier,buffer,100000,10,0.3,1,fast,60,60,15,0,floor,0.05,False,0.5,0.2,0.1,0,dusk,10,7500,0.1,0,0,0,10,2164.881706,149.5397411,0,0,0,0,0.02727866705,50,799.7976407,500,0,0,0,0,0.2886508941,0.2928334182
depth_earlier,buffer,100000,10,0.3,5,slow,60,60,15,0,floor,0.05,False,0.5,0.2,0.1,0,dusk,10,7500,0.1,59,0,0,0,0,78.57945446,59.55989669,0,0,0,0,0,0,0,10,807.6699003,0,0,0,0.5445627862
depth_earlier,buffer,100000,10,0.3,5,fast,60,60,15,0,floor,0.05,False,0.5,0.2,0.1,0,dusk,10,7500,0.1,0,0,0,10,2164.881706,149.5397411,0,0,0,0,0.02727866705,50,875.5189768,500,0,0,0,0,0.2886508941,0.2928334182
depth_earlier,buffer,100000,10,0.6,0,slow,60,60,15,0,floor,0.05,False,0.5,0.2,0.1,0,dusk,5,7500,0.1,0,0,0,5,0,92.82047601,0,106.3757876,0,150,0,60,0,0,0,0,0,0,0,0.5330330746
depth_earlier,buffer,100000,10,0.6,0,fast,60,60,15,0,floor,0.05,False,0.5,0.2,0.1,0,dusk,5,7500,0.1,0,0,0,5,2157.584013,149.7654429,0,0,0,0,0.02741533829,40,0,500,0,0,0,0,0.2876778684,0.302063006
depth_earlier,buffer,100000,10,0.6,1,slow,60,60,15,0,floor,0.05,False,0.5,0.2,0.1,0,dusk,5,7500,0.1,25,0,0,1,0,48.29712948,278.1775042,30.97165509,0,30,0,60,2.273736754e-12,0,4,485.4116842,0,0,0,0.5117536688
depth_earlier,buffer,100000,10,0.6,1,fast,60,60,15,0,floor,0.05,False,0.5,0.2,0.1,0,dusk,5,7500,0.1,0,0,0,5,2157.584013,149.7654429,0,0,0,0,0.02741533829,40,702.6067564,500,0,0,0,0,0.2876778684,0.302063006
depth_earlier,buffer,100000,10,0.6,5,slow,60,60,15,0,floor,0.05,False,0.5,0.2,0.1,0,dusk,5,7500,0.1,28,0,0,0,0,77.47520267,42.70209769,0,0,0,0,0,0,0,5,935.975678,0,0,0,0.5461236288
depth_earlier,buffer,100000,10,0.6,5,fast,60,60,15,0,floor,0.05,False,0.5,0.2,0.1,0,dusk,5,7500,0.1,0,0,0,5,2157.584013,149.7654429,0,0,0,0,0.02741533829,40,851.2823985,500,0,0,0,0,0.2876778684,0.302063006
depth_earlier,buffer,1000000,1,0.1,0,slow,60,60,15,0,floor,0.05,False,0.5,0.2,0.1,0,dusk,1,25000,0.1,0,0,0,1,0,291.7286286,0,0,0,162.6499607,0,60,0,0,0,0,0,0,0,0.5262857988
depth_earlier,buffer,1000000,1,0.1,0,fast,60,60,15,0,floor,0.05,False,0.5,0.2,0.1,0,dusk,1,25000,0.1,0,0,0,1,6372.127749,514.2640902,0,0,0,0,0.007633387418,40,0,2000,0,0,0,0,0.25488511,0.3511279796
depth_earlier,buffer,1000000,1,0.1,1,slow,60,60,15,0,floor,0.05,False,0.5,0.2,0.1,0,dusk,1,25000,0.1,0,0,0,1,0,291.7286286,0,0,0,162.6499607,0,60,1.564330887e-10,0,0,0,0,0,0,0.5262857988
depth_earlier,buffer,1000000,1,0.1,1,fast,60,60,15,0,floor,0.05,False,0.5,0.2,0.1,0,dusk,1,25000,0.1,0,0,0,1,6372.127749,514.2640902,0,0,0,0,0.007633387418,40,2.182787284e-11,2000,0,0,0,0,0.25488511,0.3511279796
depth_earlier,buffer,1000000,1,0.1,5,slow,60,60,15,0,floor,0.05,False,0.5,0.2,0.1,0,dusk,1,25000,0.1,2,0,0,0,0,237.9305143,42.64557126,0,0,0,0,0,0,0,1,4829.495914,0,0,0,0.5479862855
depth_earlier,buffer,1000000,1,0.1,5,fast,60,60,15,0,floor,0.05,False,0.5,0.2,0.1,0,dusk,1,25000,0.1,0,0,0,1,6372.127749,514.2640902,0,0,0,0,0.007633387418,40,776.0747661,2000,0,0,0,0,0.25488511,0.3511279796
depth_earlier,buffer,1000000,1,0.3,0,slow,60,60,15,0,floor,0.05,False,0.5,0.2,0.1,0,dusk,1,75000,0.1665663658,0,0,0,1,549.4731257,818.7401958,0,0,0,0,0.0008012124081,60,0,2000,0,0,0,0,0.007326308342,0.530746715
depth_earlier,buffer,1000000,1,0.3,0,fast,60,60,15,0,floor,0.05,False,0.5,0.2,0.1,0,dusk,1,75000,0.1665663658,0,0,0,1,25437.80322,1470.995777,0,0,0,0,0.03085217835,60,0,2000,0,0,0,0,0.3391707096,0.3368976412
depth_earlier,buffer,1000000,1,0.3,1,slow,60,60,15,0,floor,0.05,False,0.5,0.2,0.1,0,dusk,1,75000,0.1665663658,0,0,0,1,549.4731257,818.7401958,0,0,0,0,0.0008012124081,60,2.328306437e-10,2000,0,0,0,0,0.007326308342,0.530746715
depth_earlier,buffer,1000000,1,0.3,1,fast,60,60,15,0,floor,0.05,False,0.5,0.2,0.1,0,dusk,1,75000,0.1665663658,0,0,0,1,25437.80322,1470.995777,0,0,0,0,0.03085217835,60,4.365574569e-11,2000,0,0,0,0,0.3391707096,0.3368976412
depth_earlier,buffer,1000000,1,0.3,5,slow,60,60,15,0,floor,0.05,False,0.5,0.2,0.1,0,dusk,1,75000,0.1665663658,0,0,0,1,549.4731257,818.7401958,0,0,0,0,0.0008012124081,60,11325.99093,2000,0,0,0,0,0.007326308342,0.530746715
depth_earlier,buffer,1000000,1,0.3,5,fast,60,60,15,0,floor,0.05,False,0.5,0.2,0.1,0,dusk,1,75000,0.1665663658,0,0,0,1,25437.80322,1470.995777,0,0,0,0,0.03085217835,60,6144.694181,2000,0,0,0,0,0.3391707096,0.3368976412
depth_earlier,buffer,1000000,1,0.6,0,slow,60,60,15,0,floor,0.05,False,0.5,0.2,0.1,0,dusk,0,0,0,0,0,0,0,0,0,0,0,0,0,0,0,0,0,0,0,0,0,0,0.995
depth_earlier,buffer,1000000,1,0.6,0,fast,60,60,15,0,floor,0.05,False,0.5,0.2,0.1,0,dusk,0,0,0,0,0,0,0,0,0,0,0,0,0,0,0,0,0,0,0,0,0,0,0.97
depth_earlier,buffer,1000000,1,0.6,1,slow,60,60,15,0,floor,0.05,False,0.5,0.2,0.1,0,dusk,0,0,0,0,0,0,0,0,0,0,0,0,0,0,0,0,0,0,0,0,0,0,0.995
depth_earlier,buffer,1000000,1,0.6,1,fast,60,60,15,0,floor,0.05,False,0.5,0.2,0.1,0,dusk,0,0,0,0,0,0,0,0,0,0,0,0,0,0,0,0,0,0,0,0,0,0,0.97
depth_earlier,buffer,1000000,1,0.6,5,slow,60,60,15,0,floor,0.05,False,0.5,0.2,0.1,0,dusk,0,0,0,0,0,0,0,0,0,0,0,0,0,0,0,0,0,0,0,0,0,0,0.995
depth_earlier,buffer,1000000,1,0.6,5,fast,60,60,15,0,floor,0.05,False,0.5,0.2,0.1,0,dusk,0,0,0,0,0,0,0,0,0,0,0,0,0,0,0,0,0,0,0,0,0,0,0.97
depth_earlier,buffer,1000000,10,0.1,0,slow,60,60,15,0,floor,0.05,False,0.5,0.2,0.1,0,dusk,10,25000,0.1,14,0,0,9,0,352.6238554,40.21719717,221.3695388,0,206.1982966,0,900,0,0,1,133.1803818,0,0,0,0.4784315376
depth_earlier,buffer,1000000,10,0.1,0,fast,60,60,15,0,floor,0.05,False,0.5,0.2,0.1,0,dusk,10,25000,0.1,0,0,0,10,3155.203188,520.9730973,0,0,0,0,0.003725974673,40,0,5000,0,0,0,0,0.1262081275,0.3337128841
depth_earlier,buffer,1000000,10,0.1,1,slow,60,60,15,0,floor,0.05,False,0.5,0.2,0.1,0,dusk,10,25000,0.1,25,0,0,0,0,218.0406227,188.2315153,0,0,0,0,0,0,0,10,6574.085781,0,1,0,0.5436840596
depth_earlier,buffer,1000000,10,0.1,1,fast,60,60,15,0,floor,0.05,False,0.5,0.2,0.1,0,dusk,10,25000,0.1,0,0,0,10,3155.203188,520.9730973,0,0,0,0,0.003725974673,40,903.7478291,5000,0,0,0,0,0.1262081275,0.3337128841
depth_earlier,buffer,1000000,10,0.1,5,slow,60,60,15,0,floor,0.05,False,0.5,0.2,0.1,0,dusk,10,25000,0.1,24,0,0,0,0,212.9803921,180.752503,0,0,0,0,0,0,0,10,7019.767316,0,2,0,0.5464134628
depth_earlier,buffer,1000000,10,0.1,5,fast,60,60,15,0,floor,0.05,False,0.5,0.2,0.1,0,dusk,10,25000,0.1,0,0,0,10,3155.203188,520.9730973,0,0,0,0,0.003725974673,40,987.8654768,5000,0,0,0,0,0.1262081275,0.3337128841
depth_earlier,buffer,1000000,10,0.3,0,slow,60,60,15,0,floor,0.05,False,0.5,0.2,0.1,0,dusk,10,75000,0.1,0,0,0,10,0,1032.910977,0,1749.114609,0,1500,0,60,0,0,0,0,0,0,0,0.5347069956
depth_earlier,buffer,1000000,10,0.3,0,fast,60,60,15,0,floor,0.05,False,0.5,0.2,0.1,0,dusk,10,75000,0.1,0,0,0,10,21648.81706,1495.397411,0,0,0,0,0.02727866705,50,0,5000,0,0,0,0,0.2886508941,0.2928334182
depth_earlier,buffer,1000000,10,0.3,1,slow,60,60,15,0,floor,0.05,False,0.5,0.2,0.1,0,dusk,10,75000,0.1,60,0,0,1,0,538.6957863,984.0293553,287.0719325,0,150,0,60,2.455635695e-11,0,9,7516.358758,0,0,0,0.5282703469
depth_earlier,buffer,1000000,10,0.3,1,fast,60,60,15,0,floor,0.05,False,0.5,0.2,0.1,0,dusk,10,75000,0.1,0,0,0,10,21648.81706,1495.397411,0,0,0,0,0.02727866705,50,7997.976407,5000,0,0,0,0,0.2886508941,0.2928334182
depth_earlier,buffer,1000000,10,0.3,5,slow,60,60,15,0,floor,0.05,False,0.5,0.2,0.1,0,dusk,10,75000,0.1,59,0,0,0,0,785.5980871,595.3511446,0,0,0,0,0,0,0,10,8093.1151,0,0,0,0.5445627862
depth_earlier,buffer,1000000,10,0.3,5,fast,60,60,15,0,floor,0.05,False,0.5,0.2,0.1,0,dusk,10,75000,0.1,0,0,0,10,21648.81706,1495.397411,0,0,0,0,0.02727866705,50,8755.189768,5000,0,0,0,0,0.2886508941,0.2928334182
depth_earlier,buffer,1000000,10,0.6,0,slow,60,60,15,0,floor,0.05,False,0.5,0.2,0.1,0,dusk,5,75000,0.1,0,0,0,5,0,928.2047601,0,1063.757876,0,1500,0,60,0,0,0,0,0,0,0,0.5330330746
depth_earlier,buffer,1000000,10,0.6,0,fast,60,60,15,0,floor,0.05,False,0.5,0.2,0.1,0,dusk,5,75000,0.1,0,0,0,5,21575.84013,1497.654429,0,0,0,0,0.02741533829,40,0,5000,0,0,0,0,0.2876778684,0.302063006
depth_earlier,buffer,1000000,10,0.6,1,slow,60,60,15,0,floor,0.05,False,0.5,0.2,0.1,0,dusk,5,75000,0.1,25,0,0,1,0,482.9712948,2781.775042,309.7165509,0,300,0,60,3.092281986e-11,0,4,4854.116842,0,0,0,0.5117536688
depth_earlier,buffer,1000000,10,0.6,1,fast,60,60,15,0,floor,0.05,False,0.5,0.2,0.1,0,dusk,5,75000,0.1,0,0,0,5,21575.84013,1497.654429,0,0,0,0,0.02741533829,40,7026.067564,5000,0,0,0,0,0.2876778684,0.302063006
depth_earlier,buffer,1000000,10,0.6,5,slow,60,60,15,0,floor,0.05,False,0.5,0.2,0.1,0,dusk,5,75000,0.1,28,0,0,0,0,774.7520267,427.0209769,0,0,0,0,0,0,0,5,9359.75678,0,0,0,0.5461236288
depth_earlier,buffer,1000000,10,0.6,5,fast,60,60,15,0,floor,0.05,False,0.5,0.2,0.1,0,dusk,5,75000,0.1,0,0,0,5,21575.84013,1497.654429,0,0,0,0,0.02741533829,40,8512.823985,5000,0,0,0,0,0.2876778684,0.302063006
depth_earlier,double,25000,1,0.1,0,slow,60,60,15,0,floor,0.05,False,0.5,0.2,0.1,0,dusk,1,625,0.1,0,0,0,1,0,7.293215714,0,0,0,4.066249017,0,60,0,0,0,0,0,0,0,0.5262857988
depth_earlier,double,25000,1,0.1,0,fast,60,60,15,0,floor,0.05,False,0.5,0.2,0.1,0,dusk,1,625,0.1,0,0,0,1,159.3031937,12.85660226,0,0,0,0,0.007633387418,40,0,50,0,0,0,0,0.25488511,0.3511279796
depth_earlier,double,25000,1,0.1,1,slow,60,60,15,0,floor,0.05,False,0.5,0.2,0.1,0,dusk,1,625,0.1,0,0,0,1,0,7.293215714,0,0,0,4.066249017,0,60,4.206412996e-12,0,0,0,0,0,0,0.5262857988
depth_earlier,double,25000,1,0.1,1,fast,60,60,15,0,floor,0.05,False,0.5,0.2,0.1,0,dusk,1,625,0.1,0,0,0,1,159.3031937,12.85660226,0,0,0,0,0.007633387418,40,4.547473509e-13,50,0,0,0,0,0.25488511,0.3511279796
depth_earlier,double,25000,1,0.1,5,slow,60,60,15,0,floor,0.05,False,0.5,0.2,0.1,0,dusk,1,625,0.1,2,0,0,0,0,5.948262857,1.066139282,0,0,0,0,0,0,0,1,120.7373979,0,0,0,0.5479862855
depth_earlier,double,25000,1,0.1,5,fast,60,60,15,0,floor,0.05,False,0.5,0.2,0.1,0,dusk,1,625,0.1,0,0,0,1,159.3031937,12.85660226,0,0,0,0,0.007633387418,40,19.40186915,50,0,0,0,0,0.25488511,0.3511279796
depth_earlier,double,25000,1,0.3,0,slow,60,60,15,0,floor,0.05,False,0.5,0.2,0.1,0,dusk,1,1875,0.1665663658,0,0,0,1,13.73682814,20.46850489,0,0,0,0,0.0008012124081,60,0,50,0,0,0,0,0.007326308342,0.530746715
depth_earlier,double,25000,1,0.3,0,fast,60,60,15,0,floor,0.05,False,0.5,0.2,0.1,0,dusk,1,1875,0.1665663658,0,0,0,1,635.9450805,36.77489442,0,0,0,0,0.03085217835,60,0,50,0,0,0,0,0.3391707096,0.3368976412
depth_earlier,double,25000,1,0.3,1,slow,60,60,15,0,floor,0.05,False,0.5,0.2,0.1,0,dusk,1,1875,0.1665663658,0,0,0,1,13.73682814,20.46850489,0,0,0,0,0.0008012124081,60,6.366462912e-12,50,0,0,0,0,0.007326308342,0.530746715
depth_earlier,double,25000,1,0.3,1,fast,60,60,15,0,floor,0.05,False,0.5,0.2,0.1,0,dusk,1,1875,0.1665663658,0,0,0,1,635.9450805,36.77489442,0,0,0,0,0.03085217835,60,9.094947018e-13,50,0,0,0,0,0.3391707096,0.3368976412
depth_earlier,double,25000,1,0.3,5,slow,60,60,15,0,floor,0.05,False,0.5,0.2,0.1,0,dusk,1,1875,0.1665663658,0,0,0,1,13.73682814,20.46850489,0,0,0,0,0.0008012124081,60,283.1497732,50,0,0,0,0,0.007326308342,0.530746715
depth_earlier,double,25000,1,0.3,5,fast,60,60,15,0,floor,0.05,False,0.5,0.2,0.1,0,dusk,1,1875,0.1665663658,0,0,0,1,635.9450805,36.77489442,0,0,0,0,0.03085217835,60,153.6173545,50,0,0,0,0,0.3391707096,0.3368976412
depth_earlier,double,25000,1,0.6,0,slow,60,60,15,0,floor,0.05,False,0.5,0.2,0.1,0,dusk,0,0,0,0,0,0,0,0,0,0,0,0,0,0,0,0,0,0,0,0,0,0,0.995
depth_earlier,double,25000,1,0.6,0,fast,60,60,15,0,floor,0.05,False,0.5,0.2,0.1,0,dusk,0,0,0,0,0,0,0,0,0,0,0,0,0,0,0,0,0,0,0,0,0,0,0.97
depth_earlier,double,25000,1,0.6,1,slow,60,60,15,0,floor,0.05,False,0.5,0.2,0.1,0,dusk,0,0,0,0,0,0,0,0,0,0,0,0,0,0,0,0,0,0,0,0,0,0,0.995
depth_earlier,double,25000,1,0.6,1,fast,60,60,15,0,floor,0.05,False,0.5,0.2,0.1,0,dusk,0,0,0,0,0,0,0,0,0,0,0,0,0,0,0,0,0,0,0,0,0,0,0.97
depth_earlier,double,25000,1,0.6,5,slow,60,60,15,0,floor,0.05,False,0.5,0.2,0.1,0,dusk,0,0,0,0,0,0,0,0,0,0,0,0,0,0,0,0,0,0,0,0,0,0,0.995
depth_earlier,double,25000,1,0.6,5,fast,60,60,15,0,floor,0.05,False,0.5,0.2,0.1,0,dusk,0,0,0,0,0,0,0,0,0,0,0,0,0,0,0,0,0,0,0,0,0,0,0.97
depth_earlier,double,25000,10,0.1,0,slow,60,60,15,0,floor,0.05,False,0.5,0.2,0.1,0,dusk,10,625,0.1,14,0,0,9,0,8.815596385,1.005429929,5.534238469,0,5.154957416,0,900,0,0,1,3.329509546,0,0,0,0.4784315376
depth_earlier,double,25000,10,0.1,0,fast,60,60,15,0,floor,0.05,False,0.5,0.2,0.1,0,dusk,10,625,0.1,0,0,0,10,78.88007971,13.02432743,0,0,0,0,0.003725974673,40,0,125,0,0,0,0,0.1262081275,0.3337128841
depth_earlier,double,25000,10,0.1,1,slow,60,60,15,0,floor,0.05,False,0.5,0.2,0.1,0,dusk,10,625,0.1,25,0,0,0,0,5.48532428,4.775076804,0,0,0,0,0,0,0,10,163.0200801,0,1,0,0.5436840596
depth_earlier,double,25000,10,0.1,1,fast,60,60,15,0,floor,0.05,False,0.5,0.2,0.1,0,dusk,10,625,0.1,0,0,0,10,78.88007971,13.02432743,0,0,0,0,0.003725974673,40,22.59369573,125,0,0,0,0,0.1262081275,0.3337128841
depth_earlier,double,25000,10,0.1,5,slow,60,60,15,0,floor,0.05,False,0.5,0.2,0.1,0,dusk,10,625,0.1,24,0,0,0,0,5.324509804,4.518812576,0,0,0,0,0,0,0,10,175.4941829,0,2,0,0.5464134628
depth_earlier,double,25000,10,0.1,5,fast,60,60,15,0,floor,0.05,False,0.5,0.2,0.1,0,dusk,10,625,0.1,0,0,0,10,78.88007971,13.02432743,0,0,0,0,0.003725974673,40,24.69663692,125,0,0,0,0,0.1262081275,0.3337128841
depth_earlier,double,25000,10,0.3,0,slow,60,60,15,0,floor,0.05,False,0.5,0.2,0.1,0,dusk,9,1687.5,0.1,0,0,0,9,0,22.80254983,0,41.63910179,0,33.75,0,60,0,0,0,0,0,0,0,0.5339525871
depth_earlier,double,25000,10,0.3,0,fast,60,60,15,0,floor,0.05,False,0.5,0.2,0.1,0,dusk,9,1687.5,0.1,0,0,0,9,469.6941656,33.79811859,0,0,0,0,0.02345621716,40,0,125,0,0,0,0,0.2783372833,0.2944329609
depth_earlier,double,25000,10,0.3,1,slow,60,60,15,0,floor,0.05,False,0.5,0.2,0.1,0,dusk,9,1687.5,0.1,47,0,0,1,0,11.30322787,23.27432322,7.176798313,0,3.75,0,60,7.389644452e-13,0,8,186.0970877,0,0,0,0.5282703469
depth_earlier,double,25000,10,0.3,1,fast,60,60,15,0,floor,0.05,False,0.5,0.2,0.1,0,dusk,9,1687.5,0.1,0,0,0,9,469.6941656,33.79811859,0,0,0,0,0.02345621716,40,160.8905806,125,0,0,0,0,0.2783372833,0.2944329609
depth_earlier,double,25000,10,0.3,5,slow,60,60,15,0,floor,0.05,False,0.5,0.2,0.1,0,dusk,9,1687.5,0.1,45,0,0,0,0,17.44498535,12.47824769,0,0,0,0,0,0,0,9,196.4291005,0,1,0,0.5436940607
depth_earlier,double,25000,10,0.3,5,fast,60,60,15,0,floor,0.05,False,0.5,0.2,0.1,0,dusk,9,1687.5,0.1,0,0,0,9,469.6941656,33.79811859,0,0,0,0,0.02345621716,40,177.8510765,125,0,0,0,0,0.2783372833,0.2944329609
depth_earlier,double,25000,10,0.6,0,slow,60,60,15,0,floor,0.05,False,0.5,0.2,0.1,0,dusk,4,1500,0.1,0,0,0,4,0,18.59831488,0,19.93045291,0,30,0,60,0,0,0,0,0,0,0,0.5320435029
depth_earlier,double,25000,10,0.6,0,fast,60,60,15,0,floor,0.05,False,0.5,0.2,0.1,0,dusk,4,1500,0.1,0,0,0,4,405.9339602,29.97111463,0,0,0,0,0.02022812887,40,0,125,0,0,0,0,0.2706226401,0.3054695971
depth_earlier,double,25000,10,0.6,1,slow,60,60,15,0,floor,0.05,False,0.5,0.2,0.1,0,dusk,4,1500,0.1,16,0,0,1,0,10.1675858,54.1944299,7.74479603,0,7.5,0,60,1.193711796e-12,0,3,115.8119941,0,0,0,0.5100298249
depth_earlier,double,25000,10,0.6,1,fast,60,60,15,0,floor,0.05,False,0.5,0.2,0.1,0,dusk,4,1500,0.1,0,0,0,4,405.9339602,29.97111463,0,0,0,0,0.02022812887,40,105.8786135,125,0,0,0,0,0.2706226401,0.3054695971
depth_earlier,double,25000,10,0.6,5,slow,60,60,15,0,floor,0.05,False,0.5,0.2,0.1,0,dusk,4,1500,0.1,18,0,0,0,0,15.2980641,8.55344637,0,0,0,0,0,0,0,4,213.7288887,0,1,0,0.5453736116
depth_earlier,double,25000,10,0.6,5,fast,60,60,15,0,floor,0.05,False,0.5,0.2,0.1,0,dusk,4,1500,0.1,0,0,0,4,405.9339602,29.97111463,0,0,0,0,0.02022812887,40,134.9510281,125,0,0,0,0,0.2706226401,0.3054695971
depth_earlier,double,100000,1,0.1,0,slow,60,60,15,0,floor,0.05,False,0.5,0.2,0.1,0,dusk,1,2500,0.1,0,0,0,1,0,29.17286286,0,0,0,16.26499607,0,60,0,0,0,0,0,0,0,0.5262857988
depth_earlier,double,100000,1,0.1,0,fast,60,60,15,0,floor,0.05,False,0.5,0.2,0.1,0,dusk,1,2500,0.1,0,0,0,1,637.2127749,51.42640902,0,0,0,0,0.007633387418,40,0,200,0,0,0,0,0.25488511,0.3511279796
depth_earlier,double,100000,1,0.1,1,slow,60,60,15,0,floor,0.05,False,0.5,0.2,0.1,0,dusk,1,2500,0.1,0,0,0,1,0,29.17286286,0,0,0,16.26499607,0,60,1.682565198e-11,0,0,0,0,0,0,0.5262857988
depth_earlier,double,100000,1,0.1,1,fast,60,60,15,0,floor,0.05,False,0.5,0.2,0.1,0,dusk,1,2500,0.1,0,0,0,1,637.2127749,51.42640902,0,0,0,0,0.007633387418,40,1.818989404e-12,200,0,0,0,0,0.25488511,0.3511279796
depth_earlier,double,100000,1,0.1,5,slow,60,60,15,0,floor,0.05,False,0.5,0.2,0.1,0,dusk,1,2500,0.1,2,0,0,0,0,23.79305143,4.264557126,0,0,0,0,0,0,0,1,482.9495914,0,0,0,0.5479862855
depth_earlier,double,100000,1,0.1,5,fast,60,60,15,0,floor,0.05,False,0.5,0.2,0.1,0,dusk,1,2500,0.1,0,0,0,1,637.2127749,51.42640902,0,0,0,0,0.007633387418,40,77.60747661,200,0,0,0,0,0.25488511,0.3511279796
depth_earlier,double,100000,1,0.3,0,slow,60,60,15,0,floor,0.05,False,0.5,0.2,0.1,0,dusk,1,7500,0.1665663658,0,0,0,1,54.94731257,81.87401958,0,0,0,0,0.0008012124081,60,0,200,0,0,0,0,0.007326308342,0.530746715
depth_earlier,double,100000,1,0.3,0,fast,60,60,15,0,floor,0.05,False,0.5,0.2,0.1,0,dusk,1,7500,0.1665663658,0,0,0,1,2543.780322,147.0995777,0,0,0,0,0.03085217835,60,0,200,0,0,0,0,0.3391707096,0.3368976412
depth_earlier,double,100000,1,0.3,1,slow,60,60,15,0,floor,0.05,False,0.5,0.2,0.1,0,dusk,1,7500,0.1665663658,0,0,0,1,54.94731257,81.87401958,0,0,0,0,0.0008012124081,60,2.546585165e-11,200,0,0,0,0,0.007326308342,0.530746715
depth_earlier,double,100000,1,0.3,1,fast,60,60,15,0,floor,0.05,False,0.5,0.2,0.1,0,dusk,1,7500,0.1665663658,0,0,0,1,2543.780322,147.0995777,0,0,0,0,0.03085217835,60,3.637978807e-12,200,0,0,0,0,0.3391707096,0.3368976412
depth_earlier,double,100000,1,0.3,5,slow,60,60,15,0,floor,0.05,False,0.5,0.2,0.1,0,dusk,1,7500,0.1665663658,0,0,0,1,54.94731257,81.87401958,0,0,0,0,0.0008012124081,60,1132.599093,200,0,0,0,0,0.007326308342,0.530746715
depth_earlier,double,100000,1,0.3,5,fast,60,60,15,0,floor,0.05,False,0.5,0.2,0.1,0,dusk,1,7500,0.1665663658,0,0,0,1,2543.780322,147.0995777,0,0,0,0,0.03085217835,60,614.4694181,200,0,0,0,0,0.3391707096,0.3368976412
depth_earlier,double,100000,1,0.6,0,slow,60,60,15,0,floor,0.05,False,0.5,0.2,0.1,0,dusk,0,0,0,0,0,0,0,0,0,0,0,0,0,0,0,0,0,0,0,0,0,0,0.995
depth_earlier,double,100000,1,0.6,0,fast,60,60,15,0,floor,0.05,False,0.5,0.2,0.1,0,dusk,0,0,0,0,0,0,0,0,0,0,0,0,0,0,0,0,0,0,0,0,0,0,0.97
depth_earlier,double,100000,1,0.6,1,slow,60,60,15,0,floor,0.05,False,0.5,0.2,0.1,0,dusk,0,0,0,0,0,0,0,0,0,0,0,0,0,0,0,0,0,0,0,0,0,0,0.995
depth_earlier,double,100000,1,0.6,1,fast,60,60,15,0,floor,0.05,False,0.5,0.2,0.1,0,dusk,0,0,0,0,0,0,0,0,0,0,0,0,0,0,0,0,0,0,0,0,0,0,0.97
depth_earlier,double,100000,1,0.6,5,slow,60,60,15,0,floor,0.05,False,0.5,0.2,0.1,0,dusk,0,0,0,0,0,0,0,0,0,0,0,0,0,0,0,0,0,0,0,0,0,0,0.995
depth_earlier,double,100000,1,0.6,5,fast,60,60,15,0,floor,0.05,False,0.5,0.2,0.1,0,dusk,0,0,0,0,0,0,0,0,0,0,0,0,0,0,0,0,0,0,0,0,0,0,0.97
depth_earlier,double,100000,10,0.1,0,slow,60,60,15,0,floor,0.05,False,0.5,0.2,0.1,0,dusk,10,2500,0.1,14,0,0,9,0,35.26238554,4.021719717,22.13695388,0,20.61982966,0,900,0,0,1,13.31803818,0,0,0,0.4784315376
depth_earlier,double,100000,10,0.1,0,fast,60,60,15,0,floor,0.05,False,0.5,0.2,0.1,0,dusk,10,2500,0.1,0,0,0,10,315.5203188,52.09730973,0,0,0,0,0.003725974673,40,0,500,0,0,0,0,0.1262081275,0.3337128841
depth_earlier,double,100000,10,0.1,1,slow,60,60,15,0,floor,0.05,False,0.5,0.2,0.1,0,dusk,10,2500,0.1,25,0,0,0,0,21.80406227,18.82315153,0,0,0,0,0,0,0,10,657.4085781,0,1,0,0.5436840596
depth_earlier,double,100000,10,0.1,1,fast,60,60,15,0,floor,0.05,False,0.5,0.2,0.1,0,dusk,10,2500,0.1,0,0,0,10,315.5203188,52.09730973,0,0,0,0,0.003725974673,40,90.37478291,500,0,0,0,0,0.1262081275,0.3337128841
depth_earlier,double,100000,10,0.1,5,slow,60,60,15,0,floor,0.05,False,0.5,0.2,0.1,0,dusk,10,2500,0.1,24,0,0,0,0,21.29803921,18.0752503,0,0,0,0,0,0,0,10,701.9767316,0,2,0,0.5464134628
depth_earlier,double,100000,10,0.1,5,fast,60,60,15,0,floor,0.05,False,0.5,0.2,0.1,0,dusk,10,2500,0.1,0,0,0,10,315.5203188,52.09730973,0,0,0,0,0.003725974673,40,98.78654768,500,0,0,0,0,0.1262081275,0.3337128841
depth_earlier,double,100000,10,0.3,0,slow,60,60,15,0,floor,0.05,False,0.5,0.2,0.1,0,dusk,9,6750,0.1,0,0,0,9,0,91.21019934,0,166.5564072,0,135,0,60,0,0,0,0,0,0,0,0.5339525871
depth_earlier,double,100000,10,0.3,0,fast,60,60,15,0,floor,0.05,False,0.5,0.2,0.1,0,dusk,9,6750,0.1,0,0,0,9,1878.776662,135.1924744,0,0,0,0,0.02345621716,40,0,500,0,0,0,0,0.2783372833,0.2944329609
depth_earlier,double,100000,10,0.3,1,slow,60,60,15,0,floor,0.05,False,0.5,0.2,0.1,0,dusk,9,6750,0.1,48,0,0,1,0,45.15343202,92.89298154,28.70719325,0,15,0,60,2.955857781e-12,0,8,749.9005246,0,0,0,0.5282703469
depth_earlier,double,100000,10,0.3,1,fast,60,60,15,0,floor,0.05,False,0.5,0.2,0.1,0,dusk,9,6750,0.1,0,0,0,9,1878.776662,135.1924744,0,0,0,0,0.02345621716,40,643.5623225,500,0,0,0,0,0.2783372833,0.2944329609
depth_earlier,double,100000,10,0.3,5,slow,60,60,15,0,floor,0.05,False,0.5,0.2,0.1,0,dusk,9,6750,0.1,47,0,0,0,0,70.34469424,50.46829631,0,0,0,0,0,0,0,9,769.4402013,0,0,0,0.5437748466
depth_earlier,double,100000,10,0.3,5,fast,60,60,15,0,floor,0.05,False,0.5,0.2,0.1,0,dusk,9,6750,0.1,0,0,0,9,1878.776662,135.1924744,0,0,0,0,0.02345621716,40,711.4043061,500,0,0,0,0,0.2783372833,0.2944329609
depth_earlier,double,100000,10,0.6,0,slow,60,60,15,0,floor,0.05,False,0.5,0.2,0.1,0,dusk,4,6000,0.1,0,0,0,4,0,74.3932595,0,79.72181165,0,120,0,60,0,0,0,0,0,0,0,0.5320435029
depth_earlier,double,100000,10,0.6,0,fast,60,60,15,0,floor,0.05,False,0.5,0.2,0.1,0,dusk,4,6000,0.1,0,0,0,4,1623.735841,119.8844585,0,0,0,0,0.02022812887,40,0,500,0,0,0,0,0.2706226401,0.3054695971
depth_earlier,double,100000,10,0.6,1,slow,60,60,15,0,floor,0.05,False,0.5,0.2,0.1,0,dusk,4,6000,0.1,16,0,0,1,0,40.67034318,216.7777196,30.97918412,0,30,0,60,4.774847184e-12,0,3,463.2479763,0,0,0,0.5100298249
depth_earlier,double,100000,10,0.6,1,fast,60,60,15,0,floor,0.05,False,0.5,0.2,0.1,0,dusk,4,6000,0.1,0,0,0,4,1623.735841,119.8844585,0,0,0,0,0.02022812887,40,423.5144538,500,0,0,0,0,0.2706226401,0.3054695971
depth_earlier,double,100000,10,0.6,5,slow,60,60,15,0,floor,0.05,False,0.5,0.2,0.1,0,dusk,4,6000,0.1,18,0,0,0,0,61.1922564,34.21378548,0,0,0,0,0,0,0,4,854.915555,0,1,0,0.5453736116
depth_earlier,double,100000,10,0.6,5,fast,60,60,15,0,floor,0.05,False,0.5,0.2,0.1,0,dusk,4,6000,0.1,0,0,0,4,1623.735841,119.8844585,0,0,0,0,0.02022812887,40,539.8041124,500,0,0,0,0,0.2706226401,0.3054695971
depth_earlier,double,1000000,1,0.1,0,slow,60,60,15,0,floor,0.05,False,0.5,0.2,0.1,0,dusk,1,25000,0.1,0,0,0,1,0,291.7286286,0,0,0,162.6499607,0,60,0,0,0,0,0,0,0,0.5262857988
depth_earlier,double,1000000,1,0.1,0,fast,60,60,15,0,floor,0.05,False,0.5,0.2,0.1,0,dusk,1,25000,0.1,0,0,0,1,6372.127749,514.2640902,0,0,0,0,0.007633387418,40,0,2000,0,0,0,0,0.25488511,0.3511279796
depth_earlier,double,1000000,1,0.1,1,slow,60,60,15,0,floor,0.05,False,0.5,0.2,0.1,0,dusk,1,25000,0.1,0,0,0,1,0,291.7286286,0,0,0,162.6499607,0,60,1.564330887e-10,0,0,0,0,0,0,0.5262857988
depth_earlier,double,1000000,1,0.1,1,fast,60,60,15,0,floor,0.05,False,0.5,0.2,0.1,0,dusk,1,25000,0.1,0,0,0,1,6372.127749,514.2640902,0,0,0,0,0.007633387418,40,2.182787284e-11,2000,0,0,0,0,0.25488511,0.3511279796
depth_earlier,double,1000000,1,0.1,5,slow,60,60,15,0,floor,0.05,False,0.5,0.2,0.1,0,dusk,1,25000,0.1,2,0,0,0,0,237.9305143,42.64557126,0,0,0,0,0,0,0,1,4829.495914,0,0,0,0.5479862855
depth_earlier,double,1000000,1,0.1,5,fast,60,60,15,0,floor,0.05,False,0.5,0.2,0.1,0,dusk,1,25000,0.1,0,0,0,1,6372.127749,514.2640902,0,0,0,0,0.007633387418,40,776.0747661,2000,0,0,0,0,0.25488511,0.3511279796
depth_earlier,double,1000000,1,0.3,0,slow,60,60,15,0,floor,0.05,False,0.5,0.2,0.1,0,dusk,1,75000,0.1665663658,0,0,0,1,549.4731257,818.7401958,0,0,0,0,0.0008012124081,60,0,2000,0,0,0,0,0.007326308342,0.530746715
depth_earlier,double,1000000,1,0.3,0,fast,60,60,15,0,floor,0.05,False,0.5,0.2,0.1,0,dusk,1,75000,0.1665663658,0,0,0,1,25437.80322,1470.995777,0,0,0,0,0.03085217835,60,0,2000,0,0,0,0,0.3391707096,0.3368976412
depth_earlier,double,1000000,1,0.3,1,slow,60,60,15,0,floor,0.05,False,0.5,0.2,0.1,0,dusk,1,75000,0.1665663658,0,0,0,1,549.4731257,818.7401958,0,0,0,0,0.0008012124081,60,2.328306437e-10,2000,0,0,0,0,0.007326308342,0.530746715
depth_earlier,double,1000000,1,0.3,1,fast,60,60,15,0,floor,0.05,False,0.5,0.2,0.1,0,dusk,1,75000,0.1665663658,0,0,0,1,25437.80322,1470.995777,0,0,0,0,0.03085217835,60,4.365574569e-11,2000,0,0,0,0,0.3391707096,0.3368976412
depth_earlier,double,1000000,1,0.3,5,slow,60,60,15,0,floor,0.05,False,0.5,0.2,0.1,0,dusk,1,75000,0.1665663658,0,0,0,1,549.4731257,818.7401958,0,0,0,0,0.0008012124081,60,11325.99093,2000,0,0,0,0,0.007326308342,0.530746715
depth_earlier,double,1000000,1,0.3,5,fast,60,60,15,0,floor,0.05,False,0.5,0.2,0.1,0,dusk,1,75000,0.1665663658,0,0,0,1,25437.80322,1470.995777,0,0,0,0,0.03085217835,60,6144.694181,2000,0,0,0,0,0.3391707096,0.3368976412
depth_earlier,double,1000000,1,0.6,0,slow,60,60,15,0,floor,0.05,False,0.5,0.2,0.1,0,dusk,0,0,0,0,0,0,0,0,0,0,0,0,0,0,0,0,0,0,0,0,0,0,0.995
depth_earlier,double,1000000,1,0.6,0,fast,60,60,15,0,floor,0.05,False,0.5,0.2,0.1,0,dusk,0,0,0,0,0,0,0,0,0,0,0,0,0,0,0,0,0,0,0,0,0,0,0.97
depth_earlier,double,1000000,1,0.6,1,slow,60,60,15,0,floor,0.05,False,0.5,0.2,0.1,0,dusk,0,0,0,0,0,0,0,0,0,0,0,0,0,0,0,0,0,0,0,0,0,0,0.995
depth_earlier,double,1000000,1,0.6,1,fast,60,60,15,0,floor,0.05,False,0.5,0.2,0.1,0,dusk,0,0,0,0,0,0,0,0,0,0,0,0,0,0,0,0,0,0,0,0,0,0,0.97
depth_earlier,double,1000000,1,0.6,5,slow,60,60,15,0,floor,0.05,False,0.5,0.2,0.1,0,dusk,0,0,0,0,0,0,0,0,0,0,0,0,0,0,0,0,0,0,0,0,0,0,0.995
depth_earlier,double,1000000,1,0.6,5,fast,60,60,15,0,floor,0.05,False,0.5,0.2,0.1,0,dusk,0,0,0,0,0,0,0,0,0,0,0,0,0,0,0,0,0,0,0,0,0,0,0.97
depth_earlier,double,1000000,10,0.1,0,slow,60,60,15,0,floor,0.05,False,0.5,0.2,0.1,0,dusk,10,25000,0.1,14,0,0,9,0,352.6238554,40.21719717,221.3695388,0,206.1982966,0,900,0,0,1,133.1803818,0,0,0,0.4784315376
depth_earlier,double,1000000,10,0.1,0,fast,60,60,15,0,floor,0.05,False,0.5,0.2,0.1,0,dusk,10,25000,0.1,0,0,0,10,3155.203188,520.9730973,0,0,0,0,0.003725974673,40,0,5000,0,0,0,0,0.1262081275,0.3337128841
depth_earlier,double,1000000,10,0.1,1,slow,60,60,15,0,floor,0.05,False,0.5,0.2,0.1,0,dusk,10,25000,0.1,25,0,0,0,0,218.0406227,188.2315153,0,0,0,0,0,0,0,10,6574.085781,0,1,0,0.5436840596
depth_earlier,double,1000000,10,0.1,1,fast,60,60,15,0,floor,0.05,False,0.5,0.2,0.1,0,dusk,10,25000,0.1,0,0,0,10,3155.203188,520.9730973,0,0,0,0,0.003725974673,40,903.7478291,5000,0,0,0,0,0.1262081275,0.3337128841
depth_earlier,double,1000000,10,0.1,5,slow,60,60,15,0,floor,0.05,False,0.5,0.2,0.1,0,dusk,10,25000,0.1,24,0,0,0,0,212.9803921,180.752503,0,0,0,0,0,0,0,10,7019.767316,0,2,0,0.5464134628
depth_earlier,double,1000000,10,0.1,5,fast,60,60,15,0,floor,0.05,False,0.5,0.2,0.1,0,dusk,10,25000,0.1,0,0,0,10,3155.203188,520.9730973,0,0,0,0,0.003725974673,40,987.8654768,5000,0,0,0,0,0.1262081275,0.3337128841
depth_earlier,double,1000000,10,0.3,0,slow,60,60,15,0,floor,0.05,False,0.5,0.2,0.1,0,dusk,9,67500,0.1,0,0,0,9,0,912.1019934,0,1665.564072,0,1350,0,60,0,0,0,0,0,0,0,0.5339525871
depth_earlier,double,1000000,10,0.3,0,fast,60,60,15,0,floor,0.05,False,0.5,0.2,0.1,0,dusk,9,67500,0.1,0,0,0,9,18787.76662,1351.924744,0,0,0,0,0.02345621716,40,0,5000,0,0,0,0,0.2783372833,0.2944329609
depth_earlier,double,1000000,10,0.3,1,slow,60,60,15,0,floor,0.05,False,0.5,0.2,0.1,0,dusk,9,67500,0.1,48,0,0,1,0,451.5161873,928.8678654,287.0719325,0,150,0,60,2.455635695e-11,0,8,7502.177019,0,0,0,0.5282703469
depth_earlier,double,1000000,10,0.3,1,fast,60,60,15,0,floor,0.05,False,0.5,0.2,0.1,0,dusk,9,67500,0.1,0,0,0,9,18787.76662,1351.924744,0,0,0,0,0.02345621716,40,6435.623225,5000,0,0,0,0,0.2783372833,0.2944329609
depth_earlier,double,1000000,10,0.3,5,slow,60,60,15,0,floor,0.05,False,0.5,0.2,0.1,0,dusk,9,67500,0.1,48,0,0,0,0,703.2663579,504.6089287,0,0,0,0,0,0,0,9,7720.361774,0,0,0,0.5437748466
depth_earlier,double,1000000,10,0.3,5,fast,60,60,15,0,floor,0.05,False,0.5,0.2,0.1,0,dusk,9,67500,0.1,0,0,0,9,18787.76662,1351.924744,0,0,0,0,0.02345621716,40,7114.043061,5000,0,0,0,0,0.2783372833,0.2944329609
depth_earlier,double,1000000,10,0.6,0,slow,60,60,15,0,floor,0.05,False,0.5,0.2,0.1,0,dusk,4,60000,0.1,0,0,0,4,0,743.932595,0,797.2181165,0,1200,0,60,0,0,0,0,0,0,0,0.5320435029
depth_earlier,double,1000000,10,0.6,0,fast,60,60,15,0,floor,0.05,False,0.5,0.2,0.1,0,dusk,4,60000,0.1,0,0,0,4,16237.35841,1198.844585,0,0,0,0,0.02022812887,40,0,5000,0,0,0,0,0.2706226401,0.3054695971
depth_earlier,double,1000000,10,0.6,1,slow,60,60,15,0,floor,0.05,False,0.5,0.2,0.1,0,dusk,4,60000,0.1,16,0,0,1,0,406.7034318,2167.777196,309.7918412,0,300,0,60,4.183675628e-11,0,3,4632.479763,0,0,0,0.5100298249
depth_earlier,double,1000000,10,0.6,1,fast,60,60,15,0,floor,0.05,False,0.5,0.2,0.1,0,dusk,4,60000,0.1,0,0,0,4,16237.35841,1198.844585,0,0,0,0,0.02022812887,40,4235.144538,5000,0,0,0,0,0.2706226401,0.3054695971
depth_earlier,double,1000000,10,0.6,5,slow,60,60,15,0,floor,0.05,False,0.5,0.2,0.1,0,dusk,4,60000,0.1,18,0,0,0,0,611.922564,342.1378548,0,0,0,0,0,0,0,4,8549.15555,0,1,0,0.5453736116
depth_earlier,double,1000000,10,0.6,5,fast,60,60,15,0,floor,0.05,False,0.5,0.2,0.1,0,dusk,4,60000,0.1,0,0,0,4,16237.35841,1198.844585,0,0,0,0,0.02022812887,40,5398.041124,5000,0,0,0,0,0.2706226401,0.3054695971
stack_earlier,buffer,25000,1,0.1,0,slow,60,60,15,0,floor,0.05,False,0.5,0.2,0.1,0,dusk,1,625,0.1,0,0,0,1,0,7.293215714,0,0,0,4.066249017,0,60,0,0,0,0,0,0,0,0.5262857988
stack_earlier,buffer,25000,1,0.1,0,fast,60,60,15,0,floor,0.05,False,0.5,0.2,0.1,0,dusk,1,625,0.1,0,0,0,1,159.3031937,12.85660226,0,0,0,0,0.007633387418,40,0,50,0,0,0,0,0.25488511,0.3511279796
stack_earlier,buffer,25000,1,0.1,1,slow,60,60,15,0,floor,0.05,False,0.5,0.2,0.1,0,dusk,1,625,0.1,0,0,0,1,0,7.293215714,0,0,0,4.066249017,0,60,4.206412996e-12,0,0,0,0,0,0,0.5262857988
stack_earlier,buffer,25000,1,0.1,1,fast,60,60,15,0,floor,0.05,False,0.5,0.2,0.1,0,dusk,1,625,0.1,0,0,0,1,159.3031937,12.85660226,0,0,0,0,0.007633387418,40,4.547473509e-13,50,0,0,0,0,0.25488511,0.3511279796
stack_earlier,buffer,25000,1,0.1,5,slow,60,60,15,0,floor,0.05,False,0.5,0.2,0.1,0,dusk,1,625,0.1,2,0,0,0,0,5.948262857,1.066139282,0,0,0,0,0,0,0,1,120.7373979,0,0,0,0.5479862855
stack_earlier,buffer,25000,1,0.1,5,fast,60,60,15,0,floor,0.05,False,0.5,0.2,0.1,0,dusk,1,625,0.1,0,0,0,1,159.3031937,12.85660226,0,0,0,0,0.007633387418,40,19.40186915,50,0,0,0,0,0.25488511,0.3511279796
stack_earlier,buffer,25000,1,0.3,0,slow,60,60,15,0,floor,0.05,False,0.5,0.2,0.1,0,dusk,1,1875,0.1665663658,0,0,0,1,13.73682814,20.46850489,0,0,0,0,0.0008012124081,60,0,50,0,0,0,0,0.007326308342,0.530746715
stack_earlier,buffer,25000,1,0.3,0,fast,60,60,15,0,floor,0.05,False,0.5,0.2,0.1,0,dusk,1,1875,0.1665663658,0,0,0,1,635.9450805,36.77489442,0,0,0,0,0.03085217835,60,0,50,0,0,0,0,0.3391707096,0.3368976412
stack_earlier,buffer,25000,1,0.3,1,slow,60,60,15,0,floor,0.05,False,0.5,0.2,0.1,0,dusk,1,1875,0.1665663658,0,0,0,1,13.73682814,20.46850489,0,0,0,0,0.0008012124081,60,6.366462912e-12,50,0,0,0,0,0.007326308342,0.530746715
stack_earlier,buffer,25000,1,0.3,1,fast,60,60,15,0,floor,0.05,False,0.5,0.2,0.1,0,dusk,1,1875,0.1665663658,0,0,0,1,635.9450805,36.77489442,0,0,0,0,0.03085217835,60,9.094947018e-13,50,0,0,0,0,0.3391707096,0.3368976412
stack_earlier,buffer,25000,1,0.3,5,slow,60,60,15,0,floor,0.05,False,0.5,0.2,0.1,0,dusk,1,1875,0.1665663658,0,0,0,1,13.73682814,20.46850489,0,0,0,0,0.0008012124081,60,283.1497732,50,0,0,0,0,0.007326308342,0.530746715
stack_earlier,buffer,25000,1,0.3,5,fast,60,60,15,0,floor,0.05,False,0.5,0.2,0.1,0,dusk,1,1875,0.1665663658,0,0,0,1,635.9450805,36.77489442,0,0,0,0,0.03085217835,60,153.6173545,50,0,0,0,0,0.3391707096,0.3368976412
stack_earlier,buffer,25000,1,0.6,0,slow,60,60,15,0,floor,0.05,False,0.5,0.2,0.1,0,dusk,0,0,0,0,0,0,0,0,0,0,0,0,0,0,0,0,0,0,0,0,0,0,0.995
stack_earlier,buffer,25000,1,0.6,0,fast,60,60,15,0,floor,0.05,False,0.5,0.2,0.1,0,dusk,0,0,0,0,0,0,0,0,0,0,0,0,0,0,0,0,0,0,0,0,0,0,0.97
stack_earlier,buffer,25000,1,0.6,1,slow,60,60,15,0,floor,0.05,False,0.5,0.2,0.1,0,dusk,0,0,0,0,0,0,0,0,0,0,0,0,0,0,0,0,0,0,0,0,0,0,0.995
stack_earlier,buffer,25000,1,0.6,1,fast,60,60,15,0,floor,0.05,False,0.5,0.2,0.1,0,dusk,0,0,0,0,0,0,0,0,0,0,0,0,0,0,0,0,0,0,0,0,0,0,0.97
stack_earlier,buffer,25000,1,0.6,5,slow,60,60,15,0,floor,0.05,False,0.5,0.2,0.1,0,dusk,0,0,0,0,0,0,0,0,0,0,0,0,0,0,0,0,0,0,0,0,0,0,0.995
stack_earlier,buffer,25000,1,0.6,5,fast,60,60,15,0,floor,0.05,False,0.5,0.2,0.1,0,dusk,0,0,0,0,0,0,0,0,0,0,0,0,0,0,0,0,0,0,0,0,0,0,0.97
stack_earlier,buffer,25000,10,0.1,0,slow,60,60,15,0,floor,0.05,False,0.5,0.2,0.1,0,dusk,10,625,0.1,14,0,0,9,0,8.815596385,1.005429929,5.534238469,0,5.154957416,0,900,0,0,1,3.329509546,0,0,0,0.4784315376
stack_earlier,buffer,25000,10,0.1,0,fast,60,60,15,0,floor,0.05,False,0.5,0.2,0.1,0,dusk,10,625,0.1,0,0,0,10,78.88007971,13.02432743,0,0,0,0,0.003725974673,40,0,125,0,0,0,0,0.1262081275,0.3337128841
stack_earlier,buffer,25000,10,0.1,1,slow,60,60,15,0,floor,0.05,False,0.5,0.2,0.1,0,dusk,10,625,0.1,25,0,0,0,0,5.48532428,4.775076804,0,0,0,0,0,0,0,10,163.0200801,0,1,0,0.5436840596
stack_earlier,buffer,25000,10,0.1,1,fast,60,60,15,0,floor,0.05,False,0.5,0.2,0.1,0,dusk,10,625,0.1,0,0,0,10,78.88007971,13.02432743,0,0,0,0,0.003725974673,40,22.59369573,125,0,0,0,0,0.1262081275,0.3337128841
stack_earlier,buffer,25000,10,0.1,5,slow,60,60,15,0,floor,0.05,False,0.5,0.2,0.1,0,dusk,10,625,0.1,24,0,0,0,0,5.324509804,4.518812576,0,0,0,0,0,0,0,10,175.4941829,0,2,0,0.5464134628
stack_earlier,buffer,25000,10,0.1,5,fast,60,60,15,0,floor,0.05,False,0.5,0.2,0.1,0,dusk,10,625,0.1,0,0,0,10,78.88007971,13.02432743,0,0,0,0,0.003725974673,40,24.69663692,125,0,0,0,0,0.1262081275,0.3337128841
stack_earlier,buffer,25000,10,0.3,0,slow,60,60,15,0,floor,0.05,False,0.5,0.2,0.1,0,dusk,8,1500,0.1537422361,3,0,0,8,0,20.15090896,0.4500367389,112.6454721,0,26.58146558,0,1200,0,0,0,0,0,0,0,0.5354902446
stack_earlier,buffer,25000,10,0.3,0,fast,60,60,15,0,floor,0.05,False,0.5,0.2,0.1,0,dusk,8,1500,0.1537422361,0,0,0,8,337.4274242,30.35290768,0,0,0,0,0.0166106215,60,0,125,0,0,0,0,0.2249516161,0.3059271827
stack_earlier,buffer,25000,10,0.3,1,slow,60,60,15,0,floor,0.05,False,0.5,0.2,0.1,0,dusk,8,1500,0.1537422361,43,0,0,0,0,13.44271436,8.634070154,0,0,0,0,0,0,0,8,255.8667773,0,0,0,0.5429384332
stack_earlier,buffer,25000,10,0.3,1,fast,60,60,15,0,floor,0.05,False,0.5,0.2,0.1,0,dusk,8,1500,0.1537422361,0,0,0,8,337.4274242,30.35290768,0,0,0,0,0.0166106215,60,129.5592197,125,0,0,0,0,0.2249516161,0.3059271827
stack_earlier,buffer,25000,10,0.3,5,slow,60,60,15,0,floor,0.05,False,0.5,0.2,0.1,0,dusk,8,1500,0.1537422361,41,0,0,0,0,13.72125831,11.81959499,0,0,0,0,0,0,0,8,273.3709107,0,2,0,0.5451102934
stack_earlier,buffer,25000,10,0.3,5,fast,60,60,15,0,floor,0.05,False,0.5,0.2,0.1,0,dusk,8,1500,0.1537422361,0,0,0,8,337.4274242,30.35290768,0,0,0,0,0.0166106215,60,145.8394593,125,0,0,0,0,0.2249516161,0.3059271827
stack_earlier,buffer,25000,10,0.6,0,slow,60,60,15,0,floor,0.05,False,0.5,0.2,0.1,0,dusk,4,1500,0.1537422361,0,0,0,4,0,18.60022316,0,132.6392323,0,30,0,60,0,0,0,0,0,0,0,0.5345061382
stack_earlier,buffer,25000,10,0.6,0,fast,60,60,15,0,floor,0.05,False,0.5,0.2,0.1,0,dusk,4,1500,0.1537422361,0,0,0,4,331.5732429,29.92235997,0,0,0,0,0.01653364063,60,0,125,0,0,0,0,0.2210488286,0.3156166754
stack_earlier,buffer,25000,10,0.6,1,slow,60,60,15,0,floor,0.05,False,0.5,0.2,0.1,0,dusk,4,1500,0.1537422361,16,0,0,1,0,9.937546524,57.85857033,54.70034905,0,7.5,0,60,6.252776075e-13,0,3,162.4247847,0,0,0,0.5079026296
stack_earlier,buffer,25000,10,0.6,1,fast,60,60,15,0,floor,0.05,False,0.5,0.2,0.1,0,dusk,4,1500,0.1537422361,0,0,0,4,331.5732429,29.92235997,0,0,0,0,0.01653364063,60,109.3835227,125,0,0,0,0,0.2210488286,0.3156166754
stack_earlier,buffer,25000,10,0.6,5,slow,60,60,15,0,floor,0.05,False,0.5,0.2,0.1,0,dusk,4,1500,0.1537422361,18,0,0,0,0,13.53842862,6.980827135,0,0,0,0,0,0,0,4,295.1523867,0,1,0,0.5479862855
stack_earlier,buffer,25000,10,0.6,5,fast,60,60,15,0,floor,0.05,False,0.5,0.2,0.1,0,dusk,4,1500,0.1537422361,0,0,0,4,331.5732429,29.92235997,0,0,0,0,0.01653364063,60,141.4973959,125,0,0,0,0,0.2210488286,0.3156166754
stack_earlier,buffer,100000,1,0.1,0,slow,60,60,15,0,floor,0.05,False,0.5,0.2,0.1,0,dusk,1,2500,0.1,0,0,0,1,0,29.17286286,0,0,0,16.26499607,0,60,0,0,0,0,0,0,0,0.5262857988
stack_earlier,buffer,100000,1,0.1,0,fast,60,60,15,0,floor,0.05,False,0.5,0.2,0.1,0,dusk,1,2500,0.1,0,0,0,1,637.2127749,51.42640902,0,0,0,0,0.007633387418,40,0,200,0,0,0,0,0.25488511,0.3511279796
stack_earlier,buffer,100000,1,0.1,1,slow,60,60,15,0,floor,0.05,False,0.5,0.2,0.1,0,dusk,1,2500,0.1,0,0,0,1,0,29.17286286,0,0,0,16.26499607,0,60,1.682565198e-11,0,0,0,0,0,0,0.5262857988
stack_earlier,buffer,100000,1,0.1,1,fast,60,60,15,0,floor,0.05,False,0.5,0.2,0.1,0,dusk,1,2500,0.1,0,0,0,1,637.2127749,51.42640902,0,0,0,0,0.007633387418,40,1.818989404e-12,200,0,0,0,0,0.25488511,0.3511279796
stack_earlier,buffer,100000,1,0.1,5,slow,60,60,15,0,floor,0.05,False,0.5,0.2,0.1,0,dusk,1,2500,0.1,2,0,0,0,0,23.79305143,4.264557126,0,0,0,0,0,0,0,1,482.9495914,0,0,0,0.5479862855
stack_earlier,buffer,100000,1,0.1,5,fast,60,60,15,0,floor,0.05,False,0.5,0.2,0.1,0,dusk,1,2500,0.1,0,0,0,1,637.2127749,51.42640902,0,0,0,0,0.007633387418,40,77.60747661,200,0,0,0,0,0.25488511,0.3511279796
stack_earlier,buffer,100000,1,0.3,0,slow,60,60,15,0,floor,0.05,False,0.5,0.2,0.1,0,dusk,1,7500,0.1665663658,0,0,0,1,54.94731257,81.87401958,0,0,0,0,0.0008012124081,60,0,200,0,0,0,0,0.007326308342,0.530746715
stack_earlier,buffer,100000,1,0.3,0,fast,60,60,15,0,floor,0.05,False,0.5,0.2,0.1,0,dusk,1,7500,0.1665663658,0,0,0,1,2543.780322,147.0995777,0,0,0,0,0.03085217835,60,0,200,0,0,0,0,0.3391707096,0.3368976412
stack_earlier,buffer,100000,1,0.3,1,slow,60,60,15,0,floor,0.05,False,0.5,0.2,0.1,0,dusk,1,7500,0.1665663658,0,0,0,1,54.94731257,81.87401958,0,0,0,0,0.0008012124081,60,2.546585165e-11,200,0,0,0,0,0.007326308342,0.530746715
stack_earlier,buffer,100000,1,0.3,1,fast,60,60,15,0,floor,0.05,False,0.5,0.2,0.1,0,dusk,1,7500,0.1665663658,0,0,0,1,2543.780322,147.0995777,0,0,0,0,0.03085217835,60,3.637978807e-12,200,0,0,0,0,0.3391707096,0.3368976412
stack_earlier,buffer,100000,1,0.3,5,slow,60,60,15,0,floor,0.05,False,0.5,0.2,0.1,0,dusk,1,7500,0.1665663658,0,0,0,1,54.94731257,81.87401958,0,0,0,0,0.0008012124081,60,1132.599093,200,0,0,0,0,0.007326308342,0.530746715
stack_earlier,buffer,100000,1,0.3,5,fast,60,60,15,0,floor,0.05,False,0.5,0.2,0.1,0,dusk,1,7500,0.1665663658,0,0,0,1,2543.780322,147.0995777,0,0,0,0,0.03085217835,60,614.4694181,200,0,0,0,0,0.3391707096,0.3368976412
stack_earlier,buffer,100000,1,0.6,0,slow,60,60,15,0,floor,0.05,False,0.5,0.2,0.1,0,dusk,0,0,0,0,0,0,0,0,0,0,0,0,0,0,0,0,0,0,0,0,0,0,0.995
stack_earlier,buffer,100000,1,0.6,0,fast,60,60,15,0,floor,0.05,False,0.5,0.2,0.1,0,dusk,0,0,0,0,0,0,0,0,0,0,0,0,0,0,0,0,0,0,0,0,0,0,0.97
stack_earlier,buffer,100000,1,0.6,1,slow,60,60,15,0,floor,0.05,False,0.5,0.2,0.1,0,dusk,0,0,0,0,0,0,0,0,0,0,0,0,0,0,0,0,0,0,0,0,0,0,0.995
stack_earlier,buffer,100000,1,0.6,1,fast,60,60,15,0,floor,0.05,False,0.5,0.2,0.1,0,dusk,0,0,0,0,0,0,0,0,0,0,0,0,0,0,0,0,0,0,0,0,0,0,0.97
stack_earlier,buffer,100000,1,0.6,5,slow,60,60,15,0,floor,0.05,False,0.5,0.2,0.1,0,dusk,0,0,0,0,0,0,0,0,0,0,0,0,0,0,0,0,0,0,0,0,0,0,0.995
stack_earlier,buffer,100000,1,0.6,5,fast,60,60,15,0,floor,0.05,False,0.5,0.2,0.1,0,dusk,0,0,0,0,0,0,0,0,0,0,0,0,0,0,0,0,0,0,0,0,0,0,0.97
stack_earlier,buffer,100000,10,0.1,0,slow,60,60,15,0,floor,0.05,False,0.5,0.2,0.1,0,dusk,10,2500,0.1,14,0,0,9,0,35.26238554,4.021719717,22.13695388,0,20.61982966,0,900,0,0,1,13.31803818,0,0,0,0.4784315376
stack_earlier,buffer,100000,10,0.1,0,fast,60,60,15,0,floor,0.05,False,0.5,0.2,0.1,0,dusk,10,2500,0.1,0,0,0,10,315.5203188,52.09730973,0,0,0,0,0.003725974673,40,0,500,0,0,0,0,0.1262081275,0.3337128841
stack_earlier,buffer,100000,10,0.1,1,slow,60,60,15,0,floor,0.05,False,0.5,0.2,0.1,0,dusk,10,2500,0.1,25,0,0,0,0,21.80406227,18.82315153,0,0,0,0,0,0,0,10,657.4085781,0,1,0,0.5436840596
stack_earlier,buffer,100000,10,0.1,1,fast,60,60,15,0,floor,0.05,False,0.5,0.2,0.1,0,dusk,10,2500,0.1,0,0,0,10,315.5203188,52.09730973,0,0,0,0,0.003725974673,40,90.37478291,500,0,0,0,0,0.1262081275,0.3337128841
stack_earlier,buffer,100000,10,0.1,5,slow,60,60,15,0,floor,0.05,False,0.5,0.2,0.1,0,dusk,10,2500,0.1,24,0,0,0,0,21.29803921,18.0752503,0,0,0,0,0,0,0,10,701.9767316,0,2,0,0.5464134628
stack_earlier,buffer,100000,10,0.1,5,fast,60,60,15,0,floor,0.05,False,0.5,0.2,0.1,0,dusk,10,2500,0.1,0,0,0,10,315.5203188,52.09730973,0,0,0,0,0.003725974673,40,98.78654768,500,0,0,0,0,0.1262081275,0.3337128841
stack_earlier,buffer,100000,10,0.3,0,slow,60,60,15,0,floor,0.05,False,0.5,0.2,0.1,0,dusk,8,6000,0.1537422361,3,0,0,8,0,80.60363586,1.800146956,450.5818883,0,106.3258623,0,1200,0,0,0,0,0,0,0,0.5354902446
stack_earlier,buffer,100000,10,0.3,0,fast,60,60,15,0,floor,0.05,False,0.5,0.2,0.1,0,dusk,8,6000,0.1537422361,0,0,0,8,1349.709697,121.4116307,0,0,0,0,0.0166106215,60,0,500,0,0,0,0,0.2249516161,0.3059271827
stack_earlier,buffer,100000,10,0.3,1,slow,60,60,15,0,floor,0.05,False,0.5,0.2,0.1,0,dusk,8,6000,0.1537422361,45,0,0,0,0,53.88259382,35.09170122,0,0,0,0,0,0,0,8,1040.708814,0,1,0,0.5429384332
stack_earlier,buffer,100000,10,0.3,1,fast,60,60,15,0,floor,0.05,False,0.5,0.2,0.1,0,dusk,8,6000,0.1537422361,0,0,0,8,1349.709697,121.4116307,0,0,0,0,0.0166106215,60,518.2368789,500,0,0,0,0,0.2249516161,0.3059271827
stack_earlier,buffer,100000,10,0.3,5,slow,60,60,15,0,floor,0.05,False,0.5,0.2,0.1,0,dusk,8,6000,0.1537422361,41,0,0,0,0,54.88503324,47.27837995,0,0,0,0,0,0,0,8,1093.483643,0,2,0,0.5451102934
stack_earlier,buffer,100000,10,0.3,5,fast,60,60,15,0,floor,0.05,False,0.5,0.2,0.1,0,dusk,8,6000,0.1537422361,0,0,0,8,1349.709697,121.4116307,0,0,0,0,0.0166106215,60,583.3578371,500,0,0,0,0,0.2249516161,0.3059271827
stack_earlier,buffer,100000,10,0.6,0,slow,60,60,15,0,floor,0.05,False,0.5,0.2,0.1,0,dusk,4,6000,0.1537422361,0,0,0,4,0,74.40089264,0,530.5569294,0,120,0,60,0,0,0,0,0,0,0,0.5345061382
stack_earlier,buffer,100000,10,0.6,0,fast,60,60,15,0,floor,0.05,False,0.5,0.2,0.1,0,dusk,4,6000,0.1537422361,0,0,0,4,1326.292972,119.6894399,0,0,0,0,0.01653364063,60,0,500,0,0,0,0,0.2210488286,0.3156166754
stack_earlier,buffer,100000,10,0.6,1,slow,60,60,15,0,floor,0.05,False,0.5,0.2,0.1,0,dusk,4,6000,0.1537422361,16,0,0,1,0,39.7501861,231.4342813,218.8013962,0,30,0,60,2.50111043e-12,0,3,649.6991388,0,0,0,0.5079026296
stack_earlier,buffer,100000,10,0.6,1,fast,60,60,15,0,floor,0.05,False,0.5,0.2,0.1,0,dusk,4,6000,0.1537422361,0,0,0,4,1326.292972,119.6894399,0,0,0,0,0.01653364063,60,437.5340908,500,0,0,0,0,0.2210488286,0.3156166754
stack_earlier,buffer,100000,10,0.6,5,slow,60,60,15,0,floor,0.05,False,0.5,0.2,0.1,0,dusk,4,6000,0.1537422361,18,0,0,0,0,54.15371449,27.92330854,0,0,0,0,0,0,0,4,1180.609547,0,1,0,0.5479862855
stack_earlier,buffer,100000,10,0.6,5,fast,60,60,15,0,floor,0.05,False,0.5,0.2,0.1,0,dusk,4,6000,0.1537422361,0,0,0,4,1326.292972,119.6894399,0,0,0,0,0.01653364063,60,565.9895838,500,0,0,0,0,0.2210488286,0.3156166754
stack_earlier,buffer,1000000,1,0.1,0,slow,60,60,15,0,floor,0.05,False,0.5,0.2,0.1,0,dusk,1,25000,0.1,0,0,0,1,0,291.7286286,0,0,0,162.6499607,0,60,0,0,0,0,0,0,0,0.5262857988
stack_earlier,buffer,1000000,1,0.1,0,fast,60,60,15,0,floor,0.05,False,0.5,0.2,0.1,0,dusk,1,25000,0.1,0,0,0,1,6372.127749,514.2640902,0,0,0,0,0.007633387418,40,0,2000,0,0,0,0,0.25488511,0.3511279796
stack_earlier,buffer,1000000,1,0.1,1,slow,60,60,15,0,floor,0.05,False,0.5,0.2,0.1,0,dusk,1,25000,0.1,0,0,0,1,0,291.7286286,0,0,0,162.6499607,0,60,1.564330887e-10,0,0,0,0,0,0,0.5262857988
stack_earlier,buffer,1000000,1,0.1,1,fast,60,60,15,0,floor,0.05,False,0.5,0.2,0.1,0,dusk,1,25000,0.1,0,0,0,1,6372.127749,514.2640902,0,0,0,0,0.007633387418,40,2.182787284e-11,2000,0,0,0,0,0.25488511,0.3511279796
stack_earlier,buffer,1000000,1,0.1,5,slow,60,60,15,0,floor,0.05,False,0.5,0.2,0.1,0,dusk,1,25000,0.1,2,0,0,0,0,237.9305143,42.64557126,0,0,0,0,0,0,0,1,4829.495914,0,0,0,0.5479862855
stack_earlier,buffer,1000000,1,0.1,5,fast,60,60,15,0,floor,0.05,False,0.5,0.2,0.1,0,dusk,1,25000,0.1,0,0,0,1,6372.127749,514.2640902,0,0,0,0,0.007633387418,40,776.0747661,2000,0,0,0,0,0.25488511,0.3511279796
stack_earlier,buffer,1000000,1,0.3,0,slow,60,60,15,0,floor,0.05,False,0.5,0.2,0.1,0,dusk,1,75000,0.1665663658,0,0,0,1,549.4731257,818.7401958,0,0,0,0,0.0008012124081,60,0,2000,0,0,0,0,0.007326308342,0.530746715
stack_earlier,buffer,1000000,1,0.3,0,fast,60,60,15,0,floor,0.05,False,0.5,0.2,0.1,0,dusk,1,75000,0.1665663658,0,0,0,1,25437.80322,1470.995777,0,0,0,0,0.03085217835,60,0,2000,0,0,0,0,0.3391707096,0.3368976412
stack_earlier,buffer,1000000,1,0.3,1,slow,60,60,15,0,floor,0.05,False,0.5,0.2,0.1,0,dusk,1,75000,0.1665663658,0,0,0,1,549.4731257,818.7401958,0,0,0,0,0.0008012124081,60,2.328306437e-10,2000,0,0,0,0,0.007326308342,0.530746715
stack_earlier,buffer,1000000,1,0.3,1,fast,60,60,15,0,floor,0.05,False,0.5,0.2,0.1,0,dusk,1,75000,0.1665663658,0,0,0,1,25437.80322,1470.995777,0,0,0,0,0.03085217835,60,4.365574569e-11,2000,0,0,0,0,0.3391707096,0.3368976412
stack_earlier,buffer,1000000,1,0.3,5,slow,60,60,15,0,floor,0.05,False,0.5,0.2,0.1,0,dusk,1,75000,0.1665663658,0,0,0,1,549.4731257,818.7401958,0,0,0,0,0.0008012124081,60,11325.99093,2000,0,0,0,0,0.007326308342,0.530746715
stack_earlier,buffer,1000000,1,0.3,5,fast,60,60,15,0,floor,0.05,False,0.5,0.2,0.1,0,dusk,1,75000,0.1665663658,0,0,0,1,25437.80322,1470.995777,0,0,0,0,0.03085217835,60,6144.694181,2000,0,0,0,0,0.3391707096,0.3368976412
stack_earlier,buffer,1000000,1,0.6,0,slow,60,60,15,0,floor,0.05,False,0.5,0.2,0.1,0,dusk,0,0,0,0,0,0,0,0,0,0,0,0,0,0,0,0,0,0,0,0,0,0,0.995
stack_earlier,buffer,1000000,1,0.6,0,fast,60,60,15,0,floor,0.05,False,0.5,0.2,0.1,0,dusk,0,0,0,0,0,0,0,0,0,0,0,0,0,0,0,0,0,0,0,0,0,0,0.97
stack_earlier,buffer,1000000,1,0.6,1,slow,60,60,15,0,floor,0.05,False,0.5,0.2,0.1,0,dusk,0,0,0,0,0,0,0,0,0,0,0,0,0,0,0,0,0,0,0,0,0,0,0.995
stack_earlier,buffer,1000000,1,0.6,1,fast,60,60,15,0,floor,0.05,False,0.5,0.2,0.1,0,dusk,0,0,0,0,0,0,0,0,0,0,0,0,0,0,0,0,0,0,0,0,0,0,0.97
stack_earlier,buffer,1000000,1,0.6,5,slow,60,60,15,0,floor,0.05,False,0.5,0.2,0.1,0,dusk,0,0,0,0,0,0,0,0,0,0,0,0,0,0,0,0,0,0,0,0,0,0,0.995
stack_earlier,buffer,1000000,1,0.6,5,fast,60,60,15,0,floor,0.05,False,0.5,0.2,0.1,0,dusk,0,0,0,0,0,0,0,0,0,0,0,0,0,0,0,0,0,0,0,0,0,0,0.97
stack_earlier,buffer,1000000,10,0.1,0,slow,60,60,15,0,floor,0.05,False,0.5,0.2,0.1,0,dusk,10,25000,0.1,14,0,0,9,0,352.6238554,40.21719717,221.3695388,0,206.1982966,0,900,0,0,1,133.1803818,0,0,0,0.4784315376
stack_earlier,buffer,1000000,10,0.1,0,fast,60,60,15,0,floor,0.05,False,0.5,0.2,0.1,0,dusk,10,25000,0.1,0,0,0,10,3155.203188,520.9730973,0,0,0,0,0.003725974673,40,0,5000,0,0,0,0,0.1262081275,0.3337128841
stack_earlier,buffer,1000000,10,0.1,1,slow,60,60,15,0,floor,0.05,False,0.5,0.2,0.1,0,dusk,10,25000,0.1,25,0,0,0,0,218.0406227,188.2315153,0,0,0,0,0,0,0,10,6574.085781,0,1,0,0.5436840596
stack_earlier,buffer,1000000,10,0.1,1,fast,60,60,15,0,floor,0.05,False,0.5,0.2,0.1,0,dusk,10,25000,0.1,0,0,0,10,3155.203188,520.9730973,0,0,0,0,0.003725974673,40,903.7478291,5000,0,0,0,0,0.1262081275,0.3337128841
stack_earlier,buffer,1000000,10,0.1,5,slow,60,60,15,0,floor,0.05,False,0.5,0.2,0.1,0,dusk,10,25000,0.1,24,0,0,0,0,212.9803921,180.752503,0,0,0,0,0,0,0,10,7019.767316,0,2,0,0.5464134628
stack_earlier,buffer,1000000,10,0.1,5,fast,60,60,15,0,floor,0.05,False,0.5,0.2,0.1,0,dusk,10,25000,0.1,0,0,0,10,3155.203188,520.9730973,0,0,0,0,0.003725974673,40,987.8654768,5000,0,0,0,0,0.1262081275,0.3337128841
stack_earlier,buffer,1000000,10,0.3,0,slow,60,60,15,0,floor,0.05,False,0.5,0.2,0.1,0,dusk,8,60000,0.1537422361,3,0,0,8,0,806.0363586,18.00146956,4505.818883,0,1063.258623,0,1200,0,0,0,0,0,0,0,0.5354902446
stack_earlier,buffer,1000000,10,0.3,0,fast,60,60,15,0,floor,0.05,False,0.5,0.2,0.1,0,dusk,8,60000,0.1537422361,0,0,0,8,13497.09697,1214.116307,0,0,0,0,0.0166106215,60,0,5000,0,0,0,0,0.2249516161,0.3059271827
stack_earlier,buffer,1000000,10,0.3,1,slow,60,60,15,0,floor,0.05,False,0.5,0.2,0.1,0,dusk,8,60000,0.1537422361,45,0,0,0,0,538.8259382,350.9170122,0,0,0,0,0,0,0,8,10407.08814,0,1,0,0.5429384332
stack_earlier,buffer,1000000,10,0.3,1,fast,60,60,15,0,floor,0.05,False,0.5,0.2,0.1,0,dusk,8,60000,0.1537422361,0,0,0,8,13497.09697,1214.116307,0,0,0,0,0.0166106215,60,5182.368789,5000,0,0,0,0,0.2249516161,0.3059271827
stack_earlier,buffer,1000000,10,0.3,5,slow,60,60,15,0,floor,0.05,False,0.5,0.2,0.1,0,dusk,8,60000,0.1537422361,41,0,0,0,0,548.8503324,472.7837995,0,0,0,0,0,0,0,8,10934.83643,0,2,0,0.5451102934
stack_earlier,buffer,1000000,10,0.3,5,fast,60,60,15,0,floor,0.05,False,0.5,0.2,0.1,0,dusk,8,60000,0.1537422361,0,0,0,8,13497.09697,1214.116307,0,0,0,0,0.0166106215,60,5833.578371,5000,0,0,0,0,0.2249516161,0.3059271827
stack_earlier,buffer,1000000,10,0.6,0,slow,60,60,15,0,floor,0.05,False,0.5,0.2,0.1,0,dusk,4,60000,0.1537422361,0,0,0,4,0,744.0089264,0,5305.569294,0,1200,0,60,0,0,0,0,0,0,0,0.5345061382
stack_earlier,buffer,1000000,10,0.6,0,fast,60,60,15,0,floor,0.05,False,0.5,0.2,0.1,0,dusk,4,60000,0.1537422361,0,0,0,4,13262.92972,1196.894399,0,0,0,0,0.01653364063,60,0,5000,0,0,0,0,0.2210488286,0.3156166754
stack_earlier,buffer,1000000,10,0.6,1,slow,60,60,15,0,floor,0.05,False,0.5,0.2,0.1,0,dusk,4,60000,0.1537422361,16,0,0,1,0,397.501861,2314.342813,2188.013962,0,300,0,60,2.546585165e-11,0,3,6496.991388,0,0,0,0.5079026296
stack_earlier,buffer,1000000,10,0.6,1,fast,60,60,15,0,floor,0.05,False,0.5,0.2,0.1,0,dusk,4,60000,0.1537422361,0,0,0,4,13262.92972,1196.894399,0,0,0,0,0.01653364063,60,4375.340908,5000,0,0,0,0,0.2210488286,0.3156166754
stack_earlier,buffer,1000000,10,0.6,5,slow,60,60,15,0,floor,0.05,False,0.5,0.2,0.1,0,dusk,4,60000,0.1537422361,18,0,0,0,0,541.5371449,279.2330854,0,0,0,0,0,0,0,4,11806.09547,0,1,0,0.5479862855
stack_earlier,buffer,1000000,10,0.6,5,fast,60,60,15,0,floor,0.05,False,0.5,0.2,0.1,0,dusk,4,60000,0.1537422361,0,0,0,4,13262.92972,1196.894399,0,0,0,0,0.01653364063,60,5659.895838,5000,0,0,0,0,0.2210488286,0.3156166754
stack_earlier,double,25000,1,0.1,0,slow,60,60,15,0,floor,0.05,False,0.5,0.2,0.1,0,dusk,1,625,0.1,0,0,0,1,0,7.293215714,0,0,0,4.066249017,0,60,0,0,0,0,0,0,0,0.5262857988
stack_earlier,double,25000,1,0.1,0,fast,60,60,15,0,floor,0.05,False,0.5,0.2,0.1,0,dusk,1,625,0.1,0,0,0,1,159.3031937,12.85660226,0,0,0,0,0.007633387418,40,0,50,0,0,0,0,0.25488511,0.3511279796
stack_earlier,double,25000,1,0.1,1,slow,60,60,15,0,floor,0.05,False,0.5,0.2,0.1,0,dusk,1,625,0.1,0,0,0,1,0,7.293215714,0,0,0,4.066249017,0,60,4.206412996e-12,0,0,0,0,0,0,0.5262857988
stack_earlier,double,25000,1,0.1,1,fast,60,60,15,0,floor,0.05,False,0.5,0.2,0.1,0,dusk,1,625,0.1,0,0,0,1,159.3031937,12.85660226,0,0,0,0,0.007633387418,40,4.547473509e-13,50,0,0,0,0,0.25488511,0.3511279796
stack_earlier,double,25000,1,0.1,5,slow,60,60,15,0,floor,0.05,False,0.5,0.2,0.1,0,dusk,1,625,0.1,2,0,0,0,0,5.948262857,1.066139282,0,0,0,0,0,0,0,1,120.7373979,0,0,0,0.5479862855
stack_earlier,double,25000,1,0.1,5,fast,60,60,15,0,floor,0.05,False,0.5,0.2,0.1,0,dusk,1,625,0.1,0,0,0,1,159.3031937,12.85660226,0,0,0,0,0.007633387418,40,19.40186915,50,0,0,0,0,0.25488511,0.3511279796
stack_earlier,double,25000,1,0.3,0,slow,60,60,15,0,floor,0.05,False,0.5,0.2,0.1,0,dusk,1,1875,0.1665663658,0,0,0,1,13.73682814,20.46850489,0,0,0,0,0.0008012124081,60,0,50,0,0,0,0,0.007326308342,0.530746715
stack_earlier,double,25000,1,0.3,0,fast,60,60,15,0,floor,0.05,False,0.5,0.2,0.1,0,dusk,1,1875,0.1665663658,0,0,0,1,635.9450805,36.77489442,0,0,0,0,0.03085217835,60,0,50,0,0,0,0,0.3391707096,0.3368976412
stack_earlier,double,25000,1,0.3,1,slow,60,60,15,0,floor,0.05,False,0.5,0.2,0.1,0,dusk,1,1875,0.1665663658,0,0,0,1,13.73682814,20.46850489,0,0,0,0,0.0008012124081,60,6.366462912e-12,50,0,0,0,0,0.007326308342,0.530746715
stack_earlier,double,25000,1,0.3,1,fast,60,60,15,0,floor,0.05,False,0.5,0.2,0.1,0,dusk,1,1875,0.1665663658,0,0,0,1,635.9450805,36.77489442,0,0,0,0,0.03085217835,60,9.094947018e-13,50,0,0,0,0,0.3391707096,0.3368976412
stack_earlier,double,25000,1,0.3,5,slow,60,60,15,0,floor,0.05,False,0.5,0.2,0.1,0,dusk,1,1875,0.1665663658,0,0,0,1,13.73682814,20.46850489,0,0,0,0,0.0008012124081,60,283.1497732,50,0,0,0,0,0.007326308342,0.530746715
stack_earlier,double,25000,1,0.3,5,fast,60,60,15,0,floor,0.05,False,0.5,0.2,0.1,0,dusk,1,1875,0.1665663658,0,0,0,1,635.9450805,36.77489442,0,0,0,0,0.03085217835,60,153.6173545,50,0,0,0,0,0.3391707096,0.3368976412
stack_earlier,double,25000,1,0.6,0,slow,60,60,15,0,floor,0.05,False,0.5,0.2,0.1,0,dusk,0,0,0,0,0,0,0,0,0,0,0,0,0,0,0,0,0,0,0,0,0,0,0.995
stack_earlier,double,25000,1,0.6,0,fast,60,60,15,0,floor,0.05,False,0.5,0.2,0.1,0,dusk,0,0,0,0,0,0,0,0,0,0,0,0,0,0,0,0,0,0,0,0,0,0,0.97
stack_earlier,double,25000,1,0.6,1,slow,60,60,15,0,floor,0.05,False,0.5,0.2,0.1,0,dusk,0,0,0,0,0,0,0,0,0,0,0,0,0,0,0,0,0,0,0,0,0,0,0.995
stack_earlier,double,25000,1,0.6,1,fast,60,60,15,0,floor,0.05,False,0.5,0.2,0.1,0,dusk,0,0,0,0,0,0,0,0,0,0,0,0,0,0,0,0,0,0,0,0,0,0,0.97
stack_earlier,double,25000,1,0.6,5,slow,60,60,15,0,floor,0.05,False,0.5,0.2,0.1,0,dusk,0,0,0,0,0,0,0,0,0,0,0,0,0,0,0,0,0,0,0,0,0,0,0.995
stack_earlier,double,25000,1,0.6,5,fast,60,60,15,0,floor,0.05,False,0.5,0.2,0.1,0,dusk,0,0,0,0,0,0,0,0,0,0,0,0,0,0,0,0,0,0,0,0,0,0,0.97
stack_earlier,double,25000,10,0.1,0,slow,60,60,15,0,floor,0.05,False,0.5,0.2,0.1,0,dusk,10,625,0.1,14,0,0,9,0,8.815596385,1.005429929,5.534238469,0,5.154957416,0,900,0,0,1,3.329509546,0,0,0,0.4784315376
stack_earlier,double,25000,10,0.1,0,fast,60,60,15,0,floor,0.05,False,0.5,0.2,0.1,0,dusk,10,625,0.1,0,0,0,10,78.88007971,13.02432743,0,0,0,0,0.003725974673,40,0,125,0,0,0,0,0.1262081275,0.3337128841
stack_earlier,double,25000,10,0.1,1,slow,60,60,15,0,floor,0.05,False,0.5,0.2,0.1,0,dusk,10,625,0.1,25,0,0,0,0,5.48532428,4.775076804,0,0,0,0,0,0,0,10,163.0200801,0,1,0,0.5436840596
stack_earlier,double,25000,10,0.1,1,fast,60,60,15,0,floor,0.05,False,0.5,0.2,0.1,0,dusk,10,625,0.1,0,0,0,10,78.88007971,13.02432743,0,0,0,0,0.003725974673,40,22.59369573,125,0,0,0,0,0.1262081275,0.3337128841
stack_earlier,double,25000,10,0.1,5,slow,60,60,15,0,floor,0.05,False,0.5,0.2,0.1,0,dusk,10,625,0.1,24,0,0,0,0,5.324509804,4.518812576,0,0,0,0,0,0,0,10,175.4941829,0,2,0,0.5464134628
stack_earlier,double,25000,10,0.1,5,fast,60,60,15,0,floor,0.05,False,0.5,0.2,0.1,0,dusk,10,625,0.1,0,0,0,10,78.88007971,13.02432743,0,0,0,0,0.003725974673,40,24.69663692,125,0,0,0,0,0.1262081275,0.3337128841
stack_earlier,double,25000,10,0.3,0,slow,60,60,15,0,floor,0.05,False,0.5,0.2,0.1,0,dusk,4,750,0.1164159144,2,0,0,4,0,10.50680481,0.207497208,17.34235463,0,12.70181191,0,1560,0,0,0,0,0,0,0,0.5298162775
stack_earlier,double,25000,10,0.3,0,fast,60,60,15,0,floor,0.05,False,0.5,0.2,0.1,0,dusk,4,750,0.1164159144,0,0,0,4,119.2758019,15.64095458,0,0,0,0,0.005707854942,60,0,125,0,0,0,0,0.1590344025,0.3350003226
stack_earlier,double,25000,10,0.3,1,slow,60,60,15,0,floor,0.05,False,0.5,0.2,0.1,0,dusk,4,750,0.1164159144,11,0,0,1,0,5.350834351,8.028223117,6.921517924,0,3.75,0,60,1.222133506e-12,0,3,140.0006117,0,0,0,0.5261349257
stack_earlier,double,25000,10,0.3,1,fast,60,60,15,0,floor,0.05,False,0.5,0.2,0.1,0,dusk,4,750,0.1164159144,0,0,0,4,119.2758019,15.64095458,0,0,0,0,0.005707854942,60,27.13126155,125,0,0,0,0,0.1590344025,0.3350003226
stack_earlier,double,25000,10,0.3,5,slow,60,60,15,0,floor,0.05,False,0.5,0.2,0.1,0,dusk,4,750,0.1164159144,11,0,0,0,0,6.322044545,3.590745754,0,0,0,0,0,0,0,4,199.8797422,0,0,0,0.5479862855
stack_earlier,double,25000,10,0.3,5,fast,60,60,15,0,floor,0.05,False,0.5,0.2,0.1,0,dusk,4,750,0.1164159144,0,0,0,4,119.2758019,15.64095458,0,0,0,0,0.005707854942,60,34.66521826,125,0,0,0,0,0.1590344025,0.3350003226
stack_earlier,double,25000,10,0.6,0,slow,60,60,15,0,floor,0.05,False,0.5,0.2,0.1,0,dusk,2,750,0.1164159144,0,0,0,2,0,8.921864139,0,26.36794857,0,15,0,60,0,0,0,0,0,0,0,0.5346209813
stack_earlier,double,25000,10,0.6,0,fast,60,60,15,0,floor,0.05,False,0.5,0.2,0.1,0,dusk,2,750,0.1164159144,0,0,0,2,162.4409157,15.38842529,0,0,0,0,0.007890182615,50,0,90,0,0,0,0,0.2165878876,0.3334485643
stack_earlier,double,25000,10,0.6,1,slow,60,60,15,0,floor,0.05,False,0.5,0.2,0.1,0,dusk,2,750,0.1164159144,3,0,0,1,0,6.1018506,18.64484768,21.06492565,0,7.5,0,60,2.160049917e-12,0,1,72.54136005,0,0,0,0.505344689
stack_earlier,double,25000,10,0.6,1,fast,60,60,15,0,floor,0.05,False,0.5,0.2,0.1,0,dusk,2,750,0.1164159144,0,0,0,2,162.4409157,15.38842529,0,0,0,0,0.007890182615,50,18.53567704,90,0,0,0,0,0.2165878876,0.3334485643
stack_earlier,double,25000,10,0.6,5,slow,60,60,15,0,floor,0.05,False,0.5,0.2,0.1,0,dusk,2,750,0.1164159144,4,0,0,0,0,6.143244373,2.662434234,0,0,0,0,0,0,0,2,226.4354654,0,1,0,0.5479862855
stack_earlier,double,25000,10,0.6,5,fast,60,60,15,0,floor,0.05,False,0.5,0.2,0.1,0,dusk,2,750,0.1164159144,0,0,0,2,162.4409157,15.38842529,0,0,0,0,0.007890182615,50,32.97892709,90,0,0,0,0,0.2165878876,0.3334485643
stack_earlier,double,100000,1,0.1,0,slow,60,60,15,0,floor,0.05,False,0.5,0.2,0.1,0,dusk,1,2500,0.1,0,0,0,1,0,29.17286286,0,0,0,16.26499607,0,60,0,0,0,0,0,0,0,0.5262857988
stack_earlier,double,100000,1,0.1,0,fast,60,60,15,0,floor,0.05,False,0.5,0.2,0.1,0,dusk,1,2500,0.1,0,0,0,1,637.2127749,51.42640902,0,0,0,0,0.007633387418,40,0,200,0,0,0,0,0.25488511,0.3511279796
stack_earlier,double,100000,1,0.1,1,slow,60,60,15,0,floor,0.05,False,0.5,0.2,0.1,0,dusk,1,2500,0.1,0,0,0,1,0,29.17286286,0,0,0,16.26499607,0,60,1.682565198e-11,0,0,0,0,0,0,0.5262857988
stack_earlier,double,100000,1,0.1,1,fast,60,60,15,0,floor,0.05,False,0.5,0.2,0.1,0,dusk,1,2500,0.1,0,0,0,1,637.2127749,51.42640902,0,0,0,0,0.007633387418,40,1.818989404e-12,200,0,0,0,0,0.25488511,0.3511279796
stack_earlier,double,100000,1,0.1,5,slow,60,60,15,0,floor,0.05,False,0.5,0.2,0.1,0,dusk,1,2500,0.1,2,0,0,0,0,23.79305143,4.264557126,0,0,0,0,0,0,0,1,482.9495914,0,0,0,0.5479862855
stack_earlier,double,100000,1,0.1,5,fast,60,60,15,0,floor,0.05,False,0.5,0.2,0.1,0,dusk,1,2500,0.1,0,0,0,1,637.2127749,51.42640902,0,0,0,0,0.007633387418,40,77.60747661,200,0,0,0,0,0.25488511,0.3511279796
stack_earlier,double,100000,1,0.3,0,slow,60,60,15,0,floor,0.05,False,0.5,0.2,0.1,0,dusk,1,7500,0.1665663658,0,0,0,1,54.94731257,81.87401958,0,0,0,0,0.0008012124081,60,0,200,0,0,0,0,0.007326308342,0.530746715
stack_earlier,double,100000,1,0.3,0,fast,60,60,15,0,floor,0.05,False,0.5,0.2,0.1,0,dusk,1,7500,0.1665663658,0,0,0,1,2543.780322,147.0995777,0,0,0,0,0.03085217835,60,0,200,0,0,0,0,0.3391707096,0.3368976412
stack_earlier,double,100000,1,0.3,1,slow,60,60,15,0,floor,0.05,False,0.5,0.2,0.1,0,dusk,1,7500,0.1665663658,0,0,0,1,54.94731257,81.87401958,0,0,0,0,0.0008012124081,60,2.546585165e-11,200,0,0,0,0,0.007326308342,0.530746715
stack_earlier,double,100000,1,0.3,1,fast,60,60,15,0,floor,0.05,False,0.5,0.2,0.1,0,dusk,1,7500,0.1665663658,0,0,0,1,2543.780322,147.0995777,0,0,0,0,0.03085217835,60,3.637978807e-12,200,0,0,0,0,0.3391707096,0.3368976412
stack_earlier,double,100000,1,0.3,5,slow,60,60,15,0,floor,0.05,False,0.5,0.2,0.1,0,dusk,1,7500,0.1665663658,0,0,0,1,54.94731257,81.87401958,0,0,0,0,0.0008012124081,60,1132.599093,200,0,0,0,0,0.007326308342,0.530746715
stack_earlier,double,100000,1,0.3,5,fast,60,60,15,0,floor,0.05,False,0.5,0.2,0.1,0,dusk,1,7500,0.1665663658,0,0,0,1,2543.780322,147.0995777,0,0,0,0,0.03085217835,60,614.4694181,200,0,0,0,0,0.3391707096,0.3368976412
stack_earlier,double,100000,1,0.6,0,slow,60,60,15,0,floor,0.05,False,0.5,0.2,0.1,0,dusk,0,0,0,0,0,0,0,0,0,0,0,0,0,0,0,0,0,0,0,0,0,0,0.995
stack_earlier,double,100000,1,0.6,0,fast,60,60,15,0,floor,0.05,False,0.5,0.2,0.1,0,dusk,0,0,0,0,0,0,0,0,0,0,0,0,0,0,0,0,0,0,0,0,0,0,0.97
stack_earlier,double,100000,1,0.6,1,slow,60,60,15,0,floor,0.05,False,0.5,0.2,0.1,0,dusk,0,0,0,0,0,0,0,0,0,0,0,0,0,0,0,0,0,0,0,0,0,0,0.995
stack_earlier,double,100000,1,0.6,1,fast,60,60,15,0,floor,0.05,False,0.5,0.2,0.1,0,dusk,0,0,0,0,0,0,0,0,0,0,0,0,0,0,0,0,0,0,0,0,0,0,0.97
stack_earlier,double,100000,1,0.6,5,slow,60,60,15,0,floor,0.05,False,0.5,0.2,0.1,0,dusk,0,0,0,0,0,0,0,0,0,0,0,0,0,0,0,0,0,0,0,0,0,0,0.995
stack_earlier,double,100000,1,0.6,5,fast,60,60,15,0,floor,0.05,False,0.5,0.2,0.1,0,dusk,0,0,0,0,0,0,0,0,0,0,0,0,0,0,0,0,0,0,0,0,0,0,0.97
stack_earlier,double,100000,10,0.1,0,slow,60,60,15,0,floor,0.05,False,0.5,0.2,0.1,0,dusk,10,2500,0.1,14,0,0,9,0,35.26238554,4.021719717,22.13695388,0,20.61982966,0,900,0,0,1,13.31803818,0,0,0,0.4784315376
stack_earlier,double,100000,10,0.1,0,fast,60,60,15,0,floor,0.05,False,0.5,0.2,0.1,0,dusk,10,2500,0.1,0,0,0,10,315.5203188,52.09730973,0,0,0,0,0.003725974673,40,0,500,0,0,0,0,0.1262081275,0.3337128841
stack_earlier,double,100000,10,0.1,1,slow,60,60,15,0,floor,0.05,False,0.5,0.2,0.1,0,dusk,10,2500,0.1,25,0,0,0,0,21.80406227,18.82315153,0,0,0,0,0,0,0,10,657.4085781,0,1,0,0.5436840596
stack_earlier,double,100000,10,0.1,1,fast,60,60,15,0,floor,0.05,False,0.5,0.2,0.1,0,dusk,10,2500,0.1,0,0,0,10,315.5203188,52.09730973,0,0,0,0,0.003725974673,40,90.37478291,500,0,0,0,0,0.1262081275,0.3337128841
stack_earlier,double,100000,10,0.1,5,slow,60,60,15,0,floor,0.05,False,0.5,0.2,0.1,0,dusk,10,2500,0.1,24,0,0,0,0,21.29803921,18.0752503,0,0,0,0,0,0,0,10,701.9767316,0,2,0,0.5464134628
stack_earlier,double,100000,10,0.1,5,fast,60,60,15,0,floor,0.05,False,0.5,0.2,0.1,0,dusk,10,2500,0.1,0,0,0,10,315.5203188,52.09730973,0,0,0,0,0.003725974673,40,98.78654768,500,0,0,0,0,0.1262081275,0.3337128841
stack_earlier,double,100000,10,0.3,0,slow,60,60,15,0,floor,0.05,False,0.5,0.2,0.1,0,dusk,4,3000,0.1164159144,2,0,0,4,0,42.02721923,0.8299888321,69.3694185,0,50.80724766,0,1560,0,0,0,0,0,0,0,0.5298162775
stack_earlier,double,100000,10,0.3,0,fast,60,60,15,0,floor,0.05,False,0.5,0.2,0.1,0,dusk,4,3000,0.1164159144,0,0,0,4,477.1032075,62.56381833,0,0,0,0,0.005707854942,60,0,500,0,0,0,0,0.1590344025,0.3350003226
stack_earlier,double,100000,10,0.3,1,slow,60,60,15,0,floor,0.05,False,0.5,0.2,0.1,0,dusk,4,3000,0.1164159144,11,0,0,1,0,21.4033374,32.11289247,27.68607169,0,15,0,60,4.888534022e-12,0,3,560.0024467,0,0,0,0.5261349257
stack_earlier,double,100000,10,0.3,1,fast,60,60,15,0,floor,0.05,False,0.5,0.2,0.1,0,dusk,4,3000,0.1164159144,0,0,0,4,477.1032075,62.56381833,0,0,0,0,0.005707854942,60,108.5250462,500,0,0,0,0,0.1590344025,0.3350003226
stack_earlier,double,100000,10,0.3,5,slow,60,60,15,0,floor,0.05,False,0.5,0.2,0.1,0,dusk,4,3000,0.1164159144,11,0,0,0,0,25.28817818,14.36298302,0,0,0,0,0,0,0,4,799.5189686,0,0,0,0.5479862855
stack_earlier,double,100000,10,0.3,5,fast,60,60,15,0,floor,0.05,False,0.5,0.2,0.1,0,dusk,4,3000,0.1164159144,0,0,0,4,477.1032075,62.56381833,0,0,0,0,0.005707854942,60,138.6608731,500,0,0,0,0,0.1590344025,0.3350003226
stack_earlier,double,100000,10,0.6,0,slow,60,60,15,0,floor,0.05,False,0.5,0.2,0.1,0,dusk,2,3000,0.1164159144,0,0,0,2,0,35.68745656,0,105.4717943,0,60,0,60,0,0,0,0,0,0,0,0.5346209813
stack_earlier,double,100000,10,0.6,0,fast,60,60,15,0,floor,0.05,False,0.5,0.2,0.1,0,dusk,2,3000,0.1164159144,0,0,0,2,649.7636628,61.55370115,0,0,0,0,0.007890182615,50,0,360,0,0,0,0,0.2165878876,0.3334485643
stack_earlier,double,100000,10,0.6,1,slow,60,60,15,0,floor,0.05,False,0.5,0.2,0.1,0,dusk,2,3000,0.1164159144,3,0,0,1,0,24.4074024,74.57939074,84.25970259,0,30,0,60,8.640199667e-12,0,1,290.1654402,0,0,0,0.505344689
stack_earlier,double,100000,10,0.6,1,fast,60,60,15,0,floor,0.05,False,0.5,0.2,0.1,0,dusk,2,3000,0.1164159144,0,0,0,2,649.7636628,61.55370115,0,0,0,0,0.007890182615,50,74.14270817,360,0,0,0,0,0.2165878876,0.3334485643
stack_earlier,double,100000,10,0.6,5,slow,60,60,15,0,floor,0.05,False,0.5,0.2,0.1,0,dusk,2,3000,0.1164159144,4,0,0,0,0,24.57297749,10.64973694,0,0,0,0,0,0,0,2,905.7418616,0,1,0,0.5479862855
stack_earlier,double,100000,10,0.6,5,fast,60,60,15,0,floor,0.05,False,0.5,0.2,0.1,0,dusk,2,3000,0.1164159144,0,0,0,2,649.7636628,61.55370115,0,0,0,0,0.007890182615,50,131.9157083,360,0,0,0,0,0.2165878876,0.3334485643
stack_earlier,double,1000000,1,0.1,0,slow,60,60,15,0,floor,0.05,False,0.5,0.2,0.1,0,dusk,1,25000,0.1,0,0,0,1,0,291.7286286,0,0,0,162.6499607,0,60,0,0,0,0,0,0,0,0.5262857988
stack_earlier,double,1000000,1,0.1,0,fast,60,60,15,0,floor,0.05,False,0.5,0.2,0.1,0,dusk,1,25000,0.1,0,0,0,1,6372.127749,514.2640902,0,0,0,0,0.007633387418,40,0,2000,0,0,0,0,0.25488511,0.3511279796
stack_earlier,double,1000000,1,0.1,1,slow,60,60,15,0,floor,0.05,False,0.5,0.2,0.1,0,dusk,1,25000,0.1,0,0,0,1,0,291.7286286,0,0,0,162.6499607,0,60,1.564330887e-10,0,0,0,0,0,0,0.5262857988
stack_earlier,double,1000000,1,0.1,1,fast,60,60,15,0,floor,0.05,False,0.5,0.2,0.1,0,dusk,1,25000,0.1,0,0,0,1,6372.127749,514.2640902,0,0,0,0,0.007633387418,40,2.182787284e-11,2000,0,0,0,0,0.25488511,0.3511279796
stack_earlier,double,1000000,1,0.1,5,slow,60,60,15,0,floor,0.05,False,0.5,0.2,0.1,0,dusk,1,25000,0.1,2,0,0,0,0,237.9305143,42.64557126,0,0,0,0,0,0,0,1,4829.495914,0,0,0,0.5479862855
stack_earlier,double,1000000,1,0.1,5,fast,60,60,15,0,floor,0.05,False,0.5,0.2,0.1,0,dusk,1,25000,0.1,0,0,0,1,6372.127749,514.2640902,0,0,0,0,0.007633387418,40,776.0747661,2000,0,0,0,0,0.25488511,0.3511279796
stack_earlier,double,1000000,1,0.3,0,slow,60,60,15,0,floor,0.05,False,0.5,0.2,0.1,0,dusk,1,75000,0.1665663658,0,0,0,1,549.4731257,818.7401958,0,0,0,0,0.0008012124081,60,0,2000,0,0,0,0,0.007326308342,0.530746715
stack_earlier,double,1000000,1,0.3,0,fast,60,60,15,0,floor,0.05,False,0.5,0.2,0.1,0,dusk,1,75000,0.1665663658,0,0,0,1,25437.80322,1470.995777,0,0,0,0,0.03085217835,60,0,2000,0,0,0,0,0.3391707096,0.3368976412
stack_earlier,double,1000000,1,0.3,1,slow,60,60,15,0,floor,0.05,False,0.5,0.2,0.1,0,dusk,1,75000,0.1665663658,0,0,0,1,549.4731257,818.7401958,0,0,0,0,0.0008012124081,60,2.328306437e-10,2000,0,0,0,0,0.007326308342,0.530746715
stack_earlier,double,1000000,1,0.3,1,fast,60,60,15,0,floor,0.05,False,0.5,0.2,0.1,0,dusk,1,75000,0.1665663658,0,0,0,1,25437.80322,1470.995777,0,0,0,0,0.03085217835,60,4.365574569e-11,2000,0,0,0,0,0.3391707096,0.3368976412
stack_earlier,double,1000000,1,0.3,5,slow,60,60,15,0,floor,0.05,False,0.5,0.2,0.1,0,dusk,1,75000,0.1665663658,0,0,0,1,549.4731257,818.7401958,0,0,0,0,0.0008012124081,60,11325.99093,2000,0,0,0,0,0.007326308342,0.530746715
stack_earlier,double,1000000,1,0.3,5,fast,60,60,15,0,floor,0.05,False,0.5,0.2,0.1,0,dusk,1,75000,0.1665663658,0,0,0,1,25437.80322,1470.995777,0,0,0,0,0.03085217835,60,6144.694181,2000,0,0,0,0,0.3391707096,0.3368976412
stack_earlier,double,1000000,1,0.6,0,slow,60,60,15,0,floor,0.05,False,0.5,0.2,0.1,0,dusk,0,0,0,0,0,0,0,0,0,0,0,0,0,0,0,0,0,0,0,0,0,0,0.995
stack_earlier,double,1000000,1,0.6,0,fast,60,60,15,0,floor,0.05,False,0.5,0.2,0.1,0,dusk,0,0,0,0,0,0,0,0,0,0,0,0,0,0,0,0,0,0,0,0,0,0,0.97
stack_earlier,double,1000000,1,0.6,1,slow,60,60,15,0,floor,0.05,False,0.5,0.2,0.1,0,dusk,0,0,0,0,0,0,0,0,0,0,0,0,0,0,0,0,0,0,0,0,0,0,0.995
stack_earlier,double,1000000,1,0.6,1,fast,60,60,15,0,floor,0.05,False,0.5,0.2,0.1,0,dusk,0,0,0,0,0,0,0,0,0,0,0,0,0,0,0,0,0,0,0,0,0,0,0.97
stack_earlier,double,1000000,1,0.6,5,slow,60,60,15,0,floor,0.05,False,0.5,0.2,0.1,0,dusk,0,0,0,0,0,0,0,0,0,0,0,0,0,0,0,0,0,0,0,0,0,0,0.995
stack_earlier,double,1000000,1,0.6,5,fast,60,60,15,0,floor,0.05,False,0.5,0.2,0.1,0,dusk,0,0,0,0,0,0,0,0,0,0,0,0,0,0,0,0,0,0,0,0,0,0,0.97
stack_earlier,double,1000000,10,0.1,0,slow,60,60,15,0,floor,0.05,False,0.5,0.2,0.1,0,dusk,10,25000,0.1,14,0,0,9,0,352.6238554,40.21719717,221.3695388,0,206.1982966,0,900,0,0,1,133.1803818,0,0,0,0.4784315376
stack_earlier,double,1000000,10,0.1,0,fast,60,60,15,0,floor,0.05,False,0.5,0.2,0.1,0,dusk,10,25000,0.1,0,0,0,10,3155.203188,520.9730973,0,0,0,0,0.003725974673,40,0,5000,0,0,0,0,0.1262081275,0.3337128841
stack_earlier,double,1000000,10,0.1,1,slow,60,60,15,0,floor,0.05,False,0.5,0.2,0.1,0,dusk,10,25000,0.1,25,0,0,0,0,218.0406227,188.2315153,0,0,0,0,0,0,0,10,6574.085781,0,1,0,0.5436840596
stack_earlier,double,1000000,10,0.1,1,fast,60,60,15,0,floor,0.05,False,0.5,0.2,0.1,0,dusk,10,25000,0.1,0,0,0,10,3155.203188,520.9730973,0,0,0,0,0.003725974673,40,903.7478291,5000,0,0,0,0,0.1262081275,0.3337128841
stack_earlier,double,1000000,10,0.1,5,slow,60,60,15,0,floor,0.05,False,0.5,0.2,0.1,0,dusk,10,25000,0.1,24,0,0,0,0,212.9803921,180.752503,0,0,0,0,0,0,0,10,7019.767316,0,2,0,0.5464134628
stack_earlier,double,1000000,10,0.1,5,fast,60,60,15,0,floor,0.05,False,0.5,0.2,0.1,0,dusk,10,25000,0.1,0,0,0,10,3155.203188,520.9730973,0,0,0,0,0.003725974673,40,987.8654768,5000,0,0,0,0,0.1262081275,0.3337128841
stack_earlier,double,1000000,10,0.3,0,slow,60,60,15,0,floor,0.05,False,0.5,0.2,0.1,0,dusk,4,30000,0.1164159144,2,0,0,4,0,420.2721923,8.299888321,693.694185,0,508.0724766,0,1560,0,0,0,0,0,0,0,0.5298162775
stack_earlier,double,1000000,10,0.3,0,fast,60,60,15,0,floor,0.05,False,0.5,0.2,0.1,0,dusk,4,30000,0.1164159144,0,0,0,4,4771.032075,625.6381833,0,0,0,0,0.005707854942,60,0,5000,0,0,0,0,0.1590344025,0.3350003226
stack_earlier,double,1000000,10,0.3,1,slow,60,60,15,0,floor,0.05,False,0.5,0.2,0.1,0,dusk,4,30000,0.1164159144,11,0,0,1,0,214.033374,321.1289247,276.8607169,0,150,0,60,4.547473509e-11,0,3,5600.024467,0,0,0,0.5261349257
stack_earlier,double,1000000,10,0.3,1,fast,60,60,15,0,floor,0.05,False,0.5,0.2,0.1,0,dusk,4,30000,0.1164159144,0,0,0,4,4771.032075,625.6381833,0,0,0,0,0.005707854942,60,1085.250462,5000,0,0,0,0,0.1590344025,0.3350003226
stack_earlier,double,1000000,10,0.3,5,slow,60,60,15,0,floor,0.05,False,0.5,0.2,0.1,0,dusk,4,30000,0.1164159144,11,0,0,0,0,252.8817818,143.6298302,0,0,0,0,0,0,0,4,7995.189686,0,0,0,0.5479862855
stack_earlier,double,1000000,10,0.3,5,fast,60,60,15,0,floor,0.05,False,0.5,0.2,0.1,0,dusk,4,30000,0.1164159144,0,0,0,4,4771.032075,625.6381833,0,0,0,0,0.005707854942,60,1386.608731,5000,0,0,0,0,0.1590344025,0.3350003226
stack_earlier,double,1000000,10,0.6,0,slow,60,60,15,0,floor,0.05,False,0.5,0.2,0.1,0,dusk,2,30000,0.1164159144,0,0,0,2,0,356.8745656,0,1054.717943,0,600,0,60,0,0,0,0,0,0,0,0.5346209813
stack_earlier,double,1000000,10,0.6,0,fast,60,60,15,0,floor,0.05,False,0.5,0.2,0.1,0,dusk,2,30000,0.1164159144,0,0,0,2,6497.636628,615.5370115,0,0,0,0,0.007890182615,50,0,3600,0,0,0,0,0.2165878876,0.3334485643
stack_earlier,double,1000000,10,0.6,1,slow,60,60,15,0,floor,0.05,False,0.5,0.2,0.1,0,dusk,2,30000,0.1164159144,3,0,0,1,0,244.074024,745.7939074,842.5970259,0,300,0,60,8.185452316e-11,0,1,2901.654402,0,0,0,0.505344689
stack_earlier,double,1000000,10,0.6,1,fast,60,60,15,0,floor,0.05,False,0.5,0.2,0.1,0,dusk,2,30000,0.1164159144,0,0,0,2,6497.636628,615.5370115,0,0,0,0,0.007890182615,50,741.4270817,3600,0,0,0,0,0.2165878876,0.3334485643
stack_earlier,double,1000000,10,0.6,5,slow,60,60,15,0,floor,0.05,False,0.5,0.2,0.1,0,dusk,2,30000,0.1164159144,4,0,0,0,0,245.7297749,106.4973694,0,0,0,0,0,0,0,2,9057.418616,0,1,0,0.5479862855
stack_earlier,double,1000000,10,0.6,5,fast,60,60,15,0,floor,0.05,False,0.5,0.2,0.1,0,dusk,2,30000,0.1164159144,0,0,0,2,6497.636628,615.5370115,0,0,0,0,0.007890182615,50,1319.157083,3600,0,0,0,0,0.2165878876,0.3334485643
