critical_bps,amplification,controller,hlp,debt_side,pieces,path,withdrawal_bps,transfer_fee_bps,emergency_first,opened,original_debt,partial,flash,emergency,repaid,insurance,loss,owner,reward,contribution,buyer_profit,debt_transfer_cost,sold_reference,survivor_equity,remaining,eligible,eligible_debt,first_emergency_step,first_emergency_health,first_emergency_mm,emergency_with_partial,cash_rejections,eligible_above_emergency,eligible_above_emergency_debt,largest_eligible_debt,residual_shortfall,residual_quote_failures,blocked
7500,1,false,false,0,1,0,0,0,false,1,7500000,2,0,1,6875985,200129,423886,0,17591,647,456,0,8295568,0,0,0,0,68,990,1352,0,0,0,0,0,0,0,
7500,1,false,false,0,1,0,0,0,true,1,7500000,0,0,1,6884250,200000,415750,0,17481,0,0,0,8352796,0,0,0,0,67,1020,1366,1,0,0,0,0,0,0,
7500,1,false,false,0,1,0,2500,100,false,1,7500000,2,0,1,6542581,198126,759293,0,16704,640,132,178,8290087,0,0,0,0,64,984,1349,0,0,0,0,0,0,0,
7500,1,false,false,0,1,0,2500,100,true,1,7500000,0,0,1,6543049,198000,758951,0,16341,0,0,166,8352374,0,0,0,0,63,1020,1363,1,0,0,0,0,0,0,
7500,1,false,false,0,1,1,0,0,false,1,7500000,0,0,1,5317896,200000,1982104,0,19850,0,0,0,8204715,0,0,0,0,21,858,1366,0,0,0,0,0,0,0,
7500,1,false,false,0,1,1,0,0,true,1,7500000,0,0,1,5317896,200000,1982104,0,19850,0,0,0,8204715,0,0,0,0,21,858,1366,0,0,0,0,0,0,0,
7500,1,false,false,0,1,1,2500,100,false,1,7500000,0,0,1,5132539,198000,2169461,0,16943,0,0,172,8251609,0,0,0,0,20,910,1363,0,0,0,0,0,0,0,
7500,1,false,false,0,1,1,2500,100,true,1,7500000,0,0,1,5132539,198000,2169461,0,16943,0,0,172,8251609,0,0,0,0,20,910,1363,0,0,0,0,0,0,0,
7500,1,false,false,0,1,2,0,0,false,1,7500000,0,0,1,5347027,200000,1952973,0,47189,0,0,0,7631139,0,0,0,0,4,171,1366,0,0,0,0,0,0,0,
7500,1,false,false,0,1,2,0,0,true,1,7500000,0,0,1,5347027,200000,1952973,0,47189,0,0,0,7631139,0,0,0,0,4,171,1366,0,0,0,0,0,0,0,
7500,1,false,false,0,1,2,2500,100,false,1,7500000,0,0,1,5010386,198000,2291614,0,50102,0,0,507,7479279,0,0,0,0,4,0,1363,0,0,0,0,0,0,0,
7500,1,false,false,0,1,2,2500,100,true,1,7500000,0,0,1,5010386,198000,2291614,0,50102,0,0,507,7479279,0,0,0,0,4,0,1363,0,0,0,0,0,0,0,
7500,1,false,false,0,1,3,0,0,false,1,7500000,1,0,1,6843902,200032,456066,0,18506,163,60,0,8318103,0,0,0,0,57,991,1363,0,0,0,0,0,0,0,
7500,1,false,false,0,1,3,0,0,true,1,7500000,0,0,1,6843390,200000,456610,0,19241,0,0,0,8318104,0,0,0,0,57,983,1366,1,0,0,0,0,0,0,
7500,1,false,false,0,1,3,2500,100,false,1,7500000,0,0,1,6530311,198000,771689,0,16357,0,0,166,8351205,0,0,0,0,53,1019,1363,0,0,0,0,0,0,0,
7500,1,false,false,0,1,3,2500,100,true,1,7500000,0,0,1,6530311,198000,771689,0,16357,0,0,166,8351205,0,0,0,0,53,1019,1363,0,0,0,0,0,0,0,
7500,1,false,false,0,10,0,0,0,false,9,6750000,35,0,7,6745280,0,0,18845,3719,13490,16393,0,6914314,222,4720,2,4720,50,515,700,0,0,0,0,4118,154,0,entry:LeverageInitialMarginTooLow
7500,1,false,false,0,10,0,0,0,true,9,6750000,6,0,9,6750000,0,0,115194,17357,13497,340,0,7091795,0,0,0,0,40,504,700,9,0,0,0,0,0,0,entry:LeverageInitialMarginTooLow
7500,1,false,false,0,10,0,2500,100,false,8,6000000,30,0,7,5999146,0,0,15854,3430,11858,18273,540,6157310,80,854,0,0,56,524,700,0,0,0,0,0,0,0,entry:LeverageInitialMarginTooLow
7500,1,false,false,0,10,0,2500,100,true,8,6000000,6,0,8,6000000,0,0,66465,15406,11871,4248,1007,6282957,0,0,0,0,46,500,700,8,0,0,0,0,0,0,entry:LeverageInitialMarginTooLow
7500,1,false,false,0,10,1,0,0,false,9,6750000,0,0,9,5248503,500000,1001497,0,23940,0,0,0,7017970,0,0,0,0,15,447,700,0,0,0,0,0,0,0,entry:LeverageInitialMarginTooLow
7500,1,false,false,0,10,1,0,0,true,9,6750000,0,0,9,5248503,500000,1001497,0,23940,0,0,0,7017970,0,0,0,0,15,447,700,0,0,0,0,0,0,0,entry:LeverageInitialMarginTooLow
7500,1,false,false,0,10,1,2500,100,false,8,6000000,0,0,8,4667923,494997,837080,0,17934,0,0,186,6269045,0,0,0,0,16,494,700,0,0,0,0,0,0,0,entry:LeverageInitialMarginTooLow
7500,1,false,false,0,10,1,2500,100,true,8,6000000,0,0,8,4667923,494997,837080,0,17934,0,0,186,6269045,0,0,0,0,16,494,700,0,0,0,0,0,0,0,entry:LeverageInitialMarginTooLow
7500,1,false,false,0,10,2,0,0,false,9,6750000,0,1,8,5483131,500000,766869,0,40983,0,37485,0,6643028,0,0,0,0,3,310,700,0,0,0,0,0,0,0,entry:LeverageInitialMarginTooLow
7500,1,false,false,0,10,2,0,0,true,9,6750000,0,0,9,5491290,500000,758710,22694,46115,1500,0,0,6643028,0,0,0,0,3,310,700,0,0,0,0,0,0,0,entry:LeverageInitialMarginTooLow
7500,1,false,false,0,10,2,2500,100,false,8,6000000,1,1,7,4790194,495201,714605,0,35904,413,44179,820,5861049,0,0,0,0,3,112,700,0,0,0,0,0,0,0,entry:LeverageInitialMarginTooLow
7500,1,false,false,0,10,2,2500,100,true,8,6000000,0,0,8,4765788,495732,738480,5058,37636,1485,0,451,5896166,0,0,0,0,3,112,700,1,0,0,0,0,0,0,entry:LeverageInitialMarginTooLow
7500,1,false,false,0,10,3,0,0,false,9,6750000,16,0,2,2699083,0,0,1713,301,5400,5183,0,2754443,2921660,4050917,0,0,59,464,700,0,0,0,0,0,0,0,entry:LeverageInitialMarginTooLow
7500,1,false,false,0,10,3,0,0,true,9,6750000,0,0,4,3000000,0,0,39073,9050,6000,0,0,3155484,2754716,3750000,0,0,34,494,700,4,0,0,0,0,0,0,entry:LeverageInitialMarginTooLow
7500,1,false,false,0,10,3,2500,100,false,8,6000000,12,0,2,2540545,0,0,4284,501,5028,6675,180,2599586,2502920,3459455,0,0,58,513,700,0,0,0,0,0,0,0,entry:LeverageInitialMarginTooLow
7500,1,false,false,0,10,3,2500,100,true,8,6000000,4,0,3,2670846,0,0,17277,4970,5287,8348,371,2768471,2433435,3329154,0,0,39,476,700,2,0,0,0,0,0,0,entry:LeverageInitialMarginTooLow
7500,1,false,false,1,1,0,0,0,false,1,7500000,2,0,1,6875985,200129,423886,0,17591,647,456,0,8295568,0,0,0,0,68,990,1352,0,0,0,0,0,0,0,
7500,1,false,false,1,1,0,0,0,true,1,7500000,0,0,1,6884250,200000,415750,0,17481,0,0,0,8352796,0,0,0,0,67,1020,1366,1,0,0,0,0,0,0,
7500,1,false,false,1,1,0,2500,100,false,1,7500000,2,0,1,6542581,198126,759293,0,16704,640,132,178,8290087,0,0,0,0,64,984,1349,0,0,0,0,0,0,0,
7500,1,false,false,1,1,0,2500,100,true,1,7500000,0,0,1,6543049,198000,758951,0,16341,0,0,166,8352374,0,0,0,0,63,1020,1363,1,0,0,0,0,0,0,
7500,1,false,false,1,1,1,0,0,false,1,7500000,0,0,1,5317896,200000,1982104,0,19850,0,0,0,8204715,0,0,0,0,21,858,1366,0,0,0,0,0,0,0,
7500,1,false,false,1,1,1,0,0,true,1,7500000,0,0,1,5317896,200000,1982104,0,19850,0,0,0,8204715,0,0,0,0,21,858,1366,0,0,0,0,0,0,0,
7500,1,false,false,1,1,1,2500,100,false,1,7500000,0,0,1,5132539,198000,2169461,0,16943,0,0,172,8251609,0,0,0,0,20,910,1363,0,0,0,0,0,0,0,
7500,1,false,false,1,1,1,2500,100,true,1,7500000,0,0,1,5132539,198000,2169461,0,16943,0,0,172,8251609,0,0,0,0,20,910,1363,0,0,0,0,0,0,0,
7500,1,false,false,1,1,2,0,0,false,1,7500000,0,0,1,5347027,200000,1952973,0,47189,0,0,0,7631139,0,0,0,0,4,171,1366,0,0,0,0,0,0,0,
7500,1,false,false,1,1,2,0,0,true,1,7500000,0,0,1,5347027,200000,1952973,0,47189,0,0,0,7631139,0,0,0,0,4,171,1366,0,0,0,0,0,0,0,
7500,1,false,false,1,1,2,2500,100,false,1,7500000,0,0,1,5010386,198000,2291614,0,50102,0,0,507,7479279,0,0,0,0,4,0,1363,0,0,0,0,0,0,0,
7500,1,false,false,1,1,2,2500,100,true,1,7500000,0,0,1,5010386,198000,2291614,0,50102,0,0,507,7479279,0,0,0,0,4,0,1363,0,0,0,0,0,0,0,
7500,1,false,false,1,1,3,0,0,false,1,7500000,1,0,1,6843902,200032,456066,0,18506,163,60,0,8318103,0,0,0,0,57,991,1363,0,0,0,0,0,0,0,
7500,1,false,false,1,1,3,0,0,true,1,7500000,0,0,1,6843390,200000,456610,0,19241,0,0,0,8318104,0,0,0,0,57,983,1366,1,0,0,0,0,0,0,
7500,1,false,false,1,1,3,2500,100,false,1,7500000,0,0,1,6530311,198000,771689,0,16357,0,0,166,8351205,0,0,0,0,53,1019,1363,0,0,0,0,0,0,0,
7500,1,false,false,1,1,3,2500,100,true,1,7500000,0,0,1,6530311,198000,771689,0,16357,0,0,166,8351205,0,0,0,0,53,1019,1363,0,0,0,0,0,0,0,
7500,1,false,false,1,10,0,0,0,false,9,6750000,35,0,7,6745280,0,0,18845,3719,13490,16393,0,6914314,222,4720,2,4720,50,515,700,0,0,0,0,4118,154,0,entry:LeverageInitialMarginTooLow
7500,1,false,false,1,10,0,0,0,true,9,6750000,6,0,9,6750000,0,0,115194,17357,13497,340,0,7091795,0,0,0,0,40,504,700,9,0,0,0,0,0,0,entry:LeverageInitialMarginTooLow
7500,1,false,false,1,10,0,2500,100,false,8,6000000,30,0,7,5999146,0,0,15854,3430,11858,18273,540,6157310,80,854,0,0,56,524,700,0,0,0,0,0,0,0,entry:LeverageInitialMarginTooLow
7500,1,false,false,1,10,0,2500,100,true,8,6000000,6,0,8,6000000,0,0,66465,15406,11871,4248,1007,6282957,0,0,0,0,46,500,700,8,0,0,0,0,0,0,entry:LeverageInitialMarginTooLow
7500,1,false,false,1,10,1,0,0,false,9,6750000,0,0,9,5248503,500000,1001497,0,23940,0,0,0,7017970,0,0,0,0,15,447,700,0,0,0,0,0,0,0,entry:LeverageInitialMarginTooLow
7500,1,false,false,1,10,1,0,0,true,9,6750000,0,0,9,5248503,500000,1001497,0,23940,0,0,0,7017970,0,0,0,0,15,447,700,0,0,0,0,0,0,0,entry:LeverageInitialMarginTooLow
7500,1,false,false,1,10,1,2500,100,false,8,6000000,0,0,8,4667923,494997,837080,0,17934,0,0,186,6269045,0,0,0,0,16,494,700,0,0,0,0,0,0,0,entry:LeverageInitialMarginTooLow
7500,1,false,false,1,10,1,2500,100,true,8,6000000,0,0,8,4667923,494997,837080,0,17934,0,0,186,6269045,0,0,0,0,16,494,700,0,0,0,0,0,0,0,entry:LeverageInitialMarginTooLow
7500,1,false,false,1,10,2,0,0,false,9,6750000,0,1,8,5483131,500000,766869,0,40983,0,37485,0,6643028,0,0,0,0,3,310,700,0,0,0,0,0,0,0,entry:LeverageInitialMarginTooLow
7500,1,false,false,1,10,2,0,0,true,9,6750000,0,0,9,5491290,500000,758710,22694,46115,1500,0,0,6643028,0,0,0,0,3,310,700,0,0,0,0,0,0,0,entry:LeverageInitialMarginTooLow
7500,1,false,false,1,10,2,2500,100,false,8,6000000,1,1,7,4790194,495201,714605,0,35904,413,44179,820,5861049,0,0,0,0,3,112,700,0,0,0,0,0,0,0,entry:LeverageInitialMarginTooLow
7500,1,false,false,1,10,2,2500,100,true,8,6000000,0,0,8,4765788,495732,738480,5058,37636,1485,0,451,5896166,0,0,0,0,3,112,700,1,0,0,0,0,0,0,entry:LeverageInitialMarginTooLow
7500,1,false,false,1,10,3,0,0,false,9,6750000,16,0,2,2699069,0,0,1713,301,5400,5197,0,2754442,2921646,4050931,0,0,59,464,700,0,0,0,0,0,0,0,entry:LeverageInitialMarginTooLow
7500,1,false,false,1,10,3,0,0,true,9,6750000,0,0,4,3000000,0,0,39073,9050,6000,0,0,3155484,2754716,3750000,0,0,34,494,700,4,0,0,0,0,0,0,entry:LeverageInitialMarginTooLow
7500,1,false,false,1,10,3,2500,100,false,8,6000000,12,0,2,2540545,0,0,4284,501,5028,6675,180,2599586,2502920,3459455,0,0,58,513,700,0,0,0,0,0,0,0,entry:LeverageInitialMarginTooLow
7500,1,false,false,1,10,3,2500,100,true,8,6000000,4,0,3,2670846,0,0,17277,4970,5287,8348,371,2768471,2433435,3329154,0,0,39,476,700,2,0,0,0,0,0,0,entry:LeverageInitialMarginTooLow
7500,1,false,true,0,1,0,0,0,false,1,7500000,2,0,1,6643643,200129,656228,0,16583,647,125,0,8285323,0,0,0,0,57,979,1326,0,0,0,0,0,0,0,
7500,1,false,true,0,1,0,0,0,true,1,7500000,1,0,1,6641944,200032,658024,0,18831,164,59,0,8285324,0,0,0,0,57,955,1338,1,0,0,0,0,0,0,
7500,1,false,true,0,1,0,2500,100,false,1,7500000,1,0,1,5951310,198031,1350659,0,15680,161,61,162,8303753,0,0,0,0,53,975,1334,0,0,0,0,0,0,0,
7500,1,false,true,0,1,0,2500,100,true,1,7500000,0,0,1,5950828,198000,1351172,0,16380,0,0,166,8303753,0,0,0,0,53,967,1338,1,0,0,0,0,0,0,
7500,1,false,true,0,1,1,0,0,false,1,7500000,0,0,1,5179408,200000,2120592,0,20357,0,0,0,8166665,0,0,0,0,19,816,1341,0,0,0,0,0,0,0,
7500,1,false,true,0,1,1,0,0,true,1,7500000,0,0,1,5179408,200000,2120592,0,20357,0,0,0,8166665,0,0,0,0,19,816,1341,0,0,0,0,0,0,0,
7500,1,false,true,0,1,1,2500,100,false,1,7500000,0,0,1,4753717,198000,2548283,0,16872,0,0,171,8205902,0,0,0,0,18,860,1338,0,0,0,0,0,0,0,
7500,1,false,true,0,1,1,2500,100,true,1,7500000,0,0,1,4753717,198000,2548283,0,16872,0,0,171,8205902,0,0,0,0,18,860,1338,0,0,0,0,0,0,0,
7500,1,false,true,0,1,2,0,0,false,1,7500000,0,0,1,4919402,200000,2380598,0,49690,0,0,0,7217058,0,0,0,0,4,0,1341,0,0,0,0,0,0,0,
7500,1,false,true,0,1,2,0,0,true,1,7500000,0,0,1,4919402,200000,2380598,0,49690,0,0,0,7217058,0,0,0,0,4,0,1341,0,0,0,0,0,0,0,
7500,1,false,true,0,1,2,2500,100,false,1,7500000,0,0,1,4424148,198000,2877852,0,13034,0,0,132,8279117,0,0,0,0,3,941,1338,0,0,0,0,0,0,0,
7500,1,false,true,0,1,2,2500,100,true,1,7500000,0,0,1,4424148,198000,2877852,0,13034,0,0,132,8279117,0,0,0,0,3,941,1338,0,0,0,0,0,0,0,
7500,1,false,true,0,1,3,0,0,false,1,7500000,0,0,1,6601257,200000,698743,0,18462,0,0,0,8303138,0,0,0,0,48,967,1341,0,0,0,0,0,0,0,
7500,1,false,true,0,1,3,0,0,true,1,7500000,0,0,1,6601257,200000,698743,0,18462,0,0,0,8303138,0,0,0,0,48,967,1341,0,0,0,0,0,0,0,
7500,1,false,true,0,1,3,2500,100,false,1,7500000,0,0,1,5962084,198000,1339916,0,14814,0,0,150,8336179,0,0,0,0,44,1003,1338,0,0,0,0,0,0,0,
7500,1,false,true,0,1,3,2500,100,true,1,7500000,0,0,1,5962084,198000,1339916,0,14814,0,0,150,8336179,0,0,0,0,44,1003,1338,0,0,0,0,0,0,0,
7500,1,false,true,0,10,0,0,0,false,7,5250000,42,1,4,5247157,17,0,7866,1291,10487,11254,0,5360719,302,2826,0,0,68,508,700,0,0,0,0,0,0,0,entry:LeverageInitialMarginTooLow
7500,1,false,true,0,10,0,0,0,true,7,5250000,2,0,7,5250000,0,0,58283,14541,10498,110,0,5525286,0,0,0,0,44,502,700,7,0,0,0,0,0,0,entry:LeverageInitialMarginTooLow
7500,1,false,true,0,10,0,2500,100,false,6,4500000,20,1,4,4494842,4960,0,4360,2565,7497,19224,366,4639098,11,198,1,198,65,504,700,0,0,1,198,198,0,0,entry:LeverageInitialMarginTooLow
7500,1,false,true,0,10,0,2500,100,true,6,4500000,0,0,6,4489067,10933,0,8,12529,2032,0,152,4738675,0,0,0,0,52,494,700,6,0,0,0,0,0,0,entry:LeverageInitialMarginTooLow
7500,1,false,true,0,10,1,0,0,false,7,5250000,0,0,7,4056197,500000,693803,0,18549,0,0,0,5457999,0,0,0,0,16,398,700,0,0,0,0,0,0,0,entry:LeverageInitialMarginTooLow
7500,1,false,true,0,10,1,0,0,true,7,5250000,0,0,7,4056197,500000,693803,0,18549,0,0,0,5457999,0,0,0,0,16,398,700,0,0,0,0,0,0,0,entry:LeverageInitialMarginTooLow
7500,1,false,true,0,10,1,2500,100,false,6,4500000,0,0,6,3435473,494998,569529,0,15291,0,0,158,4681126,0,0,0,0,18,329,700,0,0,0,0,0,0,0,entry:LeverageInitialMarginTooLow
7500,1,false,true,0,10,1,2500,100,true,6,4500000,0,0,6,3435473,494998,569529,0,15291,0,0,158,4681126,0,0,0,0,18,329,700,0,0,0,0,0,0,0,entry:LeverageInitialMarginTooLow
7500,1,false,true,0,10,2,0,0,false,7,5250000,0,1,6,4289850,500000,460150,0,32353,0,26905,0,5146146,0,0,0,0,3,12,700,0,0,0,0,0,0,0,entry:LeverageInitialMarginTooLow
7500,1,false,true,0,10,2,0,0,true,7,5250000,0,0,7,4296876,500000,453124,13408,37324,1500,0,0,5146146,0,0,0,0,3,12,700,0,0,0,0,0,0,0,entry:LeverageInitialMarginTooLow
7500,1,false,true,0,10,2,2500,100,false,6,4500000,0,1,5,3640404,494998,364598,0,26296,0,48413,758,4382800,0,0,0,0,3,412,700,0,0,0,0,0,0,0,entry:LeverageInitialMarginTooLow
7500,1,false,true,0,10,2,2500,100,true,6,4500000,0,0,6,3681875,494998,323127,0,33653,0,0,343,4382800,0,0,0,0,3,412,700,0,0,0,0,0,0,0,entry:LeverageInitialMarginTooLow
7500,1,false,true,0,10,3,0,0,false,7,5250000,8,0,2,2130134,0,0,4074,824,4263,6423,0,2188074,2270342,3119866,0,0,48,469,700,0,0,0,0,0,0,0,entry:LeverageInitialMarginTooLow
7500,1,false,true,0,10,3,0,0,true,7,5250000,0,0,3,2250000,0,0,18287,6858,4500,0,0,2365908,2203770,3000000,0,0,37,494,700,3,0,0,0,0,0,0,entry:LeverageInitialMarginTooLow
7500,1,false,true,0,10,3,2500,100,false,6,4500000,3,0,2,1820179,2223,0,2487,3404,2260,5324,141,1895308,1952562,2677598,0,0,44,510,700,0,0,0,0,0,0,0,entry:LeverageInitialMarginTooLow
7500,1,false,true,0,10,3,2500,100,true,6,4500000,2,0,2,1819898,2504,0,2487,3877,2123,5267,143,1895308,1952562,2677598,0,0,44,483,700,1,0,0,0,0,0,0,entry:LeverageInitialMarginTooLow
7500,1,false,true,1,1,0,0,0,false,1,7500000,2,0,1,6643643,200129,656228,0,16583,647,125,0,8285323,0,0,0,0,57,979,1326,0,0,0,0,0,0,0,
7500,1,false,true,1,1,0,0,0,true,1,7500000,1,0,1,6641944,200032,658024,0,18831,164,59,0,8285324,0,0,0,0,57,955,1338,1,0,0,0,0,0,0,
7500,1,false,true,1,1,0,2500,100,false,1,7500000,1,0,1,5951310,198031,1350659,0,15680,161,61,162,8303753,0,0,0,0,53,975,1334,0,0,0,0,0,0,0,
7500,1,false,true,1,1,0,2500,100,true,1,7500000,0,0,1,5950828,198000,1351172,0,16380,0,0,166,8303753,0,0,0,0,53,967,1338,1,0,0,0,0,0,0,
7500,1,false,true,1,1,1,0,0,false,1,7500000,0,0,1,5179408,200000,2120592,0,20357,0,0,0,8166665,0,0,0,0,19,816,1341,0,0,0,0,0,0,0,
7500,1,false,true,1,1,1,0,0,true,1,7500000,0,0,1,5179408,200000,2120592,0,20357,0,0,0,8166665,0,0,0,0,19,816,1341,0,0,0,0,0,0,0,
7500,1,false,true,1,1,1,2500,100,false,1,7500000,0,0,1,4753717,198000,2548283,0,16872,0,0,171,8205902,0,0,0,0,18,860,1338,0,0,0,0,0,0,0,
7500,1,false,true,1,1,1,2500,100,true,1,7500000,0,0,1,4753717,198000,2548283,0,16872,0,0,171,8205902,0,0,0,0,18,860,1338,0,0,0,0,0,0,0,
7500,1,false,true,1,1,2,0,0,false,1,7500000,0,0,1,4919402,200000,2380598,0,49690,0,0,0,7217058,0,0,0,0,4,0,1341,0,0,0,0,0,0,0,
7500,1,false,true,1,1,2,0,0,true,1,7500000,0,0,1,4919402,200000,2380598,0,49690,0,0,0,7217058,0,0,0,0,4,0,1341,0,0,0,0,0,0,0,
7500,1,false,true,1,1,2,2500,100,false,1,7500000,0,0,1,4424148,198000,2877852,0,13034,0,0,132,8279117,0,0,0,0,3,941,1338,0,0,0,0,0,0,0,
7500,1,false,true,1,1,2,2500,100,true,1,7500000,0,0,1,4424148,198000,2877852,0,13034,0,0,132,8279117,0,0,0,0,3,941,1338,0,0,0,0,0,0,0,
7500,1,false,true,1,1,3,0,0,false,1,7500000,0,0,1,6601257,200000,698743,0,18462,0,0,0,8303138,0,0,0,0,48,967,1341,0,0,0,0,0,0,0,
7500,1,false,true,1,1,3,0,0,true,1,7500000,0,0,1,6601257,200000,698743,0,18462,0,0,0,8303138,0,0,0,0,48,967,1341,0,0,0,0,0,0,0,
7500,1,false,true,1,1,3,2500,100,false,1,7500000,0,0,1,5962084,198000,1339916,0,14814,0,0,150,8336179,0,0,0,0,44,1003,1338,0,0,0,0,0,0,0,
7500,1,false,true,1,1,3,2500,100,true,1,7500000,0,0,1,5962084,198000,1339916,0,14814,0,0,150,8336179,0,0,0,0,44,1003,1338,0,0,0,0,0,0,0,
7500,1,false,true,1,10,0,0,0,false,7,5250000,42,1,4,5247157,17,0,7866,1291,10487,11254,0,5360719,302,2826,0,0,68,508,700,0,0,0,0,0,0,0,entry:LeverageInitialMarginTooLow
7500,1,false,true,1,10,0,0,0,true,7,5250000,2,0,7,5250000,0,0,58283,14541,10498,110,0,5525286,0,0,0,0,44,502,700,7,0,0,0,0,0,0,entry:LeverageInitialMarginTooLow
7500,1,false,true,1,10,0,2500,100,false,6,4500000,20,1,4,4494842,4960,0,4360,2565,7497,19224,366,4639098,11,198,1,198,65,504,700,0,0,1,198,198,0,0,entry:LeverageInitialMarginTooLow
7500,1,false,true,1,10,0,2500,100,true,6,4500000,0,0,6,4489067,10933,0,8,12529,2032,0,152,4738675,0,0,0,0,52,494,700,6,0,0,0,0,0,0,entry:LeverageInitialMarginTooLow
7500,1,false,true,1,10,1,0,0,false,7,5250000,0,0,7,4056197,500000,693803,0,18549,0,0,0,5457999,0,0,0,0,16,398,700,0,0,0,0,0,0,0,entry:LeverageInitialMarginTooLow
7500,1,false,true,1,10,1,0,0,true,7,5250000,0,0,7,4056197,500000,693803,0,18549,0,0,0,5457999,0,0,0,0,16,398,700,0,0,0,0,0,0,0,entry:LeverageInitialMarginTooLow
7500,1,false,true,1,10,1,2500,100,false,6,4500000,0,0,6,3435473,494998,569529,0,15291,0,0,158,4681126,0,0,0,0,18,329,700,0,0,0,0,0,0,0,entry:LeverageInitialMarginTooLow
7500,1,false,true,1,10,1,2500,100,true,6,4500000,0,0,6,3435473,494998,569529,0,15291,0,0,158,4681126,0,0,0,0,18,329,700,0,0,0,0,0,0,0,entry:LeverageInitialMarginTooLow
7500,1,false,true,1,10,2,0,0,false,7,5250000,0,1,6,4289850,500000,460150,0,32353,0,26905,0,5146145,0,0,0,0,3,12,700,0,0,0,0,0,0,0,entry:LeverageInitialMarginTooLow
7500,1,false,true,1,10,2,0,0,true,7,5250000,0,0,7,4296876,500000,453124,13408,37324,1500,0,0,5146145,0,0,0,0,3,12,700,0,0,0,0,0,0,0,entry:LeverageInitialMarginTooLow
7500,1,false,true,1,10,2,2500,100,false,6,4500000,0,1,5,3640404,494998,364598,0,26296,0,48413,758,4382800,0,0,0,0,3,412,700,0,0,0,0,0,0,0,entry:LeverageInitialMarginTooLow
7500,1,false,true,1,10,2,2500,100,true,6,4500000,0,0,6,3681875,494998,323127,0,33653,0,0,343,4382800,0,0,0,0,3,412,700,0,0,0,0,0,0,0,entry:LeverageInitialMarginTooLow
7500,1,false,true,1,10,3,0,0,false,7,5250000,8,0,2,2130134,0,0,4074,824,4263,6423,0,2188074,2270342,3119866,0,0,48,469,700,0,0,0,0,0,0,0,entry:LeverageInitialMarginTooLow
7500,1,false,true,1,10,3,0,0,true,7,5250000,0,0,3,2250000,0,0,18287,6858,4500,0,0,2365908,2203770,3000000,0,0,37,494,700,3,0,0,0,0,0,0,entry:LeverageInitialMarginTooLow
7500,1,false,true,1,10,3,2500,100,false,6,4500000,3,0,2,1820179,2223,0,2487,3404,2260,5324,141,1895308,1952562,2677598,0,0,44,510,700,0,0,0,0,0,0,0,entry:LeverageInitialMarginTooLow
7500,1,false,true,1,10,3,2500,100,true,6,4500000,2,0,2,1819898,2504,0,2487,3877,2123,5267,143,1895308,1952562,2677598,0,0,44,483,700,1,0,0,0,0,0,0,entry:LeverageInitialMarginTooLow
7500,1,true,false,0,1,0,0,0,false,1,7500000,0,0,1,5692777,200000,1607223,0,16164,0,0,0,8259802,0,0,0,0,34,919,1282,0,0,0,0,0,0,0,
7500,1,true,false,0,1,0,0,0,true,1,7500000,0,0,1,5692777,200000,1607223,0,16164,0,0,0,8259802,0,0,0,0,34,919,1282,0,0,0,0,0,0,0,
7500,1,true,false,0,1,0,2500,100,false,1,7500000,0,0,1,5475336,198000,1826664,0,15268,0,0,155,8259383,0,0,0,0,30,919,1278,0,0,0,0,0,0,0,
7500,1,true,false,0,1,0,2500,100,true,1,7500000,0,0,1,5475336,198000,1826664,0,15268,0,0,155,8259383,0,0,0,0,30,919,1278,0,0,0,0,0,0,0,
7500,1,true,false,0,1,1,0,0,false,1,7500000,0,0,1,4577953,200000,2722047,0,17528,0,0,0,8146484,0,0,0,0,14,793,1282,0,0,0,0,0,0,0,
7500,1,true,false,0,1,1,0,0,true,1,7500000,0,0,1,4577953,200000,2722047,0,17528,0,0,0,8146484,0,0,0,0,14,793,1282,0,0,0,0,0,0,0,
7500,1,true,false,0,1,1,2500,100,false,1,7500000,0,0,1,4462798,198000,2839202,0,16342,0,0,166,8158668,0,0,0,0,13,807,1278,0,0,0,0,0,0,0,
7500,1,true,false,0,1,1,2500,100,true,1,7500000,0,0,1,4462798,198000,2839202,0,16342,0,0,166,8158668,0,0,0,0,13,807,1278,0,0,0,0,0,0,0,
7500,1,true,false,0,1,2,0,0,false,1,7500000,0,0,1,3758313,200000,3541687,0,37962,0,0,0,7483254,0,0,0,0,3,0,1282,0,0,0,0,0,0,0,
7500,1,true,false,0,1,2,0,0,true,1,7500000,0,0,1,3758313,200000,3541687,0,37962,0,0,0,7483254,0,0,0,0,3,0,1282,0,0,0,0,0,0,0,
7500,1,true,false,0,1,2,2500,100,false,1,7500000,0,0,1,3571348,198000,3730652,0,35713,0,0,361,7334337,0,0,0,0,3,0,1278,0,0,0,0,0,0,0,
7500,1,true,false,0,1,2,2500,100,true,1,7500000,0,0,1,3571348,198000,3730652,0,35713,0,0,361,7334337,0,0,0,0,3,0,1278,0,0,0,0,0,0,0,
7500,1,true,false,0,1,3,0,0,false,1,7500000,0,0,1,5675889,200000,1624111,0,16517,0,0,0,8250969,0,0,0,0,29,910,1282,0,0,0,0,0,0,0,
7500,1,true,false,0,1,3,0,0,true,1,7500000,0,0,1,5675889,200000,1624111,0,16517,0,0,0,8250969,0,0,0,0,29,910,1282,0,0,0,0,0,0,0,
7500,1,true,false,0,1,3,2500,100,false,1,7500000,0,0,1,5481190,198000,1820810,0,14133,0,0,143,8283803,0,0,0,0,25,946,1278,0,0,0,0,0,0,0,
7500,1,true,false,0,1,3,2500,100,true,1,7500000,0,0,1,5481190,198000,1820810,0,14133,0,0,143,8283803,0,0,0,0,25,946,1278,0,0,0,0,0,0,0,
7500,1,true,false,0,10,0,0,0,false,6,4500000,0,0,6,3673581,500000,326419,0,10425,0,0,0,4737922,0,0,0,0,33,506,700,0,0,0,0,0,0,0,entry:LeverageInitialMarginTooLow
7500,1,true,false,0,10,0,0,0,true,6,4500000,0,0,6,3673581,500000,326419,0,10425,0,0,0,4737922,0,0,0,0,33,506,700,0,0,0,0,0,0,0,entry:LeverageInitialMarginTooLow
7500,1,true,false,0,10,0,2500,100,false,6,4500000,0,0,6,3659730,494997,345273,0,9914,0,0,104,4741596,0,0,0,0,29,505,700,0,0,0,0,0,0,0,entry:LeverageInitialMarginTooLow
7500,1,true,false,0,10,0,2500,100,true,6,4500000,0,0,6,3659730,494997,345273,0,9914,0,0,104,4741596,0,0,0,0,29,505,700,0,0,0,0,0,0,0,entry:LeverageInitialMarginTooLow
7500,1,true,false,0,10,1,0,0,false,6,4500000,0,0,6,2850305,500000,1149695,0,11410,0,0,0,4697785,0,0,0,0,14,323,700,0,0,0,0,0,0,0,entry:LeverageInitialMarginTooLow
7500,1,true,false,0,10,1,0,0,true,6,4500000,0,0,6,2850305,500000,1149695,0,11410,0,0,0,4697785,0,0,0,0,14,323,700,0,0,0,0,0,0,0,entry:LeverageInitialMarginTooLow
7500,1,true,false,0,10,1,2500,100,false,6,4500000,0,0,6,2853249,495000,1151751,0,11549,0,0,120,4694969,0,0,0,0,13,337,700,0,0,0,0,0,0,0,entry:LeverageInitialMarginTooLow
7500,1,true,false,0,10,1,2500,100,true,6,4500000,0,0,6,2853249,495000,1151751,0,11549,0,0,120,4694969,0,0,0,0,13,337,700,0,0,0,0,0,0,0,entry:LeverageInitialMarginTooLow
7500,1,true,false,0,10,2,0,0,false,6,4500000,0,0,6,2817535,500000,1182465,0,21757,0,0,0,4443663,0,0,0,0,3,329,700,0,0,0,0,0,0,0,entry:LeverageInitialMarginTooLow
7500,1,true,false,0,10,2,0,0,true,6,4500000,0,0,6,2817535,500000,1182465,0,21757,0,0,0,4443663,0,0,0,0,3,329,700,0,0,0,0,0,0,0,entry:LeverageInitialMarginTooLow
7500,1,true,false,0,10,2,2500,100,false,6,4500000,0,0,6,2722173,495000,1282827,0,18733,0,0,193,4418503,0,0,0,0,3,133,700,0,0,0,0,0,0,0,entry:LeverageInitialMarginTooLow
7500,1,true,false,0,10,2,2500,100,true,6,4500000,0,0,6,2722173,495000,1282827,0,18733,0,0,193,4418503,0,0,0,0,3,133,700,0,0,0,0,0,0,0,entry:LeverageInitialMarginTooLow
7500,1,true,false,0,10,3,0,0,false,6,4500000,0,0,4,2446772,500000,53228,0,6894,0,0,0,3159155,1203503,1500000,0,0,28,505,700,0,0,0,0,0,0,0,entry:LeverageInitialMarginTooLow
7500,1,true,false,0,10,3,0,0,true,6,4500000,0,0,4,2446772,500000,53228,0,6894,0,0,0,3159155,1203503,1500000,0,0,28,505,700,0,0,0,0,0,0,0,entry:LeverageInitialMarginTooLow
7500,1,true,false,0,10,3,2500,100,false,6,4500000,0,0,4,2434535,494999,70466,0,6979,0,0,72,3157301,1149704,1500000,0,0,25,486,700,0,0,0,0,0,0,0,entry:LeverageInitialMarginTooLow
7500,1,true,false,0,10,3,2500,100,true,6,4500000,0,0,4,2434535,494999,70466,0,6979,0,0,72,3157301,1149704,1500000,0,0,25,486,700,0,0,0,0,0,0,0,entry:LeverageInitialMarginTooLow
7500,1,true,false,1,1,0,0,0,false,1,7500000,0,0,1,5692777,200000,1607223,0,16164,0,0,0,8259802,0,0,0,0,34,919,1282,0,0,0,0,0,0,0,
7500,1,true,false,1,1,0,0,0,true,1,7500000,0,0,1,5692777,200000,1607223,0,16164,0,0,0,8259802,0,0,0,0,34,919,1282,0,0,0,0,0,0,0,
7500,1,true,false,1,1,0,2500,100,false,1,7500000,0,0,1,5475336,198000,1826664,0,15268,0,0,155,8259383,0,0,0,0,30,919,1278,0,0,0,0,0,0,0,
7500,1,true,false,1,1,0,2500,100,true,1,7500000,0,0,1,5475336,198000,1826664,0,15268,0,0,155,8259383,0,0,0,0,30,919,1278,0,0,0,0,0,0,0,
7500,1,true,false,1,1,1,0,0,false,1,7500000,0,0,1,4577953,200000,2722047,0,17528,0,0,0,8146484,0,0,0,0,14,793,1282,0,0,0,0,0,0,0,
7500,1,true,false,1,1,1,0,0,true,1,7500000,0,0,1,4577953,200000,2722047,0,17528,0,0,0,8146484,0,0,0,0,14,793,1282,0,0,0,0,0,0,0,
7500,1,true,false,1,1,1,2500,100,false,1,7500000,0,0,1,4462798,198000,2839202,0,16342,0,0,166,8158668,0,0,0,0,13,807,1278,0,0,0,0,0,0,0,
7500,1,true,false,1,1,1,2500,100,true,1,7500000,0,0,1,4462798,198000,2839202,0,16342,0,0,166,8158668,0,0,0,0,13,807,1278,0,0,0,0,0,0,0,
7500,1,true,false,1,1,2,0,0,false,1,7500000,0,0,1,3758313,200000,3541687,0,37962,0,0,0,7483254,0,0,0,0,3,0,1282,0,0,0,0,0,0,0,
7500,1,true,false,1,1,2,0,0,true,1,7500000,0,0,1,3758313,200000,3541687,0,37962,0,0,0,7483254,0,0,0,0,3,0,1282,0,0,0,0,0,0,0,
7500,1,true,false,1,1,2,2500,100,false,1,7500000,0,0,1,3571348,198000,3730652,0,35713,0,0,361,7334337,0,0,0,0,3,0,1278,0,0,0,0,0,0,0,
7500,1,true,false,1,1,2,2500,100,true,1,7500000,0,0,1,3571348,198000,3730652,0,35713,0,0,361,7334337,0,0,0,0,3,0,1278,0,0,0,0,0,0,0,
7500,1,true,false,1,1,3,0,0,false,1,7500000,0,0,1,5675889,200000,1624111,0,16517,0,0,0,8250969,0,0,0,0,29,910,1282,0,0,0,0,0,0,0,
7500,1,true,false,1,1,3,0,0,true,1,7500000,0,0,1,5675889,200000,1624111,0,16517,0,0,0,8250969,0,0,0,0,29,910,1282,0,0,0,0,0,0,0,
7500,1,true,false,1,1,3,2500,100,false,1,7500000,0,0,1,5481190,198000,1820810,0,14133,0,0,143,8283803,0,0,0,0,25,946,1278,0,0,0,0,0,0,0,
7500,1,true,false,1,1,3,2500,100,true,1,7500000,0,0,1,5481190,198000,1820810,0,14133,0,0,143,8283803,0,0,0,0,25,946,1278,0,0,0,0,0,0,0,
7500,1,true,false,1,10,0,0,0,false,6,4500000,0,0,6,3673581,500000,326419,0,10425,0,0,0,4737921,0,0,0,0,33,506,700,0,0,0,0,0,0,0,entry:LeverageInitialMarginTooLow
7500,1,true,false,1,10,0,0,0,true,6,4500000,0,0,6,3673581,500000,326419,0,10425,0,0,0,4737921,0,0,0,0,33,506,700,0,0,0,0,0,0,0,entry:LeverageInitialMarginTooLow
7500,1,true,false,1,10,0,2500,100,false,6,4500000,0,0,6,3659730,494997,345273,0,9914,0,0,104,4741596,0,0,0,0,29,505,700,0,0,0,0,0,0,0,entry:LeverageInitialMarginTooLow
7500,1,true,false,1,10,0,2500,100,true,6,4500000,0,0,6,3659730,494997,345273,0,9914,0,0,104,4741596,0,0,0,0,29,505,700,0,0,0,0,0,0,0,entry:LeverageInitialMarginTooLow
7500,1,true,false,1,10,1,0,0,false,6,4500000,0,0,6,2850305,500000,1149695,0,11410,0,0,0,4697785,0,0,0,0,14,323,700,0,0,0,0,0,0,0,entry:LeverageInitialMarginTooLow
7500,1,true,false,1,10,1,0,0,true,6,4500000,0,0,6,2850305,500000,1149695,0,11410,0,0,0,4697785,0,0,0,0,14,323,700,0,0,0,0,0,0,0,entry:LeverageInitialMarginTooLow
7500,1,true,false,1,10,1,2500,100,false,6,4500000,0,0,6,2853249,495000,1151751,0,11549,0,0,120,4694969,0,0,0,0,13,337,700,0,0,0,0,0,0,0,entry:LeverageInitialMarginTooLow
7500,1,true,false,1,10,1,2500,100,true,6,4500000,0,0,6,2853249,495000,1151751,0,11549,0,0,120,4694969,0,0,0,0,13,337,700,0,0,0,0,0,0,0,entry:LeverageInitialMarginTooLow
7500,1,true,false,1,10,2,0,0,false,6,4500000,0,0,6,2817535,500000,1182465,0,21757,0,0,0,4443663,0,0,0,0,3,329,700,0,0,0,0,0,0,0,entry:LeverageInitialMarginTooLow
7500,1,true,false,1,10,2,0,0,true,6,4500000,0,0,6,2817535,500000,1182465,0,21757,0,0,0,4443663,0,0,0,0,3,329,700,0,0,0,0,0,0,0,entry:LeverageInitialMarginTooLow
7500,1,true,false,1,10,2,2500,100,false,6,4500000,0,0,6,2722173,495000,1282827,0,18733,0,0,193,4418503,0,0,0,0,3,133,700,0,0,0,0,0,0,0,entry:LeverageInitialMarginTooLow
7500,1,true,false,1,10,2,2500,100,true,6,4500000,0,0,6,2722173,495000,1282827,0,18733,0,0,193,4418503,0,0,0,0,3,133,700,0,0,0,0,0,0,0,entry:LeverageInitialMarginTooLow
7500,1,true,false,1,10,3,0,0,false,6,4500000,0,0,4,2446772,500000,53228,0,6894,0,0,0,3159155,1203503,1500000,0,0,28,505,700,0,0,0,0,0,0,0,entry:LeverageInitialMarginTooLow
7500,1,true,false,1,10,3,0,0,true,6,4500000,0,0,4,2446772,500000,53228,0,6894,0,0,0,3159155,1203503,1500000,0,0,28,505,700,0,0,0,0,0,0,0,entry:LeverageInitialMarginTooLow
7500,1,true,false,1,10,3,2500,100,false,6,4500000,0,0,4,2434535,494999,70466,0,6979,0,0,72,3157301,1149704,1500000,0,0,25,486,700,0,0,0,0,0,0,0,entry:LeverageInitialMarginTooLow
7500,1,true,false,1,10,3,2500,100,true,6,4500000,0,0,4,2434535,494999,70466,0,6979,0,0,72,3157301,1149704,1500000,0,0,25,486,700,0,0,0,0,0,0,0,entry:LeverageInitialMarginTooLow
7500,1,true,true,0,1,0,0,0,false,1,7500000,0,0,1,5530711,200000,1769289,0,15708,0,0,0,8243296,0,0,0,0,25,901,1257,0,0,0,0,0,0,0,
7500,1,true,true,0,1,0,0,0,true,1,7500000,0,0,1,5530711,200000,1769289,0,15708,0,0,0,8243296,0,0,0,0,25,901,1257,0,0,0,0,0,0,0,
7500,1,true,true,0,1,0,2500,100,false,1,7500000,0,0,1,5092631,198000,2209369,0,14202,0,0,144,8242878,0,0,0,0,21,901,1253,0,0,0,0,0,0,0,
7500,1,true,true,0,1,0,2500,100,true,1,7500000,0,0,1,5092631,198000,2209369,0,14202,0,0,144,8242878,0,0,0,0,21,901,1253,0,0,0,0,0,0,0,
7500,1,true,true,0,1,1,0,0,false,1,7500000,0,0,1,4661419,200000,2638581,0,12083,0,0,0,8271171,0,0,0,0,11,932,1257,0,0,0,0,0,0,0,
7500,1,true,true,0,1,1,0,0,true,1,7500000,0,0,1,4661419,200000,2638581,0,12083,0,0,0,8271171,0,0,0,0,11,932,1257,0,0,0,0,0,0,0,
7500,1,true,true,0,1,1,2500,100,false,1,7500000,0,0,1,4358371,198000,2943629,0,11531,0,0,117,8259476,0,0,0,0,10,919,1253,0,0,0,0,0,0,0,
7500,1,true,true,0,1,1,2500,100,true,1,7500000,0,0,1,4358371,198000,2943629,0,11531,0,0,117,8259476,0,0,0,0,10,919,1253,0,0,0,0,0,0,0,
7500,1,true,true,0,1,2,0,0,false,1,7500000,0,0,1,3516069,200000,3783931,0,35515,0,0,0,7140480,0,0,0,0,3,0,1257,0,0,0,0,0,0,0,
7500,1,true,true,0,1,2,0,0,true,1,7500000,0,0,1,3516069,200000,3783931,0,35515,0,0,0,7140480,0,0,0,0,3,0,1257,0,0,0,0,0,0,0,
7500,1,true,true,0,1,2,2500,100,false,1,7500000,0,0,1,3221472,198000,4080528,0,32214,0,0,326,6998383,0,0,0,0,3,0,1253,0,0,0,0,0,0,0,
7500,1,true,true,0,1,2,2500,100,true,1,7500000,0,0,1,3221472,198000,4080528,0,32214,0,0,326,6998383,0,0,0,0,3,0,1253,0,0,0,0,0,0,0,
7500,1,true,true,0,1,3,0,0,false,1,7500000,0,0,1,5531195,200000,1768805,0,14913,0,0,0,8259483,0,0,0,0,21,919,1257,0,0,0,0,0,0,0,
7500,1,true,true,0,1,3,0,0,true,1,7500000,0,0,1,5531195,200000,1768805,0,14913,0,0,0,8259483,0,0,0,0,21,919,1257,0,0,0,0,0,0,0,
7500,1,true,true,0,1,3,2500,100,false,1,7500000,0,0,1,5083250,198000,2218750,0,14217,0,0,144,8242596,0,0,0,0,18,900,1253,0,0,0,0,0,0,0,
7500,1,true,true,0,1,3,2500,100,true,1,7500000,0,0,1,5083250,198000,2218750,0,14217,0,0,144,8242596,0,0,0,0,18,900,1253,0,0,0,0,0,0,0,
7500,1,true,true,0,10,0,0,0,false,5,3750000,0,0,5,3047389,500000,202611,0,9008,0,0,0,3944855,0,0,0,0,32,500,700,0,0,0,0,0,0,0,entry:LeverageInitialMarginTooLow
7500,1,true,true,0,10,0,0,0,true,5,3750000,0,0,5,3047389,500000,202611,0,9008,0,0,0,3944855,0,0,0,0,32,500,700,0,0,0,0,0,0,0,entry:LeverageInitialMarginTooLow
7500,1,true,true,0,10,0,2500,100,false,5,3750000,0,0,5,3018769,494998,236233,0,8462,0,0,88,3948587,0,0,0,0,28,499,700,0,0,0,0,0,0,0,entry:LeverageInitialMarginTooLow
7500,1,true,true,0,10,0,2500,100,true,5,3750000,0,0,5,3018769,494998,236233,0,8462,0,0,88,3948587,0,0,0,0,28,499,700,0,0,0,0,0,0,0,entry:LeverageInitialMarginTooLow
7500,1,true,true,0,10,1,0,0,false,5,3750000,0,0,5,2361796,500000,888204,0,10361,0,0,0,3904120,0,0,0,0,13,476,700,0,0,0,0,0,0,0,entry:LeverageInitialMarginTooLow
7500,1,true,true,0,10,1,0,0,true,5,3750000,0,0,5,2361796,500000,888204,0,10361,0,0,0,3904120,0,0,0,0,13,476,700,0,0,0,0,0,0,0,entry:LeverageInitialMarginTooLow
7500,1,true,true,0,10,1,2500,100,false,5,3750000,0,0,5,2364873,495000,890127,0,9426,0,0,99,3914531,0,0,0,0,12,481,700,0,0,0,0,0,0,0,entry:LeverageInitialMarginTooLow
7500,1,true,true,0,10,1,2500,100,true,5,3750000,0,0,5,2364873,495000,890127,0,9426,0,0,99,3914531,0,0,0,0,12,481,700,0,0,0,0,0,0,0,entry:LeverageInitialMarginTooLow
7500,1,true,true,0,10,2,0,0,false,5,3750000,0,0,5,2316088,500000,933912,0,15207,0,0,0,3789537,0,0,0,0,3,483,700,0,0,0,0,0,0,0,entry:LeverageInitialMarginTooLow
7500,1,true,true,0,10,2,0,0,true,5,3750000,0,0,5,2316088,500000,933912,0,15207,0,0,0,3789537,0,0,0,0,3,483,700,0,0,0,0,0,0,0,entry:LeverageInitialMarginTooLow
7500,1,true,true,0,10,2,2500,100,false,5,3750000,0,0,5,2225071,495000,1029929,0,16366,0,0,167,3711217,0,0,0,0,3,290,700,0,0,0,0,0,0,0,entry:LeverageInitialMarginTooLow
7500,1,true,true,0,10,2,2500,100,true,5,3750000,0,0,5,2225071,495000,1029929,0,16366,0,0,167,3711217,0,0,0,0,3,290,700,0,0,0,0,0,0,0,entry:LeverageInitialMarginTooLow
7500,1,true,true,0,10,3,0,0,false,5,3750000,0,0,3,1828476,421524,0,0,5211,0,0,0,2368798,1105935,1500000,0,0,27,509,700,0,0,0,0,0,0,0,entry:LeverageInitialMarginTooLow
7500,1,true,true,0,10,3,0,0,true,5,3750000,0,0,3,1828476,421524,0,0,5211,0,0,0,2368798,1105935,1500000,0,0,27,509,700,0,0,0,0,0,0,0,entry:LeverageInitialMarginTooLow
7500,1,true,true,0,10,3,2500,100,false,5,3750000,0,0,3,1806349,434118,9533,0,5608,0,0,59,2363894,1054074,1500000,0,0,24,489,700,0,0,0,0,0,0,0,entry:LeverageInitialMarginTooLow
7500,1,true,true,0,10,3,2500,100,true,5,3750000,0,0,3,1806349,434118,9533,0,5608,0,0,59,2363894,1054074,1500000,0,0,24,489,700,0,0,0,0,0,0,0,entry:LeverageInitialMarginTooLow
7500,1,true,true,1,1,0,0,0,false,1,7500000,0,0,1,5530711,200000,1769289,0,15708,0,0,0,8243296,0,0,0,0,25,901,1257,0,0,0,0,0,0,0,
7500,1,true,true,1,1,0,0,0,true,1,7500000,0,0,1,5530711,200000,1769289,0,15708,0,0,0,8243296,0,0,0,0,25,901,1257,0,0,0,0,0,0,0,
7500,1,true,true,1,1,0,2500,100,false,1,7500000,0,0,1,5092631,198000,2209369,0,14202,0,0,144,8242878,0,0,0,0,21,901,1253,0,0,0,0,0,0,0,
7500,1,true,true,1,1,0,2500,100,true,1,7500000,0,0,1,5092631,198000,2209369,0,14202,0,0,144,8242878,0,0,0,0,21,901,1253,0,0,0,0,0,0,0,
7500,1,true,true,1,1,1,0,0,false,1,7500000,0,0,1,4661419,200000,2638581,0,12083,0,0,0,8271171,0,0,0,0,11,932,1257,0,0,0,0,0,0,0,
7500,1,true,true,1,1,1,0,0,true,1,7500000,0,0,1,4661419,200000,2638581,0,12083,0,0,0,8271171,0,0,0,0,11,932,1257,0,0,0,0,0,0,0,
7500,1,true,true,1,1,1,2500,100,false,1,7500000,0,0,1,4358371,198000,2943629,0,11531,0,0,117,8259476,0,0,0,0,10,919,1253,0,0,0,0,0,0,0,
7500,1,true,true,1,1,1,2500,100,true,1,7500000,0,0,1,4358371,198000,2943629,0,11531,0,0,117,8259476,0,0,0,0,10,919,1253,0,0,0,0,0,0,0,
7500,1,true,true,1,1,2,0,0,false,1,7500000,0,0,1,3516069,200000,3783931,0,35515,0,0,0,7140480,0,0,0,0,3,0,1257,0,0,0,0,0,0,0,
7500,1,true,true,1,1,2,0,0,true,1,7500000,0,0,1,3516069,200000,3783931,0,35515,0,0,0,7140480,0,0,0,0,3,0,1257,0,0,0,0,0,0,0,
7500,1,true,true,1,1,2,2500,100,false,1,7500000,0,0,1,3221472,198000,4080528,0,32214,0,0,326,6998383,0,0,0,0,3,0,1253,0,0,0,0,0,0,0,
7500,1,true,true,1,1,2,2500,100,true,1,7500000,0,0,1,3221472,198000,4080528,0,32214,0,0,326,6998383,0,0,0,0,3,0,1253,0,0,0,0,0,0,0,
7500,1,true,true,1,1,3,0,0,false,1,7500000,0,0,1,5531195,200000,1768805,0,14913,0,0,0,8259483,0,0,0,0,21,919,1257,0,0,0,0,0,0,0,
7500,1,true,true,1,1,3,0,0,true,1,7500000,0,0,1,5531195,200000,1768805,0,14913,0,0,0,8259483,0,0,0,0,21,919,1257,0,0,0,0,0,0,0,
7500,1,true,true,1,1,3,2500,100,false,1,7500000,0,0,1,5083250,198000,2218750,0,14217,0,0,144,8242596,0,0,0,0,18,900,1253,0,0,0,0,0,0,0,
7500,1,true,true,1,1,3,2500,100,true,1,7500000,0,0,1,5083250,198000,2218750,0,14217,0,0,144,8242596,0,0,0,0,18,900,1253,0,0,0,0,0,0,0,
7500,1,true,true,1,10,0,0,0,false,5,3750000,0,0,5,3047389,500000,202611,0,9008,0,0,0,3944855,0,0,0,0,32,500,700,0,0,0,0,0,0,0,entry:LeverageInitialMarginTooLow
7500,1,true,true,1,10,0,0,0,true,5,3750000,0,0,5,3047389,500000,202611,0,9008,0,0,0,3944855,0,0,0,0,32,500,700,0,0,0,0,0,0,0,entry:LeverageInitialMarginTooLow
7500,1,true,true,1,10,0,2500,100,false,5,3750000,0,0,5,3018769,494998,236233,0,8462,0,0,88,3948587,0,0,0,0,28,499,700,0,0,0,0,0,0,0,entry:LeverageInitialMarginTooLow
7500,1,true,true,1,10,0,2500,100,true,5,3750000,0,0,5,3018769,494998,236233,0,8462,0,0,88,3948587,0,0,0,0,28,499,700,0,0,0,0,0,0,0,entry:LeverageInitialMarginTooLow
7500,1,true,true,1,10,1,0,0,false,5,3750000,0,0,5,2361796,500000,888204,0,10361,0,0,0,3904120,0,0,0,0,13,476,700,0,0,0,0,0,0,0,entry:LeverageInitialMarginTooLow
7500,1,true,true,1,10,1,0,0,true,5,3750000,0,0,5,2361796,500000,888204,0,10361,0,0,0,3904120,0,0,0,0,13,476,700,0,0,0,0,0,0,0,entry:LeverageInitialMarginTooLow
7500,1,true,true,1,10,1,2500,100,false,5,3750000,0,0,5,2364873,495000,890127,0,9426,0,0,99,3914531,0,0,0,0,12,481,700,0,0,0,0,0,0,0,entry:LeverageInitialMarginTooLow
7500,1,true,true,1,10,1,2500,100,true,5,3750000,0,0,5,2364873,495000,890127,0,9426,0,0,99,3914531,0,0,0,0,12,481,700,0,0,0,0,0,0,0,entry:LeverageInitialMarginTooLow
7500,1,true,true,1,10,2,0,0,false,5,3750000,0,0,5,2316088,500000,933912,0,15207,0,0,0,3789537,0,0,0,0,3,483,700,0,0,0,0,0,0,0,entry:LeverageInitialMarginTooLow
7500,1,true,true,1,10,2,0,0,true,5,3750000,0,0,5,2316088,500000,933912,0,15207,0,0,0,3789537,0,0,0,0,3,483,700,0,0,0,0,0,0,0,entry:LeverageInitialMarginTooLow
7500,1,true,true,1,10,2,2500,100,false,5,3750000,0,0,5,2225071,495000,1029929,0,16366,0,0,167,3711217,0,0,0,0,3,290,700,0,0,0,0,0,0,0,entry:LeverageInitialMarginTooLow
7500,1,true,true,1,10,2,2500,100,true,5,3750000,0,0,5,2225071,495000,1029929,0,16366,0,0,167,3711217,0,0,0,0,3,290,700,0,0,0,0,0,0,0,entry:LeverageInitialMarginTooLow
7500,1,true,true,1,10,3,0,0,false,5,3750000,0,0,3,1828476,421524,0,0,5211,0,0,0,2368798,1105935,1500000,0,0,27,509,700,0,0,0,0,0,0,0,entry:LeverageInitialMarginTooLow
7500,1,true,true,1,10,3,0,0,true,5,3750000,0,0,3,1828476,421524,0,0,5211,0,0,0,2368798,1105935,1500000,0,0,27,509,700,0,0,0,0,0,0,0,entry:LeverageInitialMarginTooLow
7500,1,true,true,1,10,3,2500,100,false,5,3750000,0,0,3,1806349,434118,9533,0,5608,0,0,59,2363894,1054074,1500000,0,0,24,489,700,0,0,0,0,0,0,0,entry:LeverageInitialMarginTooLow
7500,1,true,true,1,10,3,2500,100,true,5,3750000,0,0,3,1806349,434118,9533,0,5608,0,0,59,2363894,1054074,1500000,0,0,24,489,700,0,0,0,0,0,0,0,entry:LeverageInitialMarginTooLow
7500,4,false,false,0,1,0,0,0,false,1,7500000,2,0,1,6799031,200129,500840,0,17751,648,444,0,8306081,0,0,0,0,80,1002,1379,0,0,0,0,0,0,0,
7500,4,false,false,0,1,0,0,0,true,1,7500000,0,0,1,6805303,200000,494697,0,17596,0,0,0,8364654,0,0,0,0,79,1033,1392,1,0,0,0,0,0,0,
7500,4,false,false,0,1,0,2500,100,false,1,7500000,2,0,1,6447829,198095,854076,0,17511,480,514,189,8300189,0,0,0,0,76,987,1379,0,0,0,0,0,0,0,
7500,4,false,false,0,1,0,2500,100,true,1,7500000,0,0,1,6446965,198000,855035,0,16399,0,0,166,8364231,0,0,0,0,75,1033,1389,1,0,0,0,0,0,0,
7500,4,false,false,0,1,1,0,0,false,1,7500000,0,0,1,5263342,200000,2036658,0,17222,0,0,0,8276917,0,0,0,0,23,938,1392,0,0,0,0,0,0,0,
7500,4,false,false,0,1,1,0,0,true,1,7500000,0,0,1,5263342,200000,2036658,0,17222,0,0,0,8276917,0,0,0,0,23,938,1392,0,0,0,0,0,0,0,
7500,4,false,false,0,1,1,2500,100,false,1,7500000,0,0,1,5064722,198000,2237278,0,14226,0,0,144,8330537,0,0,0,0,22,996,1389,0,0,0,0,0,0,0,
7500,4,false,false,0,1,1,2500,100,true,1,7500000,0,0,1,5064722,198000,2237278,0,14226,0,0,144,8330537,0,0,0,0,22,996,1389,0,0,0,0,0,0,0,
7500,4,false,false,0,1,2,0,0,false,1,7500000,0,0,1,5618506,200000,1681494,0,25707,0,0,0,8115142,0,0,0,0,4,758,1392,0,0,0,0,0,0,0,
7500,4,false,false,0,1,2,0,0,true,1,7500000,0,0,1,5618506,200000,1681494,0,25707,0,0,0,8115142,0,0,0,0,4,758,1392,0,0,0,0,0,0,0,
7500,4,false,false,0,1,2,2500,100,false,1,7500000,0,0,1,5243095,198000,2058905,0,30787,0,0,311,7953650,0,0,0,0,4,570,1389,0,0,0,0,0,0,0,
7500,4,false,false,0,1,2,2500,100,true,1,7500000,0,0,1,5243095,198000,2058905,0,30787,0,0,311,7953650,0,0,0,0,4,570,1389,0,0,0,0,0,0,0,
7500,4,false,false,0,1,3,0,0,false,1,7500000,3,0,0,1971039,0,0,0,0,3949,1981,0,1992696,3843880,5528961,0,0,0,0,0,0,0,0,0,0,0,0,
7500,4,false,false,0,1,3,0,0,true,1,7500000,3,0,0,1971039,0,0,0,0,3949,1981,0,1992696,3843880,5528961,0,0,0,0,0,0,0,0,0,0,0,0,
7500,4,false,false,0,1,3,2500,100,false,1,7500000,4,0,0,4579347,0,0,0,0,9082,71140,815,4669843,2154157,2920653,0,0,0,0,0,0,0,0,0,0,0,0,
7500,4,false,false,0,1,3,2500,100,true,1,7500000,1,0,1,6697194,198129,604677,0,16163,656,235,174,8324199,0,0,0,0,63,1024,1376,1,0,0,0,0,0,0,
7500,4,false,false,0,10,0,0,0,false,10,7500000,36,2,8,7499984,16,0,23409,4548,14997,19129,0,7688939,0,0,0,0,52,463,700,0,0,0,0,0,0,0,
7500,4,false,false,0,10,0,0,0,true,10,7500000,4,0,10,7500000,0,0,115772,19866,14997,4517,0,7873680,0,0,0,0,41,521,700,10,0,0,0,0,0,0,
7500,4,false,false,0,10,0,2500,100,false,9,6750000,32,0,7,6748265,0,0,14276,4556,13346,31237,678,6926630,119,1735,1,213,59,476,700,0,0,0,0,213,72,0,entry:LeverageInitialMarginTooLow
7500,4,false,false,0,10,0,2500,100,true,9,6750000,2,0,9,6750000,0,0,104782,18810,13362,118,1397,7102445,0,0,0,0,48,494,700,9,0,0,0,0,0,0,entry:LeverageInitialMarginTooLow
7500,4,false,false,0,10,1,0,0,false,10,7500000,0,0,10,5765062,500000,1234938,0,28102,0,0,0,7779876,0,0,0,0,15,511,700,0,0,0,0,0,0,0,
7500,4,false,false,0,10,1,0,0,true,10,7500000,0,0,10,5765062,500000,1234938,0,28102,0,0,0,7779876,0,0,0,0,15,511,700,0,0,0,0,0,0,0,
7500,4,false,false,0,10,1,2500,100,false,9,6750000,0,0,9,5166568,494998,1088434,0,26685,0,0,276,6985285,0,0,0,0,17,355,700,0,0,0,0,0,0,0,entry:LeverageInitialMarginTooLow
7500,4,false,false,0,10,1,2500,100,true,9,6750000,0,0,9,5166568,494998,1088434,0,26685,0,0,276,6985285,0,0,0,0,17,355,700,0,0,0,0,0,0,0,entry:LeverageInitialMarginTooLow
7500,4,false,false,0,10,2,0,0,false,10,7500000,4,0,8,6034226,500953,676021,0,42765,2425,29996,0,7153209,48542,288800,0,0,3,398,700,0,0,0,0,0,0,0,
7500,4,false,false,0,10,2,0,0,true,10,7500000,2,0,9,6120624,501072,681114,8944,46176,2606,24344,0,7257213,33904,197190,0,0,3,398,700,1,0,0,0,0,0,0,
7500,4,false,false,0,10,2,2500,100,false,9,6750000,0,2,7,5567025,494998,687977,0,35857,0,79892,1174,6594564,0,0,0,0,3,202,700,0,0,0,0,0,0,0,entry:LeverageInitialMarginTooLow
7500,4,false,false,0,10,2,2500,100,true,9,6750000,0,0,9,5617831,495732,636437,14499,50587,1485,0,678,6594564,0,0,0,0,3,202,700,0,0,0,0,0,0,0,entry:LeverageInitialMarginTooLow
7500,4,false,false,0,10,3,0,0,false,10,7500000,11,0,2,2783702,0,0,15801,2449,5571,9358,0,2874228,3722904,4716298,0,0,43,523,700,0,0,0,0,0,0,0,
7500,4,false,false,0,10,3,0,0,true,10,7500000,0,0,4,3000000,0,0,41432,8444,6000,0,0,3160247,3598742,4500000,0,0,35,501,700,3,0,0,0,0,0,0,
7500,4,false,false,0,10,3,2500,100,false,9,6750000,8,0,1,2325158,0,0,5961,2083,4601,4763,187,2398485,3420197,4424842,0,0,40,506,700,0,0,0,0,0,0,0,entry:LeverageInitialMarginTooLow
7500,4,false,false,0,10,3,2500,100,true,9,6750000,0,0,3,2250000,0,0,12232,6760,4455,0,241,2365892,3437564,4500000,0,0,40,506,700,2,0,0,0,0,0,0,entry:LeverageInitialMarginTooLow
7500,4,false,false,1,1,0,0,0,false,1,7500000,2,0,1,6799031,200129,500840,0,17751,648,444,0,8306081,0,0,0,0,80,1002,1379,0,0,0,0,0,0,0,
7500,4,false,false,1,1,0,0,0,true,1,7500000,0,0,1,6805303,200000,494697,0,17596,0,0,0,8364654,0,0,0,0,79,1033,1392,1,0,0,0,0,0,0,
7500,4,false,false,1,1,0,2500,100,false,1,7500000,2,0,1,6447829,198095,854076,0,17511,480,514,189,8300189,0,0,0,0,76,987,1379,0,0,0,0,0,0,0,
7500,4,false,false,1,1,0,2500,100,true,1,7500000,0,0,1,6446965,198000,855035,0,16399,0,0,166,8364231,0,0,0,0,75,1033,1389,1,0,0,0,0,0,0,
7500,4,false,false,1,1,1,0,0,false,1,7500000,0,0,1,5263342,200000,2036658,0,17222,0,0,0,8276917,0,0,0,0,23,938,1392,0,0,0,0,0,0,0,
7500,4,false,false,1,1,1,0,0,true,1,7500000,0,0,1,5263342,200000,2036658,0,17222,0,0,0,8276917,0,0,0,0,23,938,1392,0,0,0,0,0,0,0,
7500,4,false,false,1,1,1,2500,100,false,1,7500000,0,0,1,5064722,198000,2237278,0,14226,0,0,144,8330537,0,0,0,0,22,996,1389,0,0,0,0,0,0,0,
7500,4,false,false,1,1,1,2500,100,true,1,7500000,0,0,1,5064722,198000,2237278,0,14226,0,0,144,8330537,0,0,0,0,22,996,1389,0,0,0,0,0,0,0,
7500,4,false,false,1,1,2,0,0,false,1,7500000,0,0,1,5618506,200000,1681494,0,25707,0,0,0,8115142,0,0,0,0,4,758,1392,0,0,0,0,0,0,0,
7500,4,false,false,1,1,2,0,0,true,1,7500000,0,0,1,5618506,200000,1681494,0,25707,0,0,0,8115142,0,0,0,0,4,758,1392,0,0,0,0,0,0,0,
7500,4,false,false,1,1,2,2500,100,false,1,7500000,0,0,1,5243095,198000,2058905,0,30787,0,0,311,7953650,0,0,0,0,4,570,1389,0,0,0,0,0,0,0,
7500,4,false,false,1,1,2,2500,100,true,1,7500000,0,0,1,5243095,198000,2058905,0,30787,0,0,311,7953650,0,0,0,0,4,570,1389,0,0,0,0,0,0,0,
7500,4,false,false,1,1,3,0,0,false,1,7500000,3,0,0,1971039,0,0,0,0,3949,1981,0,1992696,3843880,5528961,0,0,0,0,0,0,0,0,0,0,0,0,
7500,4,false,false,1,1,3,0,0,true,1,7500000,3,0,0,1971039,0,0,0,0,3949,1981,0,1992696,3843880,5528961,0,0,0,0,0,0,0,0,0,0,0,0,
7500,4,false,false,1,1,3,2500,100,false,1,7500000,4,0,0,4579347,0,0,0,0,9082,71140,815,4669843,2154157,2920653,0,0,0,0,0,0,0,0,0,0,0,0,
7500,4,false,false,1,1,3,2500,100,true,1,7500000,1,0,1,6697194,198129,604677,0,16163,656,235,174,8324199,0,0,0,0,63,1024,1376,1,0,0,0,0,0,0,
7500,4,false,false,1,10,0,0,0,false,10,7500000,36,2,8,7499984,16,0,23409,4548,14997,19129,0,7688939,0,0,0,0,52,463,700,0,0,0,0,0,0,0,
7500,4,false,false,1,10,0,0,0,true,10,7500000,4,0,10,7500000,0,0,115772,19866,14997,4517,0,7873680,0,0,0,0,41,521,700,10,0,0,0,0,0,0,
7500,4,false,false,1,10,0,2500,100,false,9,6750000,32,0,7,6748265,0,0,14276,4556,13346,31237,678,6926630,119,1735,1,213,59,476,700,0,0,0,0,213,72,0,entry:LeverageInitialMarginTooLow
7500,4,false,false,1,10,0,2500,100,true,9,6750000,2,0,9,6750000,0,0,104782,18810,13362,118,1397,7102445,0,0,0,0,48,494,700,9,0,0,0,0,0,0,entry:LeverageInitialMarginTooLow
7500,4,false,false,1,10,1,0,0,false,10,7500000,0,0,10,5765062,500000,1234938,0,28102,0,0,0,7779876,0,0,0,0,15,511,700,0,0,0,0,0,0,0,
7500,4,false,false,1,10,1,0,0,true,10,7500000,0,0,10,5765062,500000,1234938,0,28102,0,0,0,7779876,0,0,0,0,15,511,700,0,0,0,0,0,0,0,
7500,4,false,false,1,10,1,2500,100,false,9,6750000,0,0,9,5166568,494998,1088434,0,26685,0,0,276,6985285,0,0,0,0,17,355,700,0,0,0,0,0,0,0,entry:LeverageInitialMarginTooLow
7500,4,false,false,1,10,1,2500,100,true,9,6750000,0,0,9,5166568,494998,1088434,0,26685,0,0,276,6985285,0,0,0,0,17,355,700,0,0,0,0,0,0,0,entry:LeverageInitialMarginTooLow
7500,4,false,false,1,10,2,0,0,false,10,7500000,4,0,8,6034226,500953,676021,0,42765,2425,29996,0,7153209,48542,288800,0,0,3,398,700,0,0,0,0,0,0,0,
7500,4,false,false,1,10,2,0,0,true,10,7500000,2,0,9,6120624,501072,681114,8944,46176,2606,24344,0,7257213,33904,197190,0,0,3,398,700,1,0,0,0,0,0,0,
7500,4,false,false,1,10,2,2500,100,false,9,6750000,0,2,7,5567025,494998,687977,0,35857,0,79892,1174,6594564,0,0,0,0,3,202,700,0,0,0,0,0,0,0,entry:LeverageInitialMarginTooLow
7500,4,false,false,1,10,2,2500,100,true,9,6750000,0,0,9,5617831,495732,636437,14499,50587,1485,0,678,6594564,0,0,0,0,3,202,700,0,0,0,0,0,0,0,entry:LeverageInitialMarginTooLow
7500,4,false,false,1,10,3,0,0,false,10,7500000,11,0,2,2783702,0,0,15801,2449,5571,9358,0,2874228,3722904,4716298,0,0,43,523,700,0,0,0,0,0,0,0,
7500,4,false,false,1,10,3,0,0,true,10,7500000,0,0,4,3000000,0,0,41432,8444,6000,0,0,3160247,3598742,4500000,0,0,35,501,700,3,0,0,0,0,0,0,
7500,4,false,false,1,10,3,2500,100,false,9,6750000,8,0,1,2325158,0,0,5961,2083,4601,4763,187,2398485,3420205,4424842,0,0,40,506,700,0,0,0,0,0,0,0,entry:LeverageInitialMarginTooLow
7500,4,false,false,1,10,3,2500,100,true,9,6750000,0,0,3,2250000,0,0,12232,6760,4455,0,241,2365892,3437570,4500000,0,0,40,506,700,2,0,0,0,0,0,0,entry:LeverageInitialMarginTooLow
7500,4,false,true,0,1,0,0,0,false,1,7500000,1,0,1,6544395,200032,755573,0,16530,164,110,0,8340564,0,0,0,0,68,1016,1364,0,0,0,0,0,0,0,
7500,4,false,true,0,1,0,0,0,true,1,7500000,0,0,1,6543886,200000,756114,0,17314,0,0,0,8340564,0,0,0,0,68,1007,1368,1,0,0,0,0,0,0,
7500,4,false,true,0,1,0,2500,100,false,1,7500000,0,0,1,5850158,198000,1451842,0,15197,0,0,154,8340143,0,0,0,0,64,1007,1364,0,0,0,0,0,0,0,
7500,4,false,true,0,1,0,2500,100,true,1,7500000,0,0,1,5850158,198000,1451842,0,15197,0,0,154,8340143,0,0,0,0,64,1007,1364,0,0,0,0,0,0,0,
7500,4,false,true,0,1,1,0,0,false,1,7500000,0,0,1,5106994,200000,2193006,0,17869,0,0,0,8234495,0,0,0,0,21,891,1368,0,0,0,0,0,0,0,
7500,4,false,true,0,1,1,0,0,true,1,7500000,0,0,1,5106994,200000,2193006,0,17869,0,0,0,8234495,0,0,0,0,21,891,1368,0,0,0,0,0,0,0,
7500,4,false,true,0,1,1,2500,100,false,1,7500000,0,0,1,4660082,198000,2641918,0,14282,0,0,145,8281619,0,0,0,0,20,943,1364,0,0,0,0,0,0,0,
7500,4,false,true,0,1,1,2500,100,true,1,7500000,0,0,1,4660082,198000,2641918,0,14282,0,0,145,8281619,0,0,0,0,20,943,1364,0,0,0,0,0,0,0,
7500,4,false,true,0,1,2,0,0,false,1,7500000,0,0,1,5134047,200000,2165953,0,43944,0,0,0,7659044,0,0,0,0,4,207,1368,0,0,0,0,0,0,0,
7500,4,false,true,0,1,2,0,0,true,1,7500000,0,0,1,5134047,200000,2165953,0,43944,0,0,0,7659044,0,0,0,0,4,207,1368,0,0,0,0,0,0,0,
7500,4,false,true,0,1,2,2500,100,false,1,7500000,0,0,1,4535878,198000,2766122,0,45089,0,0,456,7506628,0,0,0,0,4,8,1364,0,0,0,0,0,0,0,
7500,4,false,true,0,1,2,2500,100,true,1,7500000,0,0,1,4535878,198000,2766122,0,45089,0,0,456,7506628,0,0,0,0,4,8,1364,0,0,0,0,0,0,0,
7500,4,false,true,0,1,3,0,0,false,1,7500000,0,0,1,6537383,200000,762617,0,16912,0,0,0,8347661,0,0,0,0,57,1015,1368,0,0,0,0,0,0,0,
7500,4,false,true,0,1,3,0,0,true,1,7500000,0,0,1,6537383,200000,762617,0,16912,0,0,0,8347661,0,0,0,0,57,1015,1368,0,0,0,0,0,0,0,
7500,4,false,true,0,1,3,2500,100,false,1,7500000,0,0,1,5833868,198000,1468132,0,15581,0,0,158,8330595,0,0,0,0,54,997,1364,0,0,0,0,0,0,0,
7500,4,false,true,0,1,3,2500,100,true,1,7500000,0,0,1,5833868,198000,1468132,0,15581,0,0,158,8330595,0,0,0,0,54,997,1364,0,0,0,0,0,0,0,
7500,4,false,true,0,10,0,0,0,false,8,6000000,39,0,6,5997117,0,0,11136,1981,11991,14399,0,6129729,767,2883,1,522,68,479,700,0,0,0,0,522,120,0,entry:LeverageInitialMarginTooLow
7500,4,false,true,0,10,0,0,0,true,8,6000000,3,0,8,6000000,0,0,75029,17060,11998,161,0,6307722,0,0,0,0,43,502,700,8,0,0,0,0,0,0,entry:LeverageInitialMarginTooLow
7500,4,false,true,0,10,0,2500,100,false,7,5250000,18,2,5,5235078,14922,0,7730,2454,8059,38261,593,5398240,0,0,0,0,64,501,700,0,0,0,0,0,0,0,entry:LeverageInitialMarginTooLow
7500,4,false,true,0,10,0,2500,100,true,7,5250000,2,0,7,5234630,15370,0,84,16355,2623,6275,262,5495883,0,0,0,0,51,520,700,6,0,0,0,0,0,0,entry:LeverageInitialMarginTooLow
7500,4,false,true,0,10,1,0,0,false,8,6000000,0,0,8,4654688,500000,845312,0,17556,0,0,0,6274847,0,0,0,0,16,350,700,0,0,0,0,0,0,0,entry:LeverageInitialMarginTooLow
7500,4,false,true,0,10,1,0,0,true,8,6000000,0,0,8,4654688,500000,845312,0,17556,0,0,0,6274847,0,0,0,0,16,350,700,0,0,0,0,0,0,0,entry:LeverageInitialMarginTooLow
7500,4,false,true,0,10,1,2500,100,false,7,5250000,0,0,7,4014217,494998,740785,0,16020,0,0,165,5479846,0,0,0,0,18,307,700,0,0,0,0,0,0,0,entry:LeverageInitialMarginTooLow
7500,4,false,true,0,10,1,2500,100,true,7,5250000,0,0,7,4014217,494998,740785,0,16020,0,0,165,5479846,0,0,0,0,18,307,700,0,0,0,0,0,0,0,entry:LeverageInitialMarginTooLow
7500,4,false,true,0,10,2,0,0,false,8,6000000,2,1,6,4869880,500500,464146,0,31393,1170,27161,0,5743407,28235,165474,0,0,3,0,700,0,0,0,0,0,0,0,entry:LeverageInitialMarginTooLow
7500,4,false,true,0,10,2,0,0,true,8,6000000,0,0,8,5020287,500750,478963,34591,39420,1500,0,0,5933023,0,0,0,0,3,0,700,1,0,0,0,0,0,0,entry:LeverageInitialMarginTooLow
7500,4,false,true,0,10,2,2500,100,false,7,5250000,0,1,6,4326908,494999,428093,0,33191,0,51520,859,5129523,0,0,0,0,3,391,700,0,0,0,0,0,0,0,entry:LeverageInitialMarginTooLow
7500,4,false,true,0,10,2,2500,100,true,7,5250000,0,0,7,4369830,495733,384437,1425,40733,1485,0,445,5129523,0,0,0,0,3,391,700,0,0,0,0,0,0,0,entry:LeverageInitialMarginTooLow
7500,4,false,true,0,10,3,0,0,false,8,6000000,9,0,1,2068367,0,0,2415,508,4140,4634,0,2121442,3058587,3931633,0,0,47,470,700,0,0,0,0,0,0,0,entry:LeverageInitialMarginTooLow
7500,4,false,true,0,10,3,0,0,true,8,6000000,0,0,3,2250000,0,0,15603,6904,4500,0,0,2365513,2957369,3750000,0,0,36,504,700,3,0,0,0,0,0,0,entry:LeverageInitialMarginTooLow
7500,4,false,true,0,10,3,2500,100,false,7,5250000,0,0,2,1497877,2123,0,0,3875,0,0,40,1581939,2823888,3750000,0,0,43,519,700,0,0,0,0,0,0,0,entry:LeverageInitialMarginTooLow
7500,4,false,true,0,10,3,2500,100,true,7,5250000,0,0,2,1497877,2123,0,0,3875,0,0,40,1581939,2823888,3750000,0,0,43,519,700,0,0,0,0,0,0,0,entry:LeverageInitialMarginTooLow
7500,4,false,true,1,1,0,0,0,false,1,7500000,1,0,1,6544395,200032,755573,0,16530,164,110,0,8340564,0,0,0,0,68,1016,1364,0,0,0,0,0,0,0,
7500,4,false,true,1,1,0,0,0,true,1,7500000,0,0,1,6543885,200000,756115,0,17314,0,0,0,8340564,0,0,0,0,68,1007,1368,1,0,0,0,0,0,0,
7500,4,false,true,1,1,0,2500,100,false,1,7500000,0,0,1,5850158,198000,1451842,0,15197,0,0,154,8340143,0,0,0,0,64,1007,1364,0,0,0,0,0,0,0,
7500,4,false,true,1,1,0,2500,100,true,1,7500000,0,0,1,5850158,198000,1451842,0,15197,0,0,154,8340143,0,0,0,0,64,1007,1364,0,0,0,0,0,0,0,
7500,4,false,true,1,1,1,0,0,false,1,7500000,0,0,1,5106994,200000,2193006,0,17869,0,0,0,8234495,0,0,0,0,21,891,1368,0,0,0,0,0,0,0,
7500,4,false,true,1,1,1,0,0,true,1,7500000,0,0,1,5106994,200000,2193006,0,17869,0,0,0,8234495,0,0,0,0,21,891,1368,0,0,0,0,0,0,0,
7500,4,false,true,1,1,1,2500,100,false,1,7500000,0,0,1,4660082,198000,2641918,0,14282,0,0,145,8281619,0,0,0,0,20,943,1364,0,0,0,0,0,0,0,
7500,4,false,true,1,1,1,2500,100,true,1,7500000,0,0,1,4660082,198000,2641918,0,14282,0,0,145,8281619,0,0,0,0,20,943,1364,0,0,0,0,0,0,0,
7500,4,false,true,1,1,2,0,0,false,1,7500000,0,0,1,5134047,200000,2165953,0,43944,0,0,0,7659044,0,0,0,0,4,207,1368,0,0,0,0,0,0,0,
7500,4,false,true,1,1,2,0,0,true,1,7500000,0,0,1,5134047,200000,2165953,0,43944,0,0,0,7659044,0,0,0,0,4,207,1368,0,0,0,0,0,0,0,
7500,4,false,true,1,1,2,2500,100,false,1,7500000,0,0,1,4535878,198000,2766122,0,45089,0,0,456,7506628,0,0,0,0,4,8,1364,0,0,0,0,0,0,0,
7500,4,false,true,1,1,2,2500,100,true,1,7500000,0,0,1,4535878,198000,2766122,0,45089,0,0,456,7506628,0,0,0,0,4,8,1364,0,0,0,0,0,0,0,
7500,4,false,true,1,1,3,0,0,false,1,7500000,0,0,1,6537383,200000,762617,0,16912,0,0,0,8347661,0,0,0,0,57,1015,1368,0,0,0,0,0,0,0,
7500,4,false,true,1,1,3,0,0,true,1,7500000,0,0,1,6537383,200000,762617,0,16912,0,0,0,8347661,0,0,0,0,57,1015,1368,0,0,0,0,0,0,0,
7500,4,false,true,1,1,3,2500,100,false,1,7500000,0,0,1,5833868,198000,1468132,0,15581,0,0,158,8330595,0,0,0,0,54,997,1364,0,0,0,0,0,0,0,
7500,4,false,true,1,1,3,2500,100,true,1,7500000,0,0,1,5833868,198000,1468132,0,15581,0,0,158,8330595,0,0,0,0,54,997,1364,0,0,0,0,0,0,0,
7500,4,false,true,1,10,0,0,0,false,8,6000000,39,0,6,5997117,0,0,11137,1981,11991,14398,0,6129730,767,2883,1,522,68,479,700,0,0,0,0,522,120,0,entry:LeverageInitialMarginTooLow
7500,4,false,true,1,10,0,0,0,true,8,6000000,3,0,8,6000000,0,0,75029,17060,11998,161,0,6307722,0,0,0,0,43,502,700,8,0,0,0,0,0,0,entry:LeverageInitialMarginTooLow
7500,4,false,true,1,10,0,2500,100,false,7,5250000,18,2,5,5235078,14922,0,7730,2454,8059,38261,593,5398240,0,0,0,0,64,501,700,0,0,0,0,0,0,0,entry:LeverageInitialMarginTooLow
7500,4,false,true,1,10,0,2500,100,true,7,5250000,2,0,7,5234630,15370,0,84,16355,2623,6275,262,5495883,0,0,0,0,51,520,700,6,0,0,0,0,0,0,entry:LeverageInitialMarginTooLow
7500,4,false,true,1,10,1,0,0,false,8,6000000,0,0,8,4654688,500000,845312,0,17556,0,0,0,6274847,0,0,0,0,16,350,700,0,0,0,0,0,0,0,entry:LeverageInitialMarginTooLow
7500,4,false,true,1,10,1,0,0,true,8,6000000,0,0,8,4654688,500000,845312,0,17556,0,0,0,6274847,0,0,0,0,16,350,700,0,0,0,0,0,0,0,entry:LeverageInitialMarginTooLow
7500,4,false,true,1,10,1,2500,100,false,7,5250000,0,0,7,4014217,494998,740785,0,16020,0,0,165,5479846,0,0,0,0,18,307,700,0,0,0,0,0,0,0,entry:LeverageInitialMarginTooLow
7500,4,false,true,1,10,1,2500,100,true,7,5250000,0,0,7,4014217,494998,740785,0,16020,0,0,165,5479846,0,0,0,0,18,307,700,0,0,0,0,0,0,0,entry:LeverageInitialMarginTooLow
7500,4,false,true,1,10,2,0,0,false,8,6000000,2,1,6,4869880,500500,464146,0,31393,1170,27161,0,5743407,28236,165474,0,0,3,0,700,0,0,0,0,0,0,0,entry:LeverageInitialMarginTooLow
7500,4,false,true,1,10,2,0,0,true,8,6000000,0,0,8,5020287,500750,478963,34591,39420,1500,0,0,5933023,0,0,0,0,3,0,700,1,0,0,0,0,0,0,entry:LeverageInitialMarginTooLow
7500,4,false,true,1,10,2,2500,100,false,7,5250000,0,1,6,4326908,494999,428093,0,33191,0,51520,859,5129523,0,0,0,0,3,391,700,0,0,0,0,0,0,0,entry:LeverageInitialMarginTooLow
7500,4,false,true,1,10,2,2500,100,true,7,5250000,0,0,7,4369830,495733,384437,1425,40733,1485,0,445,5129523,0,0,0,0,3,391,700,0,0,0,0,0,0,0,entry:LeverageInitialMarginTooLow
7500,4,false,true,1,10,3,0,0,false,8,6000000,9,0,1,2068367,0,0,2415,508,4140,4634,0,2121442,3058594,3931633,0,0,47,470,700,0,0,0,0,0,0,0,entry:LeverageInitialMarginTooLow
7500,4,false,true,1,10,3,0,0,true,8,6000000,0,0,3,2250000,0,0,15603,6904,4500,0,0,2365513,2957374,3750000,0,0,36,504,700,3,0,0,0,0,0,0,entry:LeverageInitialMarginTooLow
7500,4,false,true,1,10,3,2500,100,false,7,5250000,0,0,2,1497877,2123,0,0,3875,0,0,40,1581939,2823893,3750000,0,0,43,519,700,0,0,0,0,0,0,0,entry:LeverageInitialMarginTooLow
7500,4,false,true,1,10,3,2500,100,true,7,5250000,0,0,2,1497877,2123,0,0,3875,0,0,40,1581939,2823893,3750000,0,0,43,519,700,0,0,0,0,0,0,0,entry:LeverageInitialMarginTooLow
7500,4,true,false,0,1,0,0,0,false,1,7500000,0,0,1,5658199,200000,1641801,0,16064,0,0,0,8280841,0,0,0,0,46,942,1314,0,0,0,0,0,0,0,
7500,4,true,false,0,1,0,0,0,true,1,7500000,0,0,1,5658199,200000,1641801,0,16064,0,0,0,8280841,0,0,0,0,46,942,1314,0,0,0,0,0,0,0,
7500,4,true,false,0,1,0,2500,100,false,1,7500000,0,0,1,5428586,198000,1873414,0,15139,0,0,153,8280423,0,0,0,0,42,942,1310,0,0,0,0,0,0,0,
7500,4,true,false,0,1,0,2500,100,true,1,7500000,0,0,1,5428586,198000,1873414,0,15139,0,0,153,8280423,0,0,0,0,42,942,1310,0,0,0,0,0,0,0,
7500,4,true,false,0,1,1,0,0,false,1,7500000,0,0,1,4561803,200000,2738197,0,12706,0,0,0,8287121,0,0,0,0,16,949,1314,0,0,0,0,0,0,0,
7500,4,true,false,0,1,1,0,0,true,1,7500000,0,0,1,4561803,200000,2738197,0,12706,0,0,0,8287121,0,0,0,0,16,949,1314,0,0,0,0,0,0,0,
7500,4,true,false,0,1,1,2500,100,false,1,7500000,0,0,1,4438676,198000,2863324,0,11231,0,0,114,8311959,0,0,0,0,15,976,1310,0,0,0,0,0,0,0,
7500,4,true,false,0,1,1,2500,100,true,1,7500000,0,0,1,4438676,198000,2863324,0,11231,0,0,114,8311959,0,0,0,0,15,976,1310,0,0,0,0,0,0,0,
7500,4,true,false,0,1,2,0,0,false,1,7500000,0,0,1,3988307,200000,3311693,0,22250,0,0,0,7966386,0,0,0,0,3,585,1314,0,0,0,0,0,0,0,
7500,4,true,false,0,1,2,0,0,true,1,7500000,0,0,1,3988307,200000,3311693,0,22250,0,0,0,7966386,0,0,0,0,3,585,1314,0,0,0,0,0,0,0,
7500,4,true,false,0,1,2,2500,100,false,1,7500000,0,0,1,3782280,198000,3519720,0,26366,0,0,267,7807854,0,0,0,0,3,394,1310,0,0,0,0,0,0,0,
7500,4,true,false,0,1,2,2500,100,true,1,7500000,0,0,1,3782280,198000,3519720,0,26366,0,0,267,7807854,0,0,0,0,3,394,1310,0,0,0,0,0,0,0,
7500,4,true,false,0,1,3,0,0,false,1,7500000,0,0,1,5641528,200000,1658472,0,16448,0,0,0,8271737,0,0,0,0,39,932,1314,0,0,0,0,0,0,0,
7500,4,true,false,0,1,3,0,0,true,1,7500000,0,0,1,5641528,200000,1658472,0,16448,0,0,0,8271737,0,0,0,0,39,932,1314,0,0,0,0,0,0,0,
7500,4,true,false,0,1,3,2500,100,false,1,7500000,0,0,1,5434245,198000,1867755,0,14081,0,0,143,8304654,0,0,0,0,35,968,1310,0,0,0,0,0,0,0,
7500,4,true,false,0,1,3,2500,100,true,1,7500000,0,0,1,5434245,198000,1867755,0,14081,0,0,143,8304654,0,0,0,0,35,968,1310,0,0,0,0,0,0,0,
7500,4,true,false,0,10,0,0,0,false,6,4500000,0,0,6,3665376,500000,334624,0,11131,0,0,0,4731081,0,0,0,0,48,482,700,0,0,0,0,0,0,0,entry:LeverageInitialMarginTooLow
7500,4,true,false,0,10,0,0,0,true,6,4500000,0,0,6,3665376,500000,334624,0,11131,0,0,0,4731081,0,0,0,0,48,482,700,0,0,0,0,0,0,0,entry:LeverageInitialMarginTooLow
7500,4,true,false,0,10,0,2500,100,false,6,4500000,0,0,6,3647791,494998,357211,0,11008,0,0,113,4730809,0,0,0,0,44,482,700,0,0,0,0,0,0,0,entry:LeverageInitialMarginTooLow
7500,4,true,false,0,10,0,2500,100,true,6,4500000,0,0,6,3647791,494998,357211,0,11008,0,0,113,4730809,0,0,0,0,44,482,700,0,0,0,0,0,0,0,entry:LeverageInitialMarginTooLow
7500,4,true,false,0,10,1,0,0,false,6,4500000,0,0,6,2814264,500000,1185736,0,10663,0,0,0,4705707,0,0,0,0,17,356,700,0,0,0,0,0,0,0,entry:LeverageInitialMarginTooLow
7500,4,true,false,0,10,1,0,0,true,6,4500000,0,0,6,2814264,500000,1185736,0,10663,0,0,0,4705707,0,0,0,0,17,356,700,0,0,0,0,0,0,0,entry:LeverageInitialMarginTooLow
7500,4,true,false,0,10,1,2500,100,false,6,4500000,0,0,6,2788222,495000,1216778,0,13570,0,0,141,4667068,0,0,0,0,16,391,700,0,0,0,0,0,0,0,entry:LeverageInitialMarginTooLow
7500,4,true,false,0,10,1,2500,100,true,6,4500000,0,0,6,2788222,495000,1216778,0,13570,0,0,141,4667068,0,0,0,0,16,391,700,0,0,0,0,0,0,0,entry:LeverageInitialMarginTooLow
7500,4,true,false,0,10,2,0,0,false,6,4500000,0,0,5,2360885,500000,889115,0,19626,0,0,0,3681423,56651,750000,0,0,3,202,700,0,0,0,0,0,0,0,entry:LeverageInitialMarginTooLow
7500,4,true,false,0,10,2,0,0,true,6,4500000,0,0,5,2360885,500000,889115,0,19626,0,0,0,3681423,56651,750000,0,0,3,202,700,0,0,0,0,0,0,0,entry:LeverageInitialMarginTooLow
7500,4,true,false,0,10,2,2500,100,false,6,4500000,0,0,6,2890745,495000,1114255,0,22100,0,0,226,4455695,0,0,0,0,3,453,700,0,0,0,0,0,0,0,entry:LeverageInitialMarginTooLow
7500,4,true,false,0,10,2,2500,100,true,6,4500000,0,0,6,2890745,495000,1114255,0,22100,0,0,226,4455695,0,0,0,0,3,453,700,0,0,0,0,0,0,0,entry:LeverageInitialMarginTooLow
7500,4,true,false,0,10,3,0,0,false,6,4500000,0,0,3,1831482,418518,0,0,5456,0,0,0,2366600,1705278,2250000,0,0,40,510,700,0,0,0,0,0,0,0,entry:LeverageInitialMarginTooLow
7500,4,true,false,0,10,3,0,0,true,6,4500000,0,0,3,1831482,418518,0,0,5456,0,0,0,2366600,1705278,2250000,0,0,40,510,700,0,0,0,0,0,0,0,entry:LeverageInitialMarginTooLow
7500,4,true,false,0,10,3,2500,100,false,6,4500000,0,0,4,2441588,494998,63414,0,6748,0,0,71,3159774,1251674,1500000,0,0,37,490,700,0,0,0,0,0,0,0,entry:LeverageInitialMarginTooLow
7500,4,true,false,0,10,3,2500,100,true,6,4500000,0,0,4,2441588,494998,63414,0,6748,0,0,71,3159774,1251674,1500000,0,0,37,490,700,0,0,0,0,0,0,0,entry:LeverageInitialMarginTooLow
7500,4,true,false,1,1,0,0,0,false,1,7500000,0,0,1,5658199,200000,1641801,0,16064,0,0,0,8280841,0,0,0,0,46,942,1314,0,0,0,0,0,0,0,
7500,4,true,false,1,1,0,0,0,true,1,7500000,0,0,1,5658199,200000,1641801,0,16064,0,0,0,8280841,0,0,0,0,46,942,1314,0,0,0,0,0,0,0,
7500,4,true,false,1,1,0,2500,100,false,1,7500000,0,0,1,5428586,198000,1873414,0,15139,0,0,153,8280423,0,0,0,0,42,942,1310,0,0,0,0,0,0,0,
7500,4,true,false,1,1,0,2500,100,true,1,7500000,0,0,1,5428586,198000,1873414,0,15139,0,0,153,8280423,0,0,0,0,42,942,1310,0,0,0,0,0,0,0,
7500,4,true,false,1,1,1,0,0,false,1,7500000,0,0,1,4561804,200000,2738196,0,12706,0,0,0,8287121,0,0,0,0,16,949,1314,0,0,0,0,0,0,0,
7500,4,true,false,1,1,1,0,0,true,1,7500000,0,0,1,4561804,200000,2738196,0,12706,0,0,0,8287121,0,0,0,0,16,949,1314,0,0,0,0,0,0,0,
7500,4,true,false,1,1,1,2500,100,false,1,7500000,0,0,1,4438676,198000,2863324,0,11231,0,0,114,8311959,0,0,0,0,15,976,1310,0,0,0,0,0,0,0,
7500,4,true,false,1,1,1,2500,100,true,1,7500000,0,0,1,4438676,198000,2863324,0,11231,0,0,114,8311959,0,0,0,0,15,976,1310,0,0,0,0,0,0,0,
7500,4,true,false,1,1,2,0,0,false,1,7500000,0,0,1,3988307,200000,3311693,0,22250,0,0,0,7966386,0,0,0,0,3,585,1314,0,0,0,0,0,0,0,
7500,4,true,false,1,1,2,0,0,true,1,7500000,0,0,1,3988307,200000,3311693,0,22250,0,0,0,7966386,0,0,0,0,3,585,1314,0,0,0,0,0,0,0,
7500,4,true,false,1,1,2,2500,100,false,1,7500000,0,0,1,3782280,198000,3519720,0,26366,0,0,267,7807854,0,0,0,0,3,394,1310,0,0,0,0,0,0,0,
7500,4,true,false,1,1,2,2500,100,true,1,7500000,0,0,1,3782280,198000,3519720,0,26366,0,0,267,7807854,0,0,0,0,3,394,1310,0,0,0,0,0,0,0,
7500,4,true,false,1,1,3,0,0,false,1,7500000,0,0,1,5641528,200000,1658472,0,16448,0,0,0,8271737,0,0,0,0,39,932,1314,0,0,0,0,0,0,0,
7500,4,true,false,1,1,3,0,0,true,1,7500000,0,0,1,5641528,200000,1658472,0,16448,0,0,0,8271737,0,0,0,0,39,932,1314,0,0,0,0,0,0,0,
7500,4,true,false,1,1,3,2500,100,false,1,7500000,0,0,1,5434245,198000,1867755,0,14081,0,0,143,8304654,0,0,0,0,35,968,1310,0,0,0,0,0,0,0,
7500,4,true,false,1,1,3,2500,100,true,1,7500000,0,0,1,5434245,198000,1867755,0,14081,0,0,143,8304654,0,0,0,0,35,968,1310,0,0,0,0,0,0,0,
7500,4,true,false,1,10,0,0,0,false,6,4500000,0,0,6,3665377,500000,334623,0,11131,0,0,0,4731082,0,0,0,0,48,482,700,0,0,0,0,0,0,0,entry:LeverageInitialMarginTooLow
7500,4,true,false,1,10,0,0,0,true,6,4500000,0,0,6,3665377,500000,334623,0,11131,0,0,0,4731082,0,0,0,0,48,482,700,0,0,0,0,0,0,0,entry:LeverageInitialMarginTooLow
7500,4,true,false,1,10,0,2500,100,false,6,4500000,0,0,6,3647792,494998,357210,0,11008,0,0,113,4730810,0,0,0,0,44,482,700,0,0,0,0,0,0,0,entry:LeverageInitialMarginTooLow
7500,4,true,false,1,10,0,2500,100,true,6,4500000,0,0,6,3647792,494998,357210,0,11008,0,0,113,4730810,0,0,0,0,44,482,700,0,0,0,0,0,0,0,entry:LeverageInitialMarginTooLow
7500,4,true,false,1,10,1,0,0,false,6,4500000,0,0,6,2814265,500000,1185735,0,10663,0,0,0,4705707,0,0,0,0,17,356,700,0,0,0,0,0,0,0,entry:LeverageInitialMarginTooLow
7500,4,true,false,1,10,1,0,0,true,6,4500000,0,0,6,2814265,500000,1185735,0,10663,0,0,0,4705707,0,0,0,0,17,356,700,0,0,0,0,0,0,0,entry:LeverageInitialMarginTooLow
7500,4,true,false,1,10,1,2500,100,false,6,4500000,0,0,6,2788222,495000,1216778,0,13570,0,0,141,4667069,0,0,0,0,16,391,700,0,0,0,0,0,0,0,entry:LeverageInitialMarginTooLow
7500,4,true,false,1,10,1,2500,100,true,6,4500000,0,0,6,2788222,495000,1216778,0,13570,0,0,141,4667069,0,0,0,0,16,391,700,0,0,0,0,0,0,0,entry:LeverageInitialMarginTooLow
7500,4,true,false,1,10,2,0,0,false,6,4500000,0,0,5,2360885,500000,889115,0,19626,0,0,0,3681423,56651,750000,0,0,3,202,700,0,0,0,0,0,0,0,entry:LeverageInitialMarginTooLow
7500,4,true,false,1,10,2,0,0,true,6,4500000,0,0,5,2360885,500000,889115,0,19626,0,0,0,3681423,56651,750000,0,0,3,202,700,0,0,0,0,0,0,0,entry:LeverageInitialMarginTooLow
7500,4,true,false,1,10,2,2500,100,false,6,4500000,0,0,6,2890746,495000,1114254,0,22100,0,0,226,4455694,0,0,0,0,3,453,700,0,0,0,0,0,0,0,entry:LeverageInitialMarginTooLow
7500,4,true,false,1,10,2,2500,100,true,6,4500000,0,0,6,2890746,495000,1114254,0,22100,0,0,226,4455694,0,0,0,0,3,453,700,0,0,0,0,0,0,0,entry:LeverageInitialMarginTooLow
7500,4,true,false,1,10,3,0,0,false,6,4500000,0,0,3,1831482,418518,0,0,5456,0,0,0,2366600,1705282,2250000,0,0,40,510,700,0,0,0,0,0,0,0,entry:LeverageInitialMarginTooLow
7500,4,true,false,1,10,3,0,0,true,6,4500000,0,0,3,1831482,418518,0,0,5456,0,0,0,2366600,1705282,2250000,0,0,40,510,700,0,0,0,0,0,0,0,entry:LeverageInitialMarginTooLow
7500,4,true,false,1,10,3,2500,100,false,6,4500000,0,0,4,2441589,494998,63413,0,6748,0,0,71,3159774,1251676,1500000,0,0,37,490,700,0,0,0,0,0,0,0,entry:LeverageInitialMarginTooLow
7500,4,true,false,1,10,3,2500,100,true,6,4500000,0,0,4,2441589,494998,63413,0,6748,0,0,71,3159774,1251676,1500000,0,0,37,490,700,0,0,0,0,0,0,0,entry:LeverageInitialMarginTooLow
7500,4,true,true,0,1,0,0,0,false,1,7500000,0,0,1,5522470,200000,1777530,0,14163,0,0,0,8296526,0,0,0,0,36,960,1290,0,0,0,0,0,0,0,
7500,4,true,true,0,1,0,0,0,true,1,7500000,0,0,1,5522470,200000,1777530,0,14163,0,0,0,8296526,0,0,0,0,36,960,1290,0,0,0,0,0,0,0,
7500,4,true,true,0,1,0,2500,100,false,1,7500000,0,0,1,5075242,198000,2226758,0,12808,0,0,130,8296106,0,0,0,0,32,959,1286,0,0,0,0,0,0,0,
7500,4,true,true,0,1,0,2500,100,true,1,7500000,0,0,1,5075242,198000,2226758,0,12808,0,0,130,8296106,0,0,0,0,32,959,1286,0,0,0,0,0,0,0,
7500,4,true,true,0,1,1,0,0,false,1,7500000,0,0,1,4502973,200000,2797027,0,12742,0,0,0,8265812,0,0,0,0,14,926,1290,0,0,0,0,0,0,0,
7500,4,true,true,0,1,1,0,0,true,1,7500000,0,0,1,4502973,200000,2797027,0,12742,0,0,0,8265812,0,0,0,0,14,926,1290,0,0,0,0,0,0,0,
7500,4,true,true,0,1,1,2500,100,false,1,7500000,0,0,1,4208214,198000,3093786,0,11238,0,0,114,8278241,0,0,0,0,13,940,1286,0,0,0,0,0,0,0,
7500,4,true,true,0,1,1,2500,100,true,1,7500000,0,0,1,4208214,198000,3093786,0,11238,0,0,114,8278241,0,0,0,0,13,940,1286,0,0,0,0,0,0,0,
7500,4,true,true,0,1,2,0,0,false,1,7500000,0,0,1,3777107,200000,3522893,0,34511,0,0,0,7593003,0,0,0,0,3,122,1290,0,0,0,0,0,0,0,
7500,4,true,true,0,1,2,0,0,true,1,7500000,0,0,1,3777107,200000,3522893,0,34511,0,0,0,7593003,0,0,0,0,3,122,1290,0,0,0,0,0,0,0,
7500,4,true,true,0,1,2,2500,100,false,1,7500000,0,0,1,3402257,198000,3899743,0,34022,0,0,344,7441902,0,0,0,0,3,0,1286,0,0,0,0,0,0,0,
7500,4,true,true,0,1,2,2500,100,true,1,7500000,0,0,1,3402257,198000,3899743,0,34022,0,0,344,7441902,0,0,0,0,3,0,1286,0,0,0,0,0,0,0,
7500,4,true,true,0,1,3,0,0,false,1,7500000,0,0,1,5495349,200000,1804651,0,15293,0,0,0,8271004,0,0,0,0,31,932,1290,0,0,0,0,0,0,0,
7500,4,true,true,0,1,3,0,0,true,1,7500000,0,0,1,5495349,200000,1804651,0,15293,0,0,0,8271004,0,0,0,0,31,932,1290,0,0,0,0,0,0,0,
7500,4,true,true,0,1,3,2500,100,false,1,7500000,0,0,1,5041505,198000,2260495,0,14518,0,0,147,8254094,0,0,0,0,28,913,1286,0,0,0,0,0,0,0,
7500,4,true,true,0,1,3,2500,100,true,1,7500000,0,0,1,5041505,198000,2260495,0,14518,0,0,147,8254094,0,0,0,0,28,913,1286,0,0,0,0,0,0,0,
7500,4,true,true,0,10,0,0,0,false,6,4500000,0,0,6,3657686,500000,342314,0,10441,0,0,0,4737459,0,0,0,0,35,512,700,0,0,0,0,0,0,0,entry:LeverageInitialMarginTooLow
7500,4,true,true,0,10,0,0,0,true,6,4500000,0,0,6,3657686,500000,342314,0,10441,0,0,0,4737459,0,0,0,0,35,512,700,0,0,0,0,0,0,0,entry:LeverageInitialMarginTooLow
7500,4,true,true,0,10,0,2500,100,false,6,4500000,0,0,6,3618231,494998,386771,0,10247,0,0,106,4737201,0,0,0,0,31,512,700,0,0,0,0,0,0,0,entry:LeverageInitialMarginTooLow
7500,4,true,true,0,10,0,2500,100,true,6,4500000,0,0,6,3618231,494998,386771,0,10247,0,0,106,4737201,0,0,0,0,31,512,700,0,0,0,0,0,0,0,entry:LeverageInitialMarginTooLow
7500,4,true,true,0,10,1,0,0,false,6,4500000,0,0,6,2829160,500000,1170840,0,11313,0,0,0,4698120,0,0,0,0,14,426,700,0,0,0,0,0,0,0,entry:LeverageInitialMarginTooLow
7500,4,true,true,0,10,1,0,0,true,6,4500000,0,0,6,2829160,500000,1170840,0,11313,0,0,0,4698120,0,0,0,0,14,426,700,0,0,0,0,0,0,0,entry:LeverageInitialMarginTooLow
7500,4,true,true,0,10,1,2500,100,false,6,4500000,0,0,6,2832164,495000,1172836,0,10236,0,0,107,4709967,0,0,0,0,13,440,700,0,0,0,0,0,0,0,entry:LeverageInitialMarginTooLow
7500,4,true,true,0,10,1,2500,100,true,6,4500000,0,0,6,2832164,495000,1172836,0,10236,0,0,107,4709967,0,0,0,0,13,440,700,0,0,0,0,0,0,0,entry:LeverageInitialMarginTooLow
7500,4,true,true,0,10,2,0,0,false,6,4500000,0,0,5,2245522,500000,1004478,0,21805,0,0,0,3595979,49475,750000,1,750000,3,143,700,0,0,1,750000,750000,127101,0,entry:LeverageInitialMarginTooLow
7500,4,true,true,0,10,2,0,0,true,6,4500000,0,0,5,2245522,500000,1004478,0,21805,0,0,0,3595979,49475,750000,1,750000,3,143,700,0,0,1,750000,750000,127101,0,entry:LeverageInitialMarginTooLow
7500,4,true,true,0,10,2,2500,100,false,6,4500000,0,0,6,2725256,495000,1279744,0,17841,0,0,185,4472387,0,0,0,0,3,505,700,0,0,0,0,0,0,0,entry:LeverageInitialMarginTooLow
7500,4,true,true,0,10,2,2500,100,true,6,4500000,0,0,6,2725256,495000,1279744,0,17841,0,0,185,4472387,0,0,0,0,3,505,700,0,0,0,0,0,0,0,entry:LeverageInitialMarginTooLow
7500,4,true,true,0,10,3,0,0,false,6,4500000,0,0,4,2432481,500000,67519,0,7334,0,0,0,3154511,1225286,1500000,0,0,30,493,700,0,0,0,0,0,0,0,entry:LeverageInitialMarginTooLow
7500,4,true,true,0,10,3,0,0,true,6,4500000,0,0,4,2432481,500000,67519,0,7334,0,0,0,3154511,1225286,1500000,0,0,30,493,700,0,0,0,0,0,0,0,entry:LeverageInitialMarginTooLow
7500,4,true,true,0,10,3,2500,100,false,6,4500000,0,0,4,2410182,494999,94819,0,6901,0,0,72,3157445,1171054,1500000,0,0,27,473,700,0,0,0,0,0,0,0,entry:LeverageInitialMarginTooLow
7500,4,true,true,0,10,3,2500,100,true,6,4500000,0,0,4,2410182,494999,94819,0,6901,0,0,72,3157445,1171054,1500000,0,0,27,473,700,0,0,0,0,0,0,0,entry:LeverageInitialMarginTooLow
7500,4,true,true,1,1,0,0,0,false,1,7500000,0,0,1,5522470,200000,1777530,0,14163,0,0,0,8296526,0,0,0,0,36,960,1290,0,0,0,0,0,0,0,
7500,4,true,true,1,1,0,0,0,true,1,7500000,0,0,1,5522470,200000,1777530,0,14163,0,0,0,8296526,0,0,0,0,36,960,1290,0,0,0,0,0,0,0,
7500,4,true,true,1,1,0,2500,100,false,1,7500000,0,0,1,5075242,198000,2226758,0,12808,0,0,130,8296106,0,0,0,0,32,959,1286,0,0,0,0,0,0,0,
7500,4,true,true,1,1,0,2500,100,true,1,7500000,0,0,1,5075242,198000,2226758,0,12808,0,0,130,8296106,0,0,0,0,32,959,1286,0,0,0,0,0,0,0,
7500,4,true,true,1,1,1,0,0,false,1,7500000,0,0,1,4502973,200000,2797027,0,12742,0,0,0,8265812,0,0,0,0,14,926,1290,0,0,0,0,0,0,0,
7500,4,true,true,1,1,1,0,0,true,1,7500000,0,0,1,4502973,200000,2797027,0,12742,0,0,0,8265812,0,0,0,0,14,926,1290,0,0,0,0,0,0,0,
7500,4,true,true,1,1,1,2500,100,false,1,7500000,0,0,1,4208214,198000,3093786,0,11238,0,0,114,8278241,0,0,0,0,13,940,1286,0,0,0,0,0,0,0,
7500,4,true,true,1,1,1,2500,100,true,1,7500000,0,0,1,4208214,198000,3093786,0,11238,0,0,114,8278241,0,0,0,0,13,940,1286,0,0,0,0,0,0,0,
7500,4,true,true,1,1,2,0,0,false,1,7500000,0,0,1,3777107,200000,3522893,0,34511,0,0,0,7593003,0,0,0,0,3,122,1290,0,0,0,0,0,0,0,
7500,4,true,true,1,1,2,0,0,true,1,7500000,0,0,1,3777107,200000,3522893,0,34511,0,0,0,7593003,0,0,0,0,3,122,1290,0,0,0,0,0,0,0,
7500,4,true,true,1,1,2,2500,100,false,1,7500000,0,0,1,3402257,198000,3899743,0,34022,0,0,344,7441902,0,0,0,0,3,0,1286,0,0,0,0,0,0,0,
7500,4,true,true,1,1,2,2500,100,true,1,7500000,0,0,1,3402257,198000,3899743,0,34022,0,0,344,7441902,0,0,0,0,3,0,1286,0,0,0,0,0,0,0,
7500,4,true,true,1,1,3,0,0,false,1,7500000,0,0,1,5495349,200000,1804651,0,15293,0,0,0,8271004,0,0,0,0,31,932,1290,0,0,0,0,0,0,0,
7500,4,true,true,1,1,3,0,0,true,1,7500000,0,0,1,5495349,200000,1804651,0,15293,0,0,0,8271004,0,0,0,0,31,932,1290,0,0,0,0,0,0,0,
7500,4,true,true,1,1,3,2500,100,false,1,7500000,0,0,1,5041505,198000,2260495,0,14518,0,0,147,8254094,0,0,0,0,28,913,1286,0,0,0,0,0,0,0,
7500,4,true,true,1,1,3,2500,100,true,1,7500000,0,0,1,5041505,198000,2260495,0,14518,0,0,147,8254094,0,0,0,0,28,913,1286,0,0,0,0,0,0,0,
7500,4,true,true,1,10,0,0,0,false,6,4500000,0,0,6,3657686,500000,342314,0,10441,0,0,0,4737460,0,0,0,0,35,512,700,0,0,0,0,0,0,0,entry:LeverageInitialMarginTooLow
7500,4,true,true,1,10,0,0,0,true,6,4500000,0,0,6,3657686,500000,342314,0,10441,0,0,0,4737460,0,0,0,0,35,512,700,0,0,0,0,0,0,0,entry:LeverageInitialMarginTooLow
7500,4,true,true,1,10,0,2500,100,false,6,4500000,0,0,6,3618231,494998,386771,0,10247,0,0,106,4737202,0,0,0,0,31,512,700,0,0,0,0,0,0,0,entry:LeverageInitialMarginTooLow
7500,4,true,true,1,10,0,2500,100,true,6,4500000,0,0,6,3618231,494998,386771,0,10247,0,0,106,4737202,0,0,0,0,31,512,700,0,0,0,0,0,0,0,entry:LeverageInitialMarginTooLow
7500,4,true,true,1,10,1,0,0,false,6,4500000,0,0,6,2829161,500000,1170839,0,11313,0,0,0,4698120,0,0,0,0,14,426,700,0,0,0,0,0,0,0,entry:LeverageInitialMarginTooLow
7500,4,true,true,1,10,1,0,0,true,6,4500000,0,0,6,2829161,500000,1170839,0,11313,0,0,0,4698120,0,0,0,0,14,426,700,0,0,0,0,0,0,0,entry:LeverageInitialMarginTooLow
7500,4,true,true,1,10,1,2500,100,false,6,4500000,0,0,6,2832164,495000,1172836,0,10236,0,0,107,4709967,0,0,0,0,13,440,700,0,0,0,0,0,0,0,entry:LeverageInitialMarginTooLow
7500,4,true,true,1,10,1,2500,100,true,6,4500000,0,0,6,2832164,495000,1172836,0,10236,0,0,107,4709967,0,0,0,0,13,440,700,0,0,0,0,0,0,0,entry:LeverageInitialMarginTooLow
7500,4,true,true,1,10,2,0,0,false,6,4500000,0,0,5,2245522,500000,1004478,0,21805,0,0,0,3595979,49475,750000,1,750000,3,143,700,0,0,1,750000,750000,127101,0,entry:LeverageInitialMarginTooLow
7500,4,true,true,1,10,2,0,0,true,6,4500000,0,0,5,2245522,500000,1004478,0,21805,0,0,0,3595979,49475,750000,1,750000,3,143,700,0,0,1,750000,750000,127101,0,entry:LeverageInitialMarginTooLow
7500,4,true,true,1,10,2,2500,100,false,6,4500000,0,0,6,2725256,495000,1279744,0,17841,0,0,185,4472388,0,0,0,0,3,505,700,0,0,0,0,0,0,0,entry:LeverageInitialMarginTooLow
7500,4,true,true,1,10,2,2500,100,true,6,4500000,0,0,6,2725256,495000,1279744,0,17841,0,0,185,4472388,0,0,0,0,3,505,700,0,0,0,0,0,0,0,entry:LeverageInitialMarginTooLow
7500,4,true,true,1,10,3,0,0,false,6,4500000,0,0,4,2432482,500000,67518,0,7334,0,0,0,3154511,1225287,1500000,0,0,30,493,700,0,0,0,0,0,0,0,entry:LeverageInitialMarginTooLow
7500,4,true,true,1,10,3,0,0,true,6,4500000,0,0,4,2432482,500000,67518,0,7334,0,0,0,3154511,1225287,1500000,0,0,30,493,700,0,0,0,0,0,0,0,entry:LeverageInitialMarginTooLow
7500,4,true,true,1,10,3,2500,100,false,6,4500000,0,0,4,2410182,494999,94819,0,6901,0,0,72,3157445,1171053,1500000,0,0,27,473,700,0,0,0,0,0,0,0,entry:LeverageInitialMarginTooLow
7500,4,true,true,1,10,3,2500,100,true,6,4500000,0,0,4,2410182,494999,94819,0,6901,0,0,72,3157445,1171053,1500000,0,0,27,473,700,0,0,0,0,0,0,0,entry:LeverageInitialMarginTooLow
7500,10,false,false,0,1,0,0,0,false,1,7500000,2,0,1,6644081,200130,655789,0,17191,650,216,0,8334015,0,0,0,0,99,1034,1419,0,0,0,0,0,0,0,
7500,10,false,false,0,1,0,0,0,true,1,7500000,0,0,1,6646004,200000,653996,0,16995,0,0,0,8395552,0,0,0,0,98,1066,1431,1,0,0,0,0,0,0,
7500,10,false,false,0,1,0,2500,100,false,1,7500000,0,0,1,6253708,198000,1048292,0,15734,0,0,159,8395127,0,0,0,0,94,1066,1428,0,0,0,0,0,0,0,
7500,10,false,false,0,1,0,2500,100,true,1,7500000,0,0,1,6253708,198000,1048292,0,15734,0,0,159,8395127,0,0,0,0,94,1066,1428,0,0,0,0,0,0,0,
7500,10,false,false,0,1,1,0,0,false,1,7500000,0,0,1,5027369,200000,2272631,0,20742,0,0,0,8191163,0,0,0,0,27,843,1431,0,0,0,0,0,0,0,
7500,10,false,false,0,1,1,0,0,true,1,7500000,0,0,1,5027369,200000,2272631,0,20742,0,0,0,8191163,0,0,0,0,27,843,1431,0,0,0,0,0,0,0,
7500,10,false,false,0,1,1,2500,100,false,1,7500000,0,0,1,4810328,198000,2491672,0,17235,0,0,175,8253754,0,0,0,0,26,913,1428,0,0,0,0,0,0,0,
7500,10,false,false,0,1,1,2500,100,true,1,7500000,0,0,1,4810328,198000,2491672,0,17235,0,0,175,8253754,0,0,0,0,26,913,1428,0,0,0,0,0,0,0,
7500,10,false,false,0,1,2,0,0,false,1,7500000,0,0,1,5998801,200000,1301199,0,24539,0,0,0,8195634,0,0,0,0,5,848,1431,0,0,0,0,0,0,0,
7500,10,false,false,0,1,2,0,0,true,1,7500000,0,0,1,5998801,200000,1301199,0,24539,0,0,0,8195634,0,0,0,0,5,848,1431,0,0,0,0,0,0,0,
7500,10,false,false,0,1,2,2500,100,false,1,7500000,0,0,1,5552739,198000,1749261,0,29646,0,0,300,8032541,0,0,0,0,5,662,1428,0,0,0,0,0,0,0,
7500,10,false,false,0,1,2,2500,100,true,1,7500000,0,0,1,5552739,198000,1749261,0,29646,0,0,300,8032541,0,0,0,0,5,662,1428,0,0,0,0,0,0,0,
7500,10,false,false,0,1,3,0,0,false,1,7500000,0,0,0,0,0,0,0,0,0,0,0,0,6015922,7500000,0,0,0,0,0,0,0,0,0,0,0,0,
7500,10,false,false,0,1,3,0,0,true,1,7500000,0,0,0,0,0,0,0,0,0,0,0,0,6015922,7500000,0,0,0,0,0,0,0,0,0,0,0,0,
7500,10,false,false,0,1,3,2500,100,false,1,7500000,0,0,0,0,0,0,0,0,0,0,0,0,5746953,7500000,0,0,0,0,0,0,0,0,0,0,0,0,
7500,10,false,false,0,1,3,2500,100,true,1,7500000,0,0,0,0,0,0,0,0,0,0,0,0,5746953,7500000,0,0,0,0,0,0,0,0,0,0,0,0,
7500,10,false,false,0,10,0,0,0,false,10,7500000,27,3,6,7438209,56550,0,16367,4783,11192,57067,0,7672701,410,5241,0,0,79,522,700,0,0,0,0,0,0,0,
7500,10,false,false,0,10,0,0,0,true,10,7500000,7,0,10,7500000,0,0,129803,19560,14368,24523,0,7840103,0,0,0,0,67,518,700,9,0,0,0,0,0,0,
7500,10,false,false,0,10,0,2500,100,false,10,7500000,23,2,7,7418434,80956,0,2100,7350,10251,111473,1352,7688278,0,610,1,610,76,465,700,0,0,0,0,610,82,0,
7500,10,false,false,0,10,0,2500,100,true,10,7500000,2,0,10,7417789,82211,0,66731,29442,10957,4547,1138,7813195,0,0,0,0,63,518,700,6,0,0,0,0,0,0,
7500,10,false,false,0,10,1,0,0,false,10,7500000,0,0,10,5580244,500000,1419756,0,29243,0,0,0,7758943,0,0,0,0,21,346,700,0,0,0,0,0,0,0,
7500,10,false,false,0,10,1,0,0,true,10,7500000,0,0,10,5580244,500000,1419756,0,29243,0,0,0,7758943,0,0,0,0,21,346,700,0,0,0,0,0,0,0,
7500,10,false,false,0,10,1,2500,100,false,10,7500000,0,0,10,5552141,494999,1452860,0,27663,0,0,284,7770452,0,0,0,0,20,400,700,0,0,0,0,0,0,0,
7500,10,false,false,0,10,1,2500,100,true,10,7500000,0,0,10,5552141,494999,1452860,0,27663,0,0,284,7770452,0,0,0,0,20,400,700,0,0,0,0,0,0,0,
7500,10,false,false,0,10,2,0,0,false,10,7500000,3,2,8,6860514,500485,139001,0,35625,970,67872,0,7594091,0,0,0,0,4,222,700,0,0,0,0,0,0,0,
7500,10,false,false,0,10,2,0,0,true,10,7500000,2,0,10,6874416,501120,124464,40984,46451,2241,1543,0,7594064,0,0,0,0,4,222,700,1,0,0,0,0,0,0,
7500,10,false,false,0,10,2,2500,100,false,10,7500000,1,1,9,6305327,495552,699121,0,47203,1120,53312,1033,7459131,0,0,0,0,4,23,700,0,0,0,0,0,0,0,
7500,10,false,false,0,10,2,2500,100,true,10,7500000,0,0,10,6272585,495732,731683,20753,49853,1485,0,733,7488949,0,0,0,0,4,23,700,1,0,0,0,0,0,0,
7500,10,false,false,0,10,3,0,0,false,10,7500000,3,0,0,601869,0,0,0,0,1205,581,0,614866,5758475,6898131,0,0,0,0,0,0,0,0,0,0,0,0,
7500,10,false,false,0,10,3,0,0,true,10,7500000,0,0,1,750000,0,0,5978,2399,1500,0,0,787758,5675692,6750000,0,0,57,479,700,1,0,0,0,0,0,0,
7500,10,false,false,0,10,3,2500,100,false,10,7500000,2,0,1,1151105,0,0,4305,1961,2279,1796,108,1197168,5248164,6348895,0,0,53,517,700,0,0,0,0,0,0,0,
7500,10,false,false,0,10,3,2500,100,true,10,7500000,2,0,1,1151105,0,0,4305,1961,2279,1796,108,1197168,5248164,6348895,0,0,53,517,700,0,0,0,0,0,0,0,
7500,10,false,false,1,1,0,0,0,false,1,7500000,2,0,1,6644081,200130,655789,0,17191,650,216,0,8334015,0,0,0,0,99,1034,1419,0,0,0,0,0,0,0,
7500,10,false,false,1,1,0,0,0,true,1,7500000,0,0,1,6646004,200000,653996,0,16995,0,0,0,8395552,0,0,0,0,98,1066,1431,1,0,0,0,0,0,0,
7500,10,false,false,1,1,0,2500,100,false,1,7500000,0,0,1,6253708,198000,1048292,0,15734,0,0,159,8395127,0,0,0,0,94,1066,1428,0,0,0,0,0,0,0,
7500,10,false,false,1,1,0,2500,100,true,1,7500000,0,0,1,6253708,198000,1048292,0,15734,0,0,159,8395127,0,0,0,0,94,1066,1428,0,0,0,0,0,0,0,
7500,10,false,false,1,1,1,0,0,false,1,7500000,0,0,1,5027369,200000,2272631,0,20742,0,0,0,8191163,0,0,0,0,27,843,1431,0,0,0,0,0,0,0,
7500,10,false,false,1,1,1,0,0,true,1,7500000,0,0,1,5027369,200000,2272631,0,20742,0,0,0,8191163,0,0,0,0,27,843,1431,0,0,0,0,0,0,0,
7500,10,false,false,1,1,1,2500,100,false,1,7500000,0,0,1,4810328,198000,2491672,0,17235,0,0,175,8253754,0,0,0,0,26,913,1428,0,0,0,0,0,0,0,
7500,10,false,false,1,1,1,2500,100,true,1,7500000,0,0,1,4810328,198000,2491672,0,17235,0,0,175,8253754,0,0,0,0,26,913,1428,0,0,0,0,0,0,0,
7500,10,false,false,1,1,2,0,0,false,1,7500000,0,0,1,5998801,200000,1301199,0,24539,0,0,0,8195634,0,0,0,0,5,848,1431,0,0,0,0,0,0,0,
7500,10,false,false,1,1,2,0,0,true,1,7500000,0,0,1,5998801,200000,1301199,0,24539,0,0,0,8195634,0,0,0,0,5,848,1431,0,0,0,0,0,0,0,
7500,10,false,false,1,1,2,2500,100,false,1,7500000,0,0,1,5552739,198000,1749261,0,29646,0,0,300,8032541,0,0,0,0,5,662,1428,0,0,0,0,0,0,0,
7500,10,false,false,1,1,2,2500,100,true,1,7500000,0,0,1,5552739,198000,1749261,0,29646,0,0,300,8032541,0,0,0,0,5,662,1428,0,0,0,0,0,0,0,
7500,10,false,false,1,1,3,0,0,false,1,7500000,0,0,0,0,0,0,0,0,0,0,0,0,6015921,7500000,0,0,0,0,0,0,0,0,0,0,0,0,
7500,10,false,false,1,1,3,0,0,true,1,7500000,0,0,0,0,0,0,0,0,0,0,0,0,6015921,7500000,0,0,0,0,0,0,0,0,0,0,0,0,
7500,10,false,false,1,1,3,2500,100,false,1,7500000,0,0,0,0,0,0,0,0,0,0,0,0,5746954,7500000,0,0,0,0,0,0,0,0,0,0,0,0,
7500,10,false,false,1,1,3,2500,100,true,1,7500000,0,0,0,0,0,0,0,0,0,0,0,0,5746954,7500000,0,0,0,0,0,0,0,0,0,0,0,0,
7500,10,false,false,1,10,0,0,0,false,10,7500000,27,3,6,7438209,56550,0,16367,4783,11192,57067,0,7672701,410,5241,0,0,79,522,700,0,0,0,0,0,0,0,
7500,10,false,false,1,10,0,0,0,true,10,7500000,7,0,10,7500000,0,0,129803,19560,14368,24523,0,7840103,0,0,0,0,67,518,700,9,0,0,0,0,0,0,
7500,10,false,false,1,10,0,2500,100,false,10,7500000,23,2,7,7418434,80956,0,2100,7350,10251,111473,1352,7688278,0,610,1,610,76,465,700,0,0,0,0,610,82,0,
7500,10,false,false,1,10,0,2500,100,true,10,7500000,2,0,10,7417789,82211,0,66731,29442,10957,4547,1138,7813195,0,0,0,0,63,518,700,6,0,0,0,0,0,0,
7500,10,false,false,1,10,1,0,0,false,10,7500000,0,0,10,5580244,500000,1419756,0,29243,0,0,0,7758943,0,0,0,0,21,346,700,0,0,0,0,0,0,0,
7500,10,false,false,1,10,1,0,0,true,10,7500000,0,0,10,5580244,500000,1419756,0,29243,0,0,0,7758943,0,0,0,0,21,346,700,0,0,0,0,0,0,0,
7500,10,false,false,1,10,1,2500,100,false,10,7500000,0,0,10,5552141,494999,1452860,0,27663,0,0,284,7770452,0,0,0,0,20,400,700,0,0,0,0,0,0,0,
7500,10,false,false,1,10,1,2500,100,true,10,7500000,0,0,10,5552141,494999,1452860,0,27663,0,0,284,7770452,0,0,0,0,20,400,700,0,0,0,0,0,0,0,
7500,10,false,false,1,10,2,0,0,false,10,7500000,3,2,8,6860514,500485,139001,0,35625,970,67872,0,7594091,0,0,0,0,4,222,700,0,0,0,0,0,0,0,
7500,10,false,false,1,10,2,0,0,true,10,7500000,2,0,10,6874416,501120,124464,40984,46451,2241,1543,0,7594064,0,0,0,0,4,222,700,1,0,0,0,0,0,0,
7500,10,false,false,1,10,2,2500,100,false,10,7500000,1,1,9,6305327,495552,699121,0,47203,1120,53312,1033,7459131,0,0,0,0,4,23,700,0,0,0,0,0,0,0,
7500,10,false,false,1,10,2,2500,100,true,10,7500000,0,0,10,6272585,495732,731683,20753,49853,1485,0,733,7488949,0,0,0,0,4,23,700,1,0,0,0,0,0,0,
7500,10,false,false,1,10,3,0,0,false,10,7500000,3,0,0,601869,0,0,0,0,1205,581,0,614866,5758485,6898131,0,0,0,0,0,0,0,0,0,0,0,0,
7500,10,false,false,1,10,3,0,0,true,10,7500000,0,0,1,750000,0,0,5978,2399,1500,0,0,787758,5675701,6750000,0,0,57,479,700,1,0,0,0,0,0,0,
7500,10,false,false,1,10,3,2500,100,false,10,7500000,2,0,1,1151105,0,0,4305,1961,2279,1796,108,1197168,5248173,6348895,0,0,53,517,700,0,0,0,0,0,0,0,
7500,10,false,false,1,10,3,2500,100,true,10,7500000,2,0,1,1151105,0,0,4305,1961,2279,1796,108,1197168,5248173,6348895,0,0,53,517,700,0,0,0,0,0,0,0,
7500,10,false,true,0,1,0,0,0,false,1,7500000,1,0,1,6345283,200032,954685,0,16961,164,128,0,8350872,0,0,0,0,88,1027,1407,0,0,0,0,0,0,0,
7500,10,false,true,0,1,0,0,0,true,1,7500000,0,0,1,6344879,200000,955121,0,17656,0,0,0,8350872,0,0,0,0,88,1018,1409,1,0,0,0,0,0,0,
7500,10,false,true,0,1,0,2500,100,false,1,7500000,0,0,1,5598673,198000,1703327,0,15365,0,0,156,8350450,0,0,0,0,84,1018,1407,0,0,0,0,0,0,0,
7500,10,false,true,0,1,0,2500,100,true,1,7500000,0,0,1,5598673,198000,1703327,0,15365,0,0,156,8350450,0,0,0,0,84,1018,1407,0,0,0,0,0,0,0,
7500,10,false,true,0,1,1,0,0,false,1,7500000,0,0,1,4870695,200000,2429305,0,19679,0,0,0,8189587,0,0,0,0,25,842,1409,0,0,0,0,0,0,0,
7500,10,false,true,0,1,1,0,0,true,1,7500000,0,0,1,4870695,200000,2429305,0,19679,0,0,0,8189587,0,0,0,0,25,842,1409,0,0,0,0,0,0,0,
7500,10,false,true,0,1,1,2500,100,false,1,7500000,0,0,1,4392219,198000,2909781,0,15538,0,0,157,8247875,0,0,0,0,24,906,1407,0,0,0,0,0,0,0,
7500,10,false,true,0,1,1,2500,100,true,1,7500000,0,0,1,4392219,198000,2909781,0,15538,0,0,157,8247875,0,0,0,0,24,906,1407,0,0,0,0,0,0,0,
7500,10,false,true,0,1,2,0,0,false,1,7500000,0,0,1,5467661,200000,1832339,0,42312,0,0,0,7754250,0,0,0,0,5,327,1409,0,0,0,0,0,0,0,
7500,10,false,true,0,1,2,0,0,true,1,7500000,0,0,1,5467661,200000,1832339,0,42312,0,0,0,7754250,0,0,0,0,5,327,1409,0,0,0,0,0,0,0,
7500,10,false,true,0,1,2,2500,100,false,1,7500000,0,0,1,4762974,198000,2539026,0,14656,0,0,149,8307138,0,0,0,0,4,971,1407,0,0,0,0,0,0,0,
7500,10,false,true,0,1,2,2500,100,true,1,7500000,0,0,1,4762974,198000,2539026,0,14656,0,0,149,8307138,0,0,0,0,4,971,1407,0,0,0,0,0,0,0,
7500,10,false,true,0,1,3,0,0,false,1,7500000,0,0,0,0,0,0,0,0,0,0,0,0,5286717,7500000,0,0,0,0,0,0,0,0,0,0,0,0,
7500,10,false,true,0,1,3,0,0,true,1,7500000,0,0,0,0,0,0,0,0,0,0,0,0,5286717,7500000,0,0,0,0,0,0,0,0,0,0,0,0,
7500,10,false,true,0,1,3,2500,100,false,1,7500000,0,0,0,0,0,0,0,0,0,0,0,0,5032260,7500000,0,0,0,0,0,0,0,0,0,0,0,0,
7500,10,false,true,0,1,3,2500,100,true,1,7500000,0,0,0,0,0,0,0,0,0,0,0,0,5032260,7500000,0,0,0,0,0,0,0,0,0,0,0,0,
7500,10,false,true,0,10,0,0,0,false,10,7500000,30,2,8,7396013,103987,0,6502,13131,10155,49958,0,7673898,0,0,0,0,55,440,700,0,0,0,0,0,0,0,
7500,10,false,true,0,10,0,0,0,true,10,7500000,4,0,10,7472616,27384,0,45761,22861,13351,8886,0,7830384,0,0,0,0,40,521,700,7,0,0,0,0,0,0,
7500,10,false,true,0,10,0,2500,100,false,9,6750000,20,1,8,6586986,163014,0,564,12726,7108,67322,912,6929710,0,0,0,0,66,477,700,0,0,0,0,0,0,0,entry:LeverageInitialMarginTooLow
7500,10,false,true,0,10,0,2500,100,true,9,6750000,1,0,9,6641740,108260,0,30655,27149,3036,6423,684,7019551,0,0,0,0,50,519,700,4,0,0,0,0,0,0,entry:LeverageInitialMarginTooLow
7500,10,false,true,0,10,1,0,0,false,10,7500000,0,0,10,5689341,500000,1310659,0,22221,0,0,0,7834554,0,0,0,0,15,463,700,0,0,0,0,0,0,0,
7500,10,false,true,0,10,1,0,0,true,10,7500000,0,0,10,5689341,500000,1310659,0,22221,0,0,0,7834554,0,0,0,0,15,463,700,0,0,0,0,0,0,0,
7500,10,false,true,0,10,1,2500,100,false,9,6750000,0,0,9,4995377,494998,1259625,0,19644,0,0,202,7046679,0,0,0,0,17,492,700,0,0,0,0,0,0,0,entry:LeverageInitialMarginTooLow
7500,10,false,true,0,10,1,2500,100,true,9,6750000,0,0,9,4995377,494998,1259625,0,19644,0,0,202,7046679,0,0,0,0,17,492,700,0,0,0,0,0,0,0,entry:LeverageInitialMarginTooLow
7500,10,false,true,0,10,2,0,0,false,10,7500000,2,2,8,6397115,501119,601766,0,39577,2239,81311,0,7449396,0,0,0,0,3,0,700,0,0,0,0,0,0,0,
7500,10,false,true,0,10,2,0,0,true,10,7500000,0,0,10,6355813,500750,643437,37294,45821,1500,0,0,7481504,0,0,0,0,3,0,700,2,0,0,0,0,0,0,
7500,10,false,true,0,10,2,2500,100,false,9,6750000,1,2,7,5518205,495064,736731,0,33074,136,100121,1353,6566872,0,0,0,0,3,341,700,0,0,0,0,0,0,0,entry:LeverageInitialMarginTooLow
7500,10,false,true,0,10,2,2500,100,true,9,6750000,0,0,9,5606632,495732,647636,2442,47876,1485,0,529,6566855,0,0,0,0,3,341,700,1,0,0,0,0,0,0,entry:LeverageInitialMarginTooLow
7500,10,false,true,0,10,3,0,0,false,10,7500000,8,0,1,2094561,0,0,6158,2062,4191,3929,0,2165243,4553648,5405439,0,0,34,510,700,0,0,0,0,0,0,0,
7500,10,false,true,0,10,3,0,0,true,10,7500000,0,0,3,2250000,0,0,13053,6583,4500,0,0,2367929,4464306,5250000,0,0,34,510,700,2,0,0,0,0,0,0,
7500,10,false,true,0,10,3,2500,100,false,9,6750000,2,0,2,1484959,15041,0,0,3824,288,116,46,1574330,4270984,5250000,0,0,43,498,700,0,0,0,0,0,0,0,entry:LeverageInitialMarginTooLow
7500,10,false,true,0,10,3,2500,100,true,9,6750000,0,0,2,1484375,15625,0,0,4810,0,0,50,1574330,4270984,5250000,0,0,43,470,700,2,0,0,0,0,0,0,entry:LeverageInitialMarginTooLow
7500,10,false,true,1,1,0,0,0,false,1,7500000,1,0,1,6345283,200032,954685,0,16961,164,128,0,8350872,0,0,0,0,88,1027,1407,0,0,0,0,0,0,0,
7500,10,false,true,1,1,0,0,0,true,1,7500000,0,0,1,6344879,200000,955121,0,17656,0,0,0,8350872,0,0,0,0,88,1018,1409,1,0,0,0,0,0,0,
7500,10,false,true,1,1,0,2500,100,false,1,7500000,0,0,1,5598674,198000,1703326,0,15365,0,0,156,8350449,0,0,0,0,84,1018,1407,0,0,0,0,0,0,0,
7500,10,false,true,1,1,0,2500,100,true,1,7500000,0,0,1,5598674,198000,1703326,0,15365,0,0,156,8350449,0,0,0,0,84,1018,1407,0,0,0,0,0,0,0,
7500,10,false,true,1,1,1,0,0,false,1,7500000,0,0,1,4870695,200000,2429305,0,19679,0,0,0,8189587,0,0,0,0,25,842,1409,0,0,0,0,0,0,0,
7500,10,false,true,1,1,1,0,0,true,1,7500000,0,0,1,4870695,200000,2429305,0,19679,0,0,0,8189587,0,0,0,0,25,842,1409,0,0,0,0,0,0,0,
7500,10,false,true,1,1,1,2500,100,false,1,7500000,0,0,1,4392219,198000,2909781,0,15538,0,0,157,8247875,0,0,0,0,24,906,1407,0,0,0,0,0,0,0,
7500,10,false,true,1,1,1,2500,100,true,1,7500000,0,0,1,4392219,198000,2909781,0,15538,0,0,157,8247875,0,0,0,0,24,906,1407,0,0,0,0,0,0,0,
7500,10,false,true,1,1,2,0,0,false,1,7500000,0,0,1,5467661,200000,1832339,0,42312,0,0,0,7754251,0,0,0,0,5,327,1409,0,0,0,0,0,0,0,
7500,10,false,true,1,1,2,0,0,true,1,7500000,0,0,1,5467661,200000,1832339,0,42312,0,0,0,7754251,0,0,0,0,5,327,1409,0,0,0,0,0,0,0,
7500,10,false,true,1,1,2,2500,100,false,1,7500000,0,0,1,4762974,198000,2539026,0,14656,0,0,149,8307137,0,0,0,0,4,971,1407,0,0,0,0,0,0,0,
7500,10,false,true,1,1,2,2500,100,true,1,7500000,0,0,1,4762974,198000,2539026,0,14656,0,0,149,8307137,0,0,0,0,4,971,1407,0,0,0,0,0,0,0,
7500,10,false,true,1,1,3,0,0,false,1,7500000,0,0,0,0,0,0,0,0,0,0,0,0,5286718,7500000,0,0,0,0,0,0,0,0,0,0,0,0,
7500,10,false,true,1,1,3,0,0,true,1,7500000,0,0,0,0,0,0,0,0,0,0,0,0,5286718,7500000,0,0,0,0,0,0,0,0,0,0,0,0,
7500,10,false,true,1,1,3,2500,100,false,1,7500000,0,0,0,0,0,0,0,0,0,0,0,0,5032261,7500000,0,0,0,0,0,0,0,0,0,0,0,0,
7500,10,false,true,1,1,3,2500,100,true,1,7500000,0,0,0,0,0,0,0,0,0,0,0,0,5032261,7500000,0,0,0,0,0,0,0,0,0,0,0,0,
7500,10,false,true,1,10,0,0,0,false,10,7500000,30,2,8,7396013,103987,0,6502,13131,10155,49958,0,7673898,0,0,0,0,55,440,700,0,0,0,0,0,0,0,
7500,10,false,true,1,10,0,0,0,true,10,7500000,4,0,10,7472616,27384,0,45761,22861,13351,8886,0,7830384,0,0,0,0,40,521,700,7,0,0,0,0,0,0,
7500,10,false,true,1,10,0,2500,100,false,9,6750000,20,1,8,6586986,163014,0,564,12726,7108,67323,912,6929708,0,0,0,0,66,477,700,0,0,0,0,0,0,0,entry:LeverageInitialMarginTooLow
7500,10,false,true,1,10,0,2500,100,true,9,6750000,1,0,9,6641740,108260,0,30655,27149,3036,6423,684,7019551,0,0,0,0,50,519,700,4,0,0,0,0,0,0,entry:LeverageInitialMarginTooLow
7500,10,false,true,1,10,1,0,0,false,10,7500000,0,0,10,5689341,500000,1310659,0,22221,0,0,0,7834554,0,0,0,0,15,463,700,0,0,0,0,0,0,0,
7500,10,false,true,1,10,1,0,0,true,10,7500000,0,0,10,5689341,500000,1310659,0,22221,0,0,0,7834554,0,0,0,0,15,463,700,0,0,0,0,0,0,0,
7500,10,false,true,1,10,1,2500,100,false,9,6750000,0,0,9,4995377,494998,1259625,0,19644,0,0,202,7046679,0,0,0,0,17,492,700,0,0,0,0,0,0,0,entry:LeverageInitialMarginTooLow
7500,10,false,true,1,10,1,2500,100,true,9,6750000,0,0,9,4995377,494998,1259625,0,19644,0,0,202,7046679,0,0,0,0,17,492,700,0,0,0,0,0,0,0,entry:LeverageInitialMarginTooLow
7500,10,false,true,1,10,2,0,0,false,10,7500000,2,2,8,6397115,501119,601766,0,39577,2239,81311,0,7449396,0,0,0,0,3,0,700,0,0,0,0,0,0,0,
7500,10,false,true,1,10,2,0,0,true,10,7500000,0,0,10,6355813,500750,643437,37294,45821,1500,0,0,7481504,0,0,0,0,3,0,700,2,0,0,0,0,0,0,
7500,10,false,true,1,10,2,2500,100,false,9,6750000,1,2,7,5518205,495064,736731,0,33074,136,100121,1353,6566872,0,0,0,0,3,341,700,0,0,0,0,0,0,0,entry:LeverageInitialMarginTooLow
7500,10,false,true,1,10,2,2500,100,true,9,6750000,0,0,9,5606632,495732,647636,2442,47876,1485,0,529,6566855,0,0,0,0,3,341,700,1,0,0,0,0,0,0,entry:LeverageInitialMarginTooLow
7500,10,false,true,1,10,3,0,0,false,10,7500000,8,0,1,2094560,0,0,6158,2062,4191,3930,0,2165242,4553656,5405440,0,0,34,510,700,0,0,0,0,0,0,0,
7500,10,false,true,1,10,3,0,0,true,10,7500000,0,0,3,2250000,0,0,13053,6583,4500,0,0,2367929,4464313,5250000,0,0,34,510,700,2,0,0,0,0,0,0,
7500,10,false,true,1,10,3,2500,100,false,9,6750000,2,0,2,1484959,15041,0,0,3824,288,116,46,1574330,4270991,5250000,0,0,43,498,700,0,0,0,0,0,0,0,entry:LeverageInitialMarginTooLow
7500,10,false,true,1,10,3,2500,100,true,9,6750000,0,0,2,1484375,15625,0,0,4810,0,0,50,1574330,4270991,5250000,0,0,43,470,700,2,0,0,0,0,0,0,entry:LeverageInitialMarginTooLow
7500,10,true,false,0,1,0,0,0,false,1,7500000,0,0,1,5590895,200000,1709105,0,14592,0,0,0,8336395,0,0,0,0,63,1003,1356,0,0,0,0,0,0,0,
7500,10,true,false,0,1,0,0,0,true,1,7500000,0,0,1,5590895,200000,1709105,0,14592,0,0,0,8336395,0,0,0,0,63,1003,1356,0,0,0,0,0,0,0,
7500,10,true,false,0,1,0,2500,100,false,1,7500000,0,0,1,5337471,198000,1964529,0,13743,0,0,139,8335973,0,0,0,0,59,1002,1353,0,0,0,0,0,0,0,
7500,10,true,false,0,1,0,2500,100,true,1,7500000,0,0,1,5337471,198000,1964529,0,13743,0,0,139,8335973,0,0,0,0,59,1002,1353,0,0,0,0,0,0,0,
7500,10,true,false,0,1,1,0,0,false,1,7500000,0,0,1,4362625,200000,2937375,0,15044,0,0,0,8232845,0,0,0,0,20,890,1356,0,0,0,0,0,0,0,
7500,10,true,false,0,1,1,0,0,true,1,7500000,0,0,1,4362625,200000,2937375,0,15044,0,0,0,8232845,0,0,0,0,20,890,1356,0,0,0,0,0,0,0,
7500,10,true,false,0,1,1,2500,100,false,1,7500000,0,0,1,4230576,198000,3071424,0,12948,0,0,131,8274736,0,0,0,0,19,936,1353,0,0,0,0,0,0,0,
7500,10,true,false,0,1,1,2500,100,true,1,7500000,0,0,1,4230576,198000,3071424,0,12948,0,0,131,8274736,0,0,0,0,19,936,1353,0,0,0,0,0,0,0,
7500,10,true,false,0,1,2,0,0,false,1,7500000,0,0,1,4259146,200000,3040854,0,43021,0,0,0,7462150,0,0,0,0,4,0,1356,0,0,0,0,0,0,0,
7500,10,true,false,0,1,2,0,0,true,1,7500000,0,0,1,4259146,200000,3040854,0,43021,0,0,0,7462150,0,0,0,0,4,0,1356,0,0,0,0,0,0,0,
7500,10,true,false,0,1,2,2500,100,false,1,7500000,0,0,1,4024396,198000,3277604,0,40243,0,0,407,7313653,0,0,0,0,4,0,1353,0,0,0,0,0,0,0,
7500,10,true,false,0,1,2,2500,100,true,1,7500000,0,0,1,4024396,198000,3277604,0,40243,0,0,407,7313653,0,0,0,0,4,0,1353,0,0,0,0,0,0,0,
7500,10,true,false,0,1,3,0,0,false,1,7500000,0,0,1,5580140,200000,1719860,0,14605,0,0,0,8335229,0,0,0,0,53,1002,1356,0,0,0,0,0,0,0,
7500,10,true,false,0,1,3,0,0,true,1,7500000,0,0,1,5580140,200000,1719860,0,14605,0,0,0,8335229,0,0,0,0,53,1002,1356,0,0,0,0,0,0,0,
7500,10,true,false,0,1,3,2500,100,false,1,7500000,0,0,1,5317263,198000,1984737,0,14434,0,0,146,8318188,0,0,0,0,50,983,1353,0,0,0,0,0,0,0,
7500,10,true,false,0,1,3,2500,100,true,1,7500000,0,0,1,5317263,198000,1984737,0,14434,0,0,146,8318188,0,0,0,0,50,983,1353,0,0,0,0,0,0,0,
7500,10,true,false,0,10,0,0,0,false,10,7500000,0,0,10,6114526,500000,885474,0,20615,0,0,0,7866386,0,0,0,0,42,488,700,0,0,0,0,0,0,0,
7500,10,true,false,0,10,0,0,0,true,10,7500000,0,0,10,6114526,500000,885474,0,20615,0,0,0,7866386,0,0,0,0,42,488,700,0,0,0,0,0,0,0,
7500,10,true,false,0,10,0,2500,100,false,9,6750000,0,0,9,5517979,494998,737023,0,17602,0,0,181,7087585,0,0,0,0,48,487,700,0,0,0,0,0,0,0,entry:LeverageInitialMarginTooLow
7500,10,true,false,0,10,0,2500,100,true,9,6750000,0,0,9,5517979,494998,737023,0,17602,0,0,181,7087585,0,0,0,0,48,487,700,0,0,0,0,0,0,0,entry:LeverageInitialMarginTooLow
7500,10,true,false,0,10,1,0,0,false,10,7500000,0,0,10,4663147,500000,2336853,0,21509,0,0,0,7794843,0,0,0,0,15,523,700,0,0,0,0,0,0,0,
7500,10,true,false,0,10,1,0,0,true,10,7500000,0,0,10,4663147,500000,2336853,0,21509,0,0,0,7794843,0,0,0,0,15,523,700,0,0,0,0,0,0,0,
7500,10,true,false,0,10,1,2500,100,false,9,6750000,0,0,9,4120355,495000,2134645,0,19372,0,0,201,7008520,0,0,0,0,17,361,700,0,0,0,0,0,0,0,entry:LeverageInitialMarginTooLow
7500,10,true,false,0,10,1,2500,100,true,9,6750000,0,0,9,4120355,495000,2134645,0,19372,0,0,201,7008520,0,0,0,0,17,361,700,0,0,0,0,0,0,0,entry:LeverageInitialMarginTooLow
7500,10,true,false,0,10,2,0,0,false,10,7500000,0,0,10,4734504,500000,2265496,0,38360,0,0,0,7481222,0,0,0,0,3,402,700,0,0,0,0,0,0,0,
7500,10,true,false,0,10,2,0,0,true,10,7500000,0,0,10,4734504,500000,2265496,0,38360,0,0,0,7481222,0,0,0,0,3,402,700,0,0,0,0,0,0,0,
7500,10,true,false,0,10,2,2500,100,false,9,6750000,0,0,9,4136098,495000,2118902,0,37372,0,0,382,6596646,0,0,0,0,3,206,700,0,0,0,0,0,0,0,entry:LeverageInitialMarginTooLow
7500,10,true,false,0,10,2,2500,100,true,9,6750000,0,0,9,4136098,495000,2118902,0,37372,0,0,382,6596646,0,0,0,0,3,206,700,0,0,0,0,0,0,0,entry:LeverageInitialMarginTooLow
7500,10,true,false,0,10,3,0,0,false,10,7500000,0,0,6,3704364,500000,295636,0,10878,0,0,0,4734657,2196615,3000000,0,0,35,516,700,0,0,0,0,0,0,0,
7500,10,true,false,0,10,3,0,0,true,10,7500000,0,0,6,3704364,500000,295636,0,10878,0,0,0,4734657,2196615,3000000,0,0,35,516,700,0,0,0,0,0,0,0,
7500,10,true,false,0,10,3,2500,100,false,9,6750000,0,0,7,4294157,494998,460845,0,14366,0,0,148,5506393,1285025,1500000,0,0,40,514,700,0,0,0,0,0,0,0,entry:LeverageInitialMarginTooLow
7500,10,true,false,0,10,3,2500,100,true,9,6750000,0,0,7,4294157,494998,460845,0,14366,0,0,148,5506393,1285025,1500000,0,0,40,514,700,0,0,0,0,0,0,0,entry:LeverageInitialMarginTooLow
7500,10,true,false,1,1,0,0,0,false,1,7500000,0,0,1,5590895,200000,1709105,0,14592,0,0,0,8336395,0,0,0,0,63,1003,1356,0,0,0,0,0,0,0,
7500,10,true,false,1,1,0,0,0,true,1,7500000,0,0,1,5590895,200000,1709105,0,14592,0,0,0,8336395,0,0,0,0,63,1003,1356,0,0,0,0,0,0,0,
7500,10,true,false,1,1,0,2500,100,false,1,7500000,0,0,1,5337471,198000,1964529,0,13743,0,0,139,8335974,0,0,0,0,59,1002,1353,0,0,0,0,0,0,0,
7500,10,true,false,1,1,0,2500,100,true,1,7500000,0,0,1,5337471,198000,1964529,0,13743,0,0,139,8335974,0,0,0,0,59,1002,1353,0,0,0,0,0,0,0,
7500,10,true,false,1,1,1,0,0,false,1,7500000,0,0,1,4362625,200000,2937375,0,15044,0,0,0,8232845,0,0,0,0,20,890,1356,0,0,0,0,0,0,0,
7500,10,true,false,1,1,1,0,0,true,1,7500000,0,0,1,4362625,200000,2937375,0,15044,0,0,0,8232845,0,0,0,0,20,890,1356,0,0,0,0,0,0,0,
7500,10,true,false,1,1,1,2500,100,false,1,7500000,0,0,1,4230576,198000,3071424,0,12948,0,0,131,8274736,0,0,0,0,19,936,1353,0,0,0,0,0,0,0,
7500,10,true,false,1,1,1,2500,100,true,1,7500000,0,0,1,4230576,198000,3071424,0,12948,0,0,131,8274736,0,0,0,0,19,936,1353,0,0,0,0,0,0,0,
7500,10,true,false,1,1,2,0,0,false,1,7500000,0,0,1,4259146,200000,3040854,0,43021,0,0,0,7462150,0,0,0,0,4,0,1356,0,0,0,0,0,0,0,
7500,10,true,false,1,1,2,0,0,true,1,7500000,0,0,1,4259146,200000,3040854,0,43021,0,0,0,7462150,0,0,0,0,4,0,1356,0,0,0,0,0,0,0,
7500,10,true,false,1,1,2,2500,100,false,1,7500000,0,0,1,4024396,198000,3277604,0,40243,0,0,407,7313653,0,0,0,0,4,0,1353,0,0,0,0,0,0,0,
7500,10,true,false,1,1,2,2500,100,true,1,7500000,0,0,1,4024396,198000,3277604,0,40243,0,0,407,7313653,0,0,0,0,4,0,1353,0,0,0,0,0,0,0,
7500,10,true,false,1,1,3,0,0,false,1,7500000,0,0,1,5580140,200000,1719860,0,14605,0,0,0,8335229,0,0,0,0,53,1002,1356,0,0,0,0,0,0,0,
7500,10,true,false,1,1,3,0,0,true,1,7500000,0,0,1,5580140,200000,1719860,0,14605,0,0,0,8335229,0,0,0,0,53,1002,1356,0,0,0,0,0,0,0,
7500,10,true,false,1,1,3,2500,100,false,1,7500000,0,0,1,5317263,198000,1984737,0,14434,0,0,146,8318188,0,0,0,0,50,983,1353,0,0,0,0,0,0,0,
7500,10,true,false,1,1,3,2500,100,true,1,7500000,0,0,1,5317263,198000,1984737,0,14434,0,0,146,8318188,0,0,0,0,50,983,1353,0,0,0,0,0,0,0,
7500,10,true,false,1,10,0,0,0,false,10,7500000,0,0,10,6114527,500000,885473,0,20615,0,0,0,7866387,0,0,0,0,42,488,700,0,0,0,0,0,0,0,
7500,10,true,false,1,10,0,0,0,true,10,7500000,0,0,10,6114527,500000,885473,0,20615,0,0,0,7866387,0,0,0,0,42,488,700,0,0,0,0,0,0,0,
7500,10,true,false,1,10,0,2500,100,false,9,6750000,0,0,9,5517980,494998,737022,0,17602,0,0,181,7087586,0,0,0,0,48,487,700,0,0,0,0,0,0,0,entry:LeverageInitialMarginTooLow
7500,10,true,false,1,10,0,2500,100,true,9,6750000,0,0,9,5517980,494998,737022,0,17602,0,0,181,7087586,0,0,0,0,48,487,700,0,0,0,0,0,0,0,entry:LeverageInitialMarginTooLow
7500,10,true,false,1,10,1,0,0,false,10,7500000,0,0,10,4663147,500000,2336853,0,21509,0,0,0,7794844,0,0,0,0,15,523,700,0,0,0,0,0,0,0,
7500,10,true,false,1,10,1,0,0,true,10,7500000,0,0,10,4663147,500000,2336853,0,21509,0,0,0,7794844,0,0,0,0,15,523,700,0,0,0,0,0,0,0,
7500,10,true,false,1,10,1,2500,100,false,9,6750000,0,0,9,4120355,495000,2134645,0,19372,0,0,201,7008521,0,0,0,0,17,361,700,0,0,0,0,0,0,0,entry:LeverageInitialMarginTooLow
7500,10,true,false,1,10,1,2500,100,true,9,6750000,0,0,9,4120355,495000,2134645,0,19372,0,0,201,7008521,0,0,0,0,17,361,700,0,0,0,0,0,0,0,entry:LeverageInitialMarginTooLow
7500,10,true,false,1,10,2,0,0,false,10,7500000,0,0,10,4734505,500000,2265495,0,38360,0,0,0,7481222,0,0,0,0,3,402,700,0,0,0,0,0,0,0,
7500,10,true,false,1,10,2,0,0,true,10,7500000,0,0,10,4734505,500000,2265495,0,38360,0,0,0,7481222,0,0,0,0,3,402,700,0,0,0,0,0,0,0,
7500,10,true,false,1,10,2,2500,100,false,9,6750000,0,0,9,4136098,495000,2118902,0,37372,0,0,382,6596646,0,0,0,0,3,206,700,0,0,0,0,0,0,0,entry:LeverageInitialMarginTooLow
7500,10,true,false,1,10,2,2500,100,true,9,6750000,0,0,9,4136098,495000,2118902,0,37372,0,0,382,6596646,0,0,0,0,3,206,700,0,0,0,0,0,0,0,entry:LeverageInitialMarginTooLow
7500,10,true,false,1,10,3,0,0,false,10,7500000,0,0,6,3704364,500000,295636,0,10878,0,0,0,4734657,2196620,3000000,0,0,35,516,700,0,0,0,0,0,0,0,
7500,10,true,false,1,10,3,0,0,true,10,7500000,0,0,6,3704364,500000,295636,0,10878,0,0,0,4734657,2196620,3000000,0,0,35,516,700,0,0,0,0,0,0,0,
7500,10,true,false,1,10,3,2500,100,false,9,6750000,0,0,7,4294158,494998,460844,0,14366,0,0,148,5506393,1285027,1500000,0,0,40,514,700,0,0,0,0,0,0,0,entry:LeverageInitialMarginTooLow
7500,10,true,false,1,10,3,2500,100,true,9,6750000,0,0,7,4294158,494998,460844,0,14366,0,0,148,5506393,1285027,1500000,0,0,40,514,700,0,0,0,0,0,0,0,entry:LeverageInitialMarginTooLow
7500,10,true,true,0,1,0,0,0,false,1,7500000,0,0,1,5409898,200000,1890102,0,13985,0,0,0,8327042,0,0,0,0,55,993,1338,0,0,0,0,0,0,0,
7500,10,true,true,0,1,0,0,0,true,1,7500000,0,0,1,5409898,200000,1890102,0,13985,0,0,0,8327042,0,0,0,0,55,993,1338,0,0,0,0,0,0,0,
7500,10,true,true,0,1,0,2500,100,false,1,7500000,0,0,1,4918732,198000,2383268,0,12515,0,0,127,8326620,0,0,0,0,51,992,1334,0,0,0,0,0,0,0,
7500,10,true,true,0,1,0,2500,100,true,1,7500000,0,0,1,4918732,198000,2383268,0,12515,0,0,127,8326620,0,0,0,0,51,992,1334,0,0,0,0,0,0,0,
7500,10,true,true,0,1,1,0,0,false,1,7500000,0,0,1,4318716,200000,2981284,0,11813,0,0,0,8308503,0,0,0,0,18,973,1338,0,0,0,0,0,0,0,
7500,10,true,true,0,1,1,0,0,true,1,7500000,0,0,1,4318716,200000,2981284,0,11813,0,0,0,8308503,0,0,0,0,18,973,1338,0,0,0,0,0,0,0,
7500,10,true,true,0,1,1,2500,100,false,1,7500000,0,0,1,3887605,198000,3414395,0,15787,0,0,160,8143163,0,0,0,0,18,789,1334,0,0,0,0,0,0,0,
7500,10,true,true,0,1,1,2500,100,true,1,7500000,0,0,1,3887605,198000,3414395,0,15787,0,0,160,8143163,0,0,0,0,18,789,1334,0,0,0,0,0,0,0,
7500,10,true,true,0,1,2,0,0,false,1,7500000,0,0,1,3996108,200000,3303892,0,40364,0,0,0,7202195,0,0,0,0,4,0,1338,0,0,0,0,0,0,0,
7500,10,true,true,0,1,2,0,0,true,1,7500000,0,0,1,3996108,200000,3303892,0,40364,0,0,0,7202195,0,0,0,0,4,0,1338,0,0,0,0,0,0,0,
7500,10,true,true,0,1,2,2500,100,false,1,7500000,0,0,1,3651401,198000,3650599,0,12671,0,0,128,8213301,0,0,0,0,3,868,1334,0,0,0,0,0,0,0,
7500,10,true,true,0,1,2,2500,100,true,1,7500000,0,0,1,3651401,198000,3650599,0,12671,0,0,128,8213301,0,0,0,0,3,868,1334,0,0,0,0,0,0,0,
7500,10,true,true,0,1,3,0,0,false,1,7500000,0,0,1,5378555,200000,1921445,0,15440,0,0,0,8292707,0,0,0,0,47,955,1338,0,0,0,0,0,0,0,
7500,10,true,true,0,1,3,0,0,true,1,7500000,0,0,1,5378555,200000,1921445,0,15440,0,0,0,8292707,0,0,0,0,47,955,1338,0,0,0,0,0,0,0,
7500,10,true,true,0,1,3,2500,100,false,1,7500000,0,0,1,4909901,198000,2392099,0,12529,0,0,127,8325707,0,0,0,0,43,991,1334,0,0,0,0,0,0,0,
7500,10,true,true,0,1,3,2500,100,true,1,7500000,0,0,1,4909901,198000,2392099,0,12529,0,0,127,8325707,0,0,0,0,43,991,1334,0,0,0,0,0,0,0,
7500,10,true,true,0,10,0,0,0,false,8,6000000,0,0,8,4853585,500000,646415,0,15273,0,0,0,6302732,0,0,0,0,43,495,700,0,0,0,0,0,0,0,entry:LeverageInitialMarginTooLow
7500,10,true,true,0,10,0,0,0,true,8,6000000,0,0,8,4853585,500000,646415,0,15273,0,0,0,6302732,0,0,0,0,43,495,700,0,0,0,0,0,0,0,entry:LeverageInitialMarginTooLow
7500,10,true,true,0,10,0,2500,100,false,7,5250000,0,0,7,4177953,494997,577050,0,14910,0,0,153,5496549,0,0,0,0,51,520,700,0,0,0,0,0,0,0,entry:LeverageInitialMarginTooLow
7500,10,true,true,0,10,0,2500,100,true,7,5250000,0,0,7,4177953,494997,577050,0,14910,0,0,153,5496549,0,0,0,0,51,520,700,0,0,0,0,0,0,0,entry:LeverageInitialMarginTooLow
7500,10,true,true,0,10,1,0,0,false,8,6000000,0,0,8,3709999,500000,1790001,0,16403,0,0,0,6244571,0,0,0,0,16,357,700,0,0,0,0,0,0,0,entry:LeverageInitialMarginTooLow
7500,10,true,true,0,10,1,0,0,true,8,6000000,0,0,8,3709999,500000,1790001,0,16403,0,0,0,6244571,0,0,0,0,16,357,700,0,0,0,0,0,0,0,entry:LeverageInitialMarginTooLow
7500,10,true,true,0,10,1,2500,100,false,7,5250000,0,0,7,3207575,495000,1547425,0,13479,0,0,139,5471009,0,0,0,0,18,305,700,0,0,0,0,0,0,0,entry:LeverageInitialMarginTooLow
7500,10,true,true,0,10,1,2500,100,true,7,5250000,0,0,7,3207575,495000,1547425,0,13479,0,0,139,5471009,0,0,0,0,18,305,700,0,0,0,0,0,0,0,entry:LeverageInitialMarginTooLow
7500,10,true,true,0,10,2,0,0,false,8,6000000,0,0,8,3791147,500000,1708853,0,32742,0,0,0,5895329,0,0,0,0,3,0,700,0,0,0,0,0,0,0,entry:LeverageInitialMarginTooLow
7500,10,true,true,0,10,2,0,0,true,8,6000000,0,0,8,3791147,500000,1708853,0,32742,0,0,0,5895329,0,0,0,0,3,0,700,0,0,0,0,0,0,0,entry:LeverageInitialMarginTooLow
7500,10,true,true,0,10,2,2500,100,false,7,5250000,0,0,7,3212013,495000,1542987,0,29695,0,0,303,5026251,0,0,0,0,3,387,700,0,0,0,0,0,0,0,entry:LeverageInitialMarginTooLow
7500,10,true,true,0,10,2,2500,100,true,7,5250000,0,0,7,3212013,495000,1542987,0,29695,0,0,303,5026251,0,0,0,0,3,387,700,0,0,0,0,0,0,0,entry:LeverageInitialMarginTooLow
7500,10,true,true,0,10,3,0,0,false,8,6000000,0,0,3,1820740,427634,1626,0,5538,0,0,0,2365537,2485365,3750000,0,0,36,513,700,0,0,0,0,0,0,0,entry:LeverageInitialMarginTooLow
7500,10,true,true,0,10,3,0,0,true,8,6000000,0,0,3,1820740,427634,1626,0,5538,0,0,0,2365537,2485365,3750000,0,0,36,513,700,0,0,0,0,0,0,0,entry:LeverageInitialMarginTooLow
7500,10,true,true,0,10,3,2500,100,false,7,5250000,0,0,5,2987955,494998,267047,0,11497,0,0,118,3918166,1211890,1500000,0,0,43,519,700,0,0,0,0,0,0,0,entry:LeverageInitialMarginTooLow
7500,10,true,true,0,10,3,2500,100,true,7,5250000,0,0,5,2987955,494998,267047,0,11497,0,0,118,3918166,1211890,1500000,0,0,43,519,700,0,0,0,0,0,0,0,entry:LeverageInitialMarginTooLow
7500,10,true,true,1,1,0,0,0,false,1,7500000,0,0,1,5409899,200000,1890101,0,13985,0,0,0,8327042,0,0,0,0,55,993,1338,0,0,0,0,0,0,0,
7500,10,true,true,1,1,0,0,0,true,1,7500000,0,0,1,5409899,200000,1890101,0,13985,0,0,0,8327042,0,0,0,0,55,993,1338,0,0,0,0,0,0,0,
7500,10,true,true,1,1,0,2500,100,false,1,7500000,0,0,1,4918732,198000,2383268,0,12515,0,0,127,8326620,0,0,0,0,51,992,1334,0,0,0,0,0,0,0,
7500,10,true,true,1,1,0,2500,100,true,1,7500000,0,0,1,4918732,198000,2383268,0,12515,0,0,127,8326620,0,0,0,0,51,992,1334,0,0,0,0,0,0,0,
7500,10,true,true,1,1,1,0,0,false,1,7500000,0,0,1,4318717,200000,2981283,0,11813,0,0,0,8308503,0,0,0,0,18,973,1338,0,0,0,0,0,0,0,
7500,10,true,true,1,1,1,0,0,true,1,7500000,0,0,1,4318717,200000,2981283,0,11813,0,0,0,8308503,0,0,0,0,18,973,1338,0,0,0,0,0,0,0,
7500,10,true,true,1,1,1,2500,100,false,1,7500000,0,0,1,3887605,198000,3414395,0,15787,0,0,160,8143163,0,0,0,0,18,789,1334,0,0,0,0,0,0,0,
7500,10,true,true,1,1,1,2500,100,true,1,7500000,0,0,1,3887605,198000,3414395,0,15787,0,0,160,8143163,0,0,0,0,18,789,1334,0,0,0,0,0,0,0,
7500,10,true,true,1,1,2,0,0,false,1,7500000,0,0,1,3996109,200000,3303891,0,40364,0,0,0,7202195,0,0,0,0,4,0,1338,0,0,0,0,0,0,0,
7500,10,true,true,1,1,2,0,0,true,1,7500000,0,0,1,3996109,200000,3303891,0,40364,0,0,0,7202195,0,0,0,0,4,0,1338,0,0,0,0,0,0,0,
7500,10,true,true,1,1,2,2500,100,false,1,7500000,0,0,1,3632165,198000,3669835,0,12604,0,0,128,8213301,0,0,0,0,3,868,1334,0,0,0,0,0,0,0,
7500,10,true,true,1,1,2,2500,100,true,1,7500000,0,0,1,3632165,198000,3669835,0,12604,0,0,128,8213301,0,0,0,0,3,868,1334,0,0,0,0,0,0,0,
7500,10,true,true,1,1,3,0,0,false,1,7500000,0,0,1,5378555,200000,1921445,0,15440,0,0,0,8292707,0,0,0,0,47,955,1338,0,0,0,0,0,0,0,
7500,10,true,true,1,1,3,0,0,true,1,7500000,0,0,1,5378555,200000,1921445,0,15440,0,0,0,8292707,0,0,0,0,47,955,1338,0,0,0,0,0,0,0,
7500,10,true,true,1,1,3,2500,100,false,1,7500000,0,0,1,4909901,198000,2392099,0,12529,0,0,127,8325706,0,0,0,0,43,991,1334,0,0,0,0,0,0,0,
7500,10,true,true,1,1,3,2500,100,true,1,7500000,0,0,1,4909901,198000,2392099,0,12529,0,0,127,8325706,0,0,0,0,43,991,1334,0,0,0,0,0,0,0,
7500,10,true,true,1,10,0,0,0,false,8,6000000,0,0,8,4853585,500000,646415,0,15273,0,0,0,6302733,0,0,0,0,43,495,700,0,0,0,0,0,0,0,entry:LeverageInitialMarginTooLow
7500,10,true,true,1,10,0,0,0,true,8,6000000,0,0,8,4853585,500000,646415,0,15273,0,0,0,6302733,0,0,0,0,43,495,700,0,0,0,0,0,0,0,entry:LeverageInitialMarginTooLow
7500,10,true,true,1,10,0,2500,100,false,7,5250000,0,0,7,4177953,494997,577050,0,14910,0,0,153,5496550,0,0,0,0,51,520,700,0,0,0,0,0,0,0,entry:LeverageInitialMarginTooLow
7500,10,true,true,1,10,0,2500,100,true,7,5250000,0,0,7,4177953,494997,577050,0,14910,0,0,153,5496550,0,0,0,0,51,520,700,0,0,0,0,0,0,0,entry:LeverageInitialMarginTooLow
7500,10,true,true,1,10,1,0,0,false,8,6000000,0,0,8,3710000,500000,1790000,0,16403,0,0,0,6244572,0,0,0,0,16,357,700,0,0,0,0,0,0,0,entry:LeverageInitialMarginTooLow
7500,10,true,true,1,10,1,0,0,true,8,6000000,0,0,8,3710000,500000,1790000,0,16403,0,0,0,6244572,0,0,0,0,16,357,700,0,0,0,0,0,0,0,entry:LeverageInitialMarginTooLow
7500,10,true,true,1,10,1,2500,100,false,7,5250000,0,0,7,3207576,495000,1547424,0,13479,0,0,139,5471010,0,0,0,0,18,305,700,0,0,0,0,0,0,0,entry:LeverageInitialMarginTooLow
7500,10,true,true,1,10,1,2500,100,true,7,5250000,0,0,7,3207576,495000,1547424,0,13479,0,0,139,5471010,0,0,0,0,18,305,700,0,0,0,0,0,0,0,entry:LeverageInitialMarginTooLow
7500,10,true,true,1,10,2,0,0,false,8,6000000,0,0,8,3791148,500000,1708852,0,32742,0,0,0,5895329,0,0,0,0,3,0,700,0,0,0,0,0,0,0,entry:LeverageInitialMarginTooLow
7500,10,true,true,1,10,2,0,0,true,8,6000000,0,0,8,3791148,500000,1708852,0,32742,0,0,0,5895329,0,0,0,0,3,0,700,0,0,0,0,0,0,0,entry:LeverageInitialMarginTooLow
7500,10,true,true,1,10,2,2500,100,false,7,5250000,0,0,7,3238564,495000,1516436,0,28566,0,0,292,5116072,0,0,0,0,3,387,700,0,0,0,0,0,0,0,entry:LeverageInitialMarginTooLow
7500,10,true,true,1,10,2,2500,100,true,7,5250000,0,0,7,3238564,495000,1516436,0,28566,0,0,292,5116072,0,0,0,0,3,387,700,0,0,0,0,0,0,0,entry:LeverageInitialMarginTooLow
7500,10,true,true,1,10,3,0,0,false,8,6000000,0,0,3,1820740,427634,1626,0,5538,0,0,0,2365537,2485366,3750000,0,0,36,513,700,0,0,0,0,0,0,0,entry:LeverageInitialMarginTooLow
7500,10,true,true,1,10,3,0,0,true,8,6000000,0,0,3,1820740,427634,1626,0,5538,0,0,0,2365537,2485366,3750000,0,0,36,513,700,0,0,0,0,0,0,0,entry:LeverageInitialMarginTooLow
7500,10,true,true,1,10,3,2500,100,false,7,5250000,0,0,5,2987955,494998,267047,0,11497,0,0,118,3918167,1211891,1500000,0,0,43,519,700,0,0,0,0,0,0,0,entry:LeverageInitialMarginTooLow
7500,10,true,true,1,10,3,2500,100,true,7,5250000,0,0,5,2987955,494998,267047,0,11497,0,0,118,3918167,1211891,1500000,0,0,43,519,700,0,0,0,0,0,0,0,entry:LeverageInitialMarginTooLow
6667,1,false,false,0,1,0,0,0,false,1,7500000,18,0,0,7499582,0,0,0,0,15021,63153,0,7674052,0,418,1,418,0,0,0,0,0,0,0,418,14,0,
6667,1,false,false,0,1,0,0,0,true,1,7500000,3,0,1,7026234,200345,273421,0,23560,1729,886,0,8112550,0,0,0,0,70,821,1326,1,0,0,0,0,0,0,
6667,1,false,false,0,1,0,2500,100,false,1,7500000,6,1,0,7421253,78747,0,0,0,11480,169631,1835,7683239,0,0,0,0,0,0,0,0,0,0,0,0,0,0,
6667,1,false,false,0,1,0,2500,100,true,1,7500000,2,0,1,6594978,198126,706896,0,21569,640,132,227,8200910,0,0,0,0,65,882,1349,1,0,0,0,0,0,0,
6667,1,false,false,0,1,1,0,0,false,1,7500000,0,0,1,5317896,200000,1982104,0,19850,0,0,0,8204715,0,0,0,0,21,858,1366,0,0,0,0,0,0,0,
6667,1,false,false,0,1,1,0,0,true,1,7500000,0,0,1,5317896,200000,1982104,0,19850,0,0,0,8204715,0,0,0,0,21,858,1366,0,0,0,0,0,0,0,
6667,1,false,false,0,1,1,2500,100,false,1,7500000,0,0,1,4983692,198000,2318308,0,25103,0,0,254,8041440,0,0,0,0,21,673,1363,0,0,0,0,0,0,0,
6667,1,false,false,0,1,1,2500,100,true,1,7500000,0,0,1,4983692,198000,2318308,0,25103,0,0,254,8041440,0,0,0,0,21,673,1363,0,0,0,0,0,0,0,
6667,1,false,false,0,1,2,0,0,false,1,7500000,0,0,1,5347027,200000,1952973,0,47189,0,0,0,7631139,0,0,0,0,4,171,1366,0,0,0,0,0,0,0,
6667,1,false,false,0,1,2,0,0,true,1,7500000,0,0,1,5347027,200000,1952973,0,47189,0,0,0,7631139,0,0,0,0,4,171,1366,0,0,0,0,0,0,0,
6667,1,false,false,0,1,2,2500,100,false,1,7500000,0,0,1,5010386,198000,2291614,0,50102,0,0,507,7479279,0,0,0,0,4,0,1363,0,0,0,0,0,0,0,
6667,1,false,false,0,1,2,2500,100,true,1,7500000,0,0,1,5010386,198000,2291614,0,50102,0,0,507,7479279,0,0,0,0,4,0,1363,0,0,0,0,0,0,0,
6667,1,false,false,0,1,3,0,0,false,1,7500000,4,0,1,6970922,200763,328315,0,17265,3816,1260,0,8056381,0,0,0,0,60,832,1260,0,0,0,0,0,0,0,
6667,1,false,false,0,1,3,0,0,true,1,7500000,2,0,1,6856451,200128,443421,0,24696,643,280,0,8168283,0,0,0,0,59,843,1352,1,0,0,0,0,0,0,
6667,1,false,false,0,1,3,2500,100,false,1,7500000,3,0,1,6534618,198334,767048,0,20367,1690,203,228,8134974,0,0,0,0,56,845,1322,0,0,0,0,0,0,0,
6667,1,false,false,0,1,3,2500,100,true,1,7500000,1,0,1,6484140,198031,817829,0,21715,161,50,223,8231103,0,0,0,0,55,895,1359,1,0,0,0,0,0,0,
6667,1,false,false,0,10,0,0,0,false,9,6750000,38,1,7,6748036,127,0,8511,3550,13368,10430,0,6902615,639,1837,0,0,71,448,700,0,0,0,0,0,0,0,entry:LeverageInitialMarginTooLow
6667,1,false,false,0,10,0,0,0,true,9,6750000,39,0,7,6747909,0,0,22304,5521,13496,5760,0,6902424,399,2091,0,0,51,423,700,5,0,0,0,0,0,0,entry:LeverageInitialMarginTooLow
6667,1,false,false,0,10,0,2500,100,false,8,6000000,47,1,4,5997746,0,0,4152,1247,11841,14621,375,6117331,718,2254,1,89,67,445,700,0,0,0,0,89,14,0,entry:LeverageInitialMarginTooLow
6667,1,false,false,0,10,0,2500,100,true,8,6000000,32,0,7,5999752,0,0,10260,5904,11328,8990,409,6144029,117,248,0,0,57,419,700,3,0,0,0,0,0,0,entry:LeverageInitialMarginTooLow
6667,1,false,false,0,10,1,0,0,false,9,6750000,0,0,9,5248503,500000,1001497,0,23940,0,0,0,7017970,0,0,0,0,15,447,700,0,0,0,0,0,0,0,entry:LeverageInitialMarginTooLow
6667,1,false,false,0,10,1,0,0,true,9,6750000,0,0,9,5248503,500000,1001497,0,23940,0,0,0,7017970,0,0,0,0,15,447,700,0,0,0,0,0,0,0,entry:LeverageInitialMarginTooLow
6667,1,false,false,0,10,1,2500,100,false,8,6000000,0,0,8,4628200,494998,876802,0,21853,0,0,226,6229539,0,0,0,0,17,266,700,0,0,0,0,0,0,0,entry:LeverageInitialMarginTooLow
6667,1,false,false,0,10,1,2500,100,true,8,6000000,0,0,8,4628200,494998,876802,0,21853,0,0,226,6229539,0,0,0,0,17,266,700,0,0,0,0,0,0,0,entry:LeverageInitialMarginTooLow
6667,1,false,false,0,10,2,0,0,false,9,6750000,0,1,8,5483131,500000,766869,0,40983,0,37485,0,6643028,0,0,0,0,3,310,700,0,0,0,0,0,0,0,entry:LeverageInitialMarginTooLow
6667,1,false,false,0,10,2,0,0,true,9,6750000,0,0,9,5491290,500000,758710,22694,46115,1500,0,0,6643028,0,0,0,0,3,310,700,0,0,0,0,0,0,0,entry:LeverageInitialMarginTooLow
6667,1,false,false,0,10,2,2500,100,false,8,6000000,1,1,7,4790194,495201,714605,0,35904,413,44179,820,5861049,0,0,0,0,3,112,700,0,0,0,0,0,0,0,entry:LeverageInitialMarginTooLow
6667,1,false,false,0,10,2,2500,100,true,8,6000000,1,0,8,4818030,495201,686769,9921,41429,1484,104,542,5861049,0,0,0,0,3,112,700,0,0,0,0,0,0,0,entry:LeverageInitialMarginTooLow
6667,1,false,false,0,10,3,0,0,false,9,6750000,17,0,1,2694863,0,0,1342,232,5392,5378,0,2749676,2924007,4055137,0,0,59,464,700,0,0,0,0,0,0,0,entry:LeverageInitialMarginTooLow
6667,1,false,false,0,10,3,0,0,true,9,6750000,14,0,3,2749080,0,0,8419,1243,5500,2822,0,2810234,2892935,4000920,0,0,51,462,700,3,0,0,0,0,0,0,entry:LeverageInitialMarginTooLow
6667,1,false,false,0,10,3,2500,100,false,8,6000000,12,0,2,2535390,0,0,962,704,5017,8083,163,2592265,2503634,3464610,0,0,59,435,700,0,0,0,0,0,0,0,entry:LeverageInitialMarginTooLow
6667,1,false,false,0,10,3,2500,100,true,8,6000000,10,0,1,2314059,0,0,5281,2353,4577,5664,193,2371001,2622261,3685941,0,0,40,435,700,1,0,0,0,0,0,0,entry:LeverageInitialMarginTooLow
6667,1,false,false,1,1,0,0,0,false,1,7500000,18,0,0,7499582,0,0,0,0,15021,63153,0,7674052,0,418,1,418,0,0,0,0,0,0,0,418,14,0,
6667,1,false,false,1,1,0,0,0,true,1,7500000,3,0,1,7026234,200345,273421,0,23560,1729,886,0,8112550,0,0,0,0,70,821,1326,1,0,0,0,0,0,0,
6667,1,false,false,1,1,0,2500,100,false,1,7500000,6,1,0,7421253,78747,0,0,0,11480,169631,1835,7683239,0,0,0,0,0,0,0,0,0,0,0,0,0,0,
6667,1,false,false,1,1,0,2500,100,true,1,7500000,2,0,1,6594978,198126,706896,0,21569,640,132,227,8200910,0,0,0,0,65,882,1349,1,0,0,0,0,0,0,
6667,1,false,false,1,1,1,0,0,false,1,7500000,0,0,1,5317896,200000,1982104,0,19850,0,0,0,8204715,0,0,0,0,21,858,1366,0,0,0,0,0,0,0,
6667,1,false,false,1,1,1,0,0,true,1,7500000,0,0,1,5317896,200000,1982104,0,19850,0,0,0,8204715,0,0,0,0,21,858,1366,0,0,0,0,0,0,0,
6667,1,false,false,1,1,1,2500,100,false,1,7500000,0,0,1,4983692,198000,2318308,0,25103,0,0,254,8041440,0,0,0,0,21,673,1363,0,0,0,0,0,0,0,
6667,1,false,false,1,1,1,2500,100,true,1,7500000,0,0,1,4983692,198000,2318308,0,25103,0,0,254,8041440,0,0,0,0,21,673,1363,0,0,0,0,0,0,0,
6667,1,false,false,1,1,2,0,0,false,1,7500000,0,0,1,5347027,200000,1952973,0,47189,0,0,0,7631139,0,0,0,0,4,171,1366,0,0,0,0,0,0,0,
6667,1,false,false,1,1,2,0,0,true,1,7500000,0,0,1,5347027,200000,1952973,0,47189,0,0,0,7631139,0,0,0,0,4,171,1366,0,0,0,0,0,0,0,
6667,1,false,false,1,1,2,2500,100,false,1,7500000,0,0,1,5010386,198000,2291614,0,50102,0,0,507,7479279,0,0,0,0,4,0,1363,0,0,0,0,0,0,0,
6667,1,false,false,1,1,2,2500,100,true,1,7500000,0,0,1,5010386,198000,2291614,0,50102,0,0,507,7479279,0,0,0,0,4,0,1363,0,0,0,0,0,0,0,
6667,1,false,false,1,1,3,0,0,false,1,7500000,4,0,1,6970922,200763,328315,0,17265,3816,1260,0,8056381,0,0,0,0,60,832,1260,0,0,0,0,0,0,0,
6667,1,false,false,1,1,3,0,0,true,1,7500000,2,0,1,6856451,200128,443421,0,24696,643,280,0,8168283,0,0,0,0,59,843,1352,1,0,0,0,0,0,0,
6667,1,false,false,1,1,3,2500,100,false,1,7500000,3,0,1,6534618,198334,767048,0,20367,1690,203,228,8134974,0,0,0,0,56,845,1322,0,0,0,0,0,0,0,
6667,1,false,false,1,1,3,2500,100,true,1,7500000,1,0,1,6484140,198031,817829,0,21715,161,50,223,8231103,0,0,0,0,55,895,1359,1,0,0,0,0,0,0,
6667,1,false,false,1,10,0,0,0,false,9,6750000,38,1,7,6748036,127,0,8511,3550,13368,10430,0,6902615,639,1837,0,0,71,448,700,0,0,0,0,0,0,0,entry:LeverageInitialMarginTooLow
6667,1,false,false,1,10,0,0,0,true,9,6750000,39,0,7,6747909,0,0,22304,5521,13496,5760,0,6902424,399,2091,0,0,51,423,700,5,0,0,0,0,0,0,entry:LeverageInitialMarginTooLow
6667,1,false,false,1,10,0,2500,100,false,8,6000000,47,1,4,5997746,0,0,4152,1247,11841,14621,375,6117331,718,2254,1,89,67,445,700,0,0,0,0,89,14,0,entry:LeverageInitialMarginTooLow
6667,1,false,false,1,10,0,2500,100,true,8,6000000,32,0,7,5999752,0,0,10260,5904,11328,8990,409,6144029,117,248,0,0,57,419,700,3,0,0,0,0,0,0,entry:LeverageInitialMarginTooLow
6667,1,false,false,1,10,1,0,0,false,9,6750000,0,0,9,5248503,500000,1001497,0,23940,0,0,0,7017970,0,0,0,0,15,447,700,0,0,0,0,0,0,0,entry:LeverageInitialMarginTooLow
6667,1,false,false,1,10,1,0,0,true,9,6750000,0,0,9,5248503,500000,1001497,0,23940,0,0,0,7017970,0,0,0,0,15,447,700,0,0,0,0,0,0,0,entry:LeverageInitialMarginTooLow
6667,1,false,false,1,10,1,2500,100,false,8,6000000,0,0,8,4628200,494998,876802,0,21853,0,0,226,6229539,0,0,0,0,17,266,700,0,0,0,0,0,0,0,entry:LeverageInitialMarginTooLow
6667,1,false,false,1,10,1,2500,100,true,8,6000000,0,0,8,4628200,494998,876802,0,21853,0,0,226,6229539,0,0,0,0,17,266,700,0,0,0,0,0,0,0,entry:LeverageInitialMarginTooLow
6667,1,false,false,1,10,2,0,0,false,9,6750000,0,1,8,5483131,500000,766869,0,40983,0,37485,0,6643028,0,0,0,0,3,310,700,0,0,0,0,0,0,0,entry:LeverageInitialMarginTooLow
6667,1,false,false,1,10,2,0,0,true,9,6750000,0,0,9,5491290,500000,758710,22694,46115,1500,0,0,6643028,0,0,0,0,3,310,700,0,0,0,0,0,0,0,entry:LeverageInitialMarginTooLow
6667,1,false,false,1,10,2,2500,100,false,8,6000000,1,1,7,4790194,495201,714605,0,35904,413,44179,820,5861049,0,0,0,0,3,112,700,0,0,0,0,0,0,0,entry:LeverageInitialMarginTooLow
6667,1,false,false,1,10,2,2500,100,true,8,6000000,1,0,8,4818030,495201,686769,9921,41429,1484,104,542,5861049,0,0,0,0,3,112,700,0,0,0,0,0,0,0,entry:LeverageInitialMarginTooLow
6667,1,false,false,1,10,3,0,0,false,9,6750000,17,0,1,2694862,0,0,1342,232,5392,5379,0,2749675,2924006,4055138,0,0,59,464,700,0,0,0,0,0,0,0,entry:LeverageInitialMarginTooLow
6667,1,false,false,1,10,3,0,0,true,9,6750000,14,0,3,2749080,0,0,8418,1243,5500,2823,0,2810233,2892935,4000920,0,0,51,462,700,3,0,0,0,0,0,0,entry:LeverageInitialMarginTooLow
6667,1,false,false,1,10,3,2500,100,false,8,6000000,12,0,2,2535390,0,0,962,704,5017,8083,163,2592265,2503634,3464610,0,0,59,435,700,0,0,0,0,0,0,0,entry:LeverageInitialMarginTooLow
6667,1,false,false,1,10,3,2500,100,true,8,6000000,10,0,1,2314059,0,0,5281,2353,4577,5664,193,2371001,2622261,3685941,0,0,40,435,700,1,0,0,0,0,0,0,entry:LeverageInitialMarginTooLow
6667,1,false,true,0,1,0,0,0,false,1,7500000,6,1,0,7481918,18082,0,0,0,12109,140576,0,7712521,0,0,0,0,0,0,0,0,0,0,0,0,0,0,
6667,1,false,true,0,1,0,0,0,true,1,7500000,2,0,1,6690465,200129,609406,0,21440,647,125,0,8200084,0,0,0,0,58,881,1326,1,0,0,0,0,0,0,
6667,1,false,true,0,1,0,2500,100,false,1,7500000,3,0,1,6007041,198245,1294714,0,18895,1240,868,216,8149256,0,0,0,0,55,845,1307,0,0,0,0,0,0,0,
6667,1,false,true,0,1,0,2500,100,true,1,7500000,2,0,1,6004907,198094,1296999,0,22075,476,566,236,8149258,0,0,0,0,55,815,1326,1,0,0,0,0,0,0,
6667,1,false,true,0,1,1,0,0,false,1,7500000,0,0,1,5179408,200000,2120592,0,20357,0,0,0,8166665,0,0,0,0,19,816,1341,0,0,0,0,0,0,0,
6667,1,false,true,0,1,1,0,0,true,1,7500000,0,0,1,5179408,200000,2120592,0,20357,0,0,0,8166665,0,0,0,0,19,816,1341,0,0,0,0,0,0,0,
6667,1,false,true,0,1,1,2500,100,false,1,7500000,0,0,1,4753717,198000,2548283,0,16872,0,0,171,8205902,0,0,0,0,18,860,1338,0,0,0,0,0,0,0,
6667,1,false,true,0,1,1,2500,100,true,1,7500000,0,0,1,4753717,198000,2548283,0,16872,0,0,171,8205902,0,0,0,0,18,860,1338,0,0,0,0,0,0,0,
6667,1,false,true,0,1,2,0,0,false,1,7500000,0,0,1,4919402,200000,2380598,0,49690,0,0,0,7217058,0,0,0,0,4,0,1341,0,0,0,0,0,0,0,
6667,1,false,true,0,1,2,0,0,true,1,7500000,0,0,1,4919402,200000,2380598,0,49690,0,0,0,7217058,0,0,0,0,4,0,1341,0,0,0,0,0,0,0,
6667,1,false,true,0,1,2,2500,100,false,1,7500000,0,0,1,4392940,198000,2909060,0,43929,0,0,444,7073438,0,0,0,0,4,0,1338,0,0,0,0,0,0,0,
6667,1,false,true,0,1,2,2500,100,true,1,7500000,0,0,1,4392940,198000,2909060,0,43929,0,0,444,7073438,0,0,0,0,4,0,1338,0,0,0,0,0,0,0,
6667,1,false,true,0,1,3,0,0,false,1,7500000,2,0,1,6552749,200127,747124,0,21893,636,681,0,8185402,0,0,0,0,50,862,1326,0,0,0,0,0,0,0,
6667,1,false,true,0,1,3,0,0,true,1,7500000,1,0,1,6551603,200032,748365,0,24028,161,167,0,8185403,0,0,0,0,50,843,1338,1,0,0,0,0,0,0,
6667,1,false,true,0,1,3,2500,100,false,1,7500000,2,0,1,5900482,198123,1401395,0,20716,627,226,221,8157750,0,0,0,0,47,829,1323,0,0,0,0,0,0,0,
6667,1,false,true,0,1,3,2500,100,true,1,7500000,1,0,1,5899149,198030,1402821,0,22628,159,104,233,8157751,0,0,0,0,47,812,1334,1,0,0,0,0,0,0,
6667,1,false,true,0,10,0,0,0,false,7,5250000,43,2,2,5246984,50,0,2940,1378,10425,16243,0,5357178,325,2966,1,2381,69,432,700,0,0,0,0,2381,0,0,entry:LeverageInitialMarginTooLow
6667,1,false,true,0,10,0,0,0,true,7,5250000,33,0,6,5248991,0,0,21347,4525,10499,5915,0,5378556,126,1009,0,0,56,458,700,5,0,0,0,0,0,0,entry:LeverageInitialMarginTooLow
6667,1,false,true,0,10,0,2500,100,false,6,4500000,21,0,5,4496886,934,0,491,1840,8578,20652,345,4618396,95,2180,1,2180,66,385,700,0,0,0,0,2180,0,0,entry:LeverageInitialMarginTooLow
6667,1,false,true,0,10,0,2500,100,true,6,4500000,22,0,5,4499197,0,0,18976,6562,8890,8524,461,4628672,93,803,0,0,53,446,700,4,0,0,0,0,0,0,entry:LeverageInitialMarginTooLow
6667,1,false,true,0,10,1,0,0,false,7,5250000,0,0,7,4036380,500000,713620,0,20542,0,0,0,5438178,0,0,0,0,16,398,700,0,0,0,0,0,0,0,entry:LeverageInitialMarginTooLow
6667,1,false,true,0,10,1,0,0,true,7,5250000,0,0,7,4036380,500000,713620,0,20542,0,0,0,5438178,0,0,0,0,16,398,700,0,0,0,0,0,0,0,entry:LeverageInitialMarginTooLow
6667,1,false,true,0,10,1,2500,100,false,6,4500000,0,0,6,3416187,494998,588815,0,17308,0,0,177,4660224,0,0,0,0,18,329,700,0,0,0,0,0,0,0,entry:LeverageInitialMarginTooLow
6667,1,false,true,0,10,1,2500,100,true,6,4500000,0,0,6,3416187,494998,588815,0,17308,0,0,177,4660224,0,0,0,0,18,329,700,0,0,0,0,0,0,0,entry:LeverageInitialMarginTooLow
6667,1,false,true,0,10,2,0,0,false,7,5250000,0,1,6,4289850,500000,460150,0,32353,0,26905,0,5146146,0,0,0,0,3,12,700,0,0,0,0,0,0,0,entry:LeverageInitialMarginTooLow
6667,1,false,true,0,10,2,0,0,true,7,5250000,0,0,7,4296876,500000,453124,13408,37324,1500,0,0,5146146,0,0,0,0,3,12,700,0,0,0,0,0,0,0,entry:LeverageInitialMarginTooLow
6667,1,false,true,0,10,2,2500,100,false,6,4500000,0,1,5,3640404,494998,364598,0,26296,0,48413,758,4382800,0,0,0,0,3,412,700,0,0,0,0,0,0,0,entry:LeverageInitialMarginTooLow
6667,1,false,true,0,10,2,2500,100,true,6,4500000,0,0,6,3681875,494998,323127,0,33653,0,0,343,4382800,0,0,0,0,3,412,700,0,0,0,0,0,0,0,entry:LeverageInitialMarginTooLow
6667,1,false,true,0,10,3,0,0,false,7,5250000,10,0,2,2133811,785,0,0,765,3940,4780,0,2185867,2270543,3115404,0,0,59,376,700,0,0,0,0,0,0,0,entry:LeverageInitialMarginTooLow
6667,1,false,true,0,10,3,0,0,true,7,5250000,3,0,3,2250000,0,0,17596,7096,4498,182,0,2347664,2203770,3000000,0,0,38,452,700,3,0,0,0,0,0,0,entry:LeverageInitialMarginTooLow
6667,1,false,true,0,10,3,2500,100,false,6,4500000,11,0,0,1725135,0,0,0,0,3412,6517,109,1759145,2011195,2774865,0,0,0,0,0,0,0,0,0,0,0,0,entry:LeverageInitialMarginTooLow
6667,1,false,true,0,10,3,2500,100,true,6,4500000,4,0,2,1923709,2845,0,2294,4330,2465,5161,149,1990253,1896209,2573446,0,0,45,423,700,2,0,0,0,0,0,0,entry:LeverageInitialMarginTooLow
6667,1,false,true,1,1,0,0,0,false,1,7500000,6,1,0,7481918,18082,0,0,0,12109,140576,0,7712521,0,0,0,0,0,0,0,0,0,0,0,0,0,0,
6667,1,false,true,1,1,0,0,0,true,1,7500000,2,0,1,6690465,200129,609406,0,21440,647,125,0,8200084,0,0,0,0,58,881,1326,1,0,0,0,0,0,0,
6667,1,false,true,1,1,0,2500,100,false,1,7500000,3,0,1,6007041,198245,1294714,0,18895,1240,868,216,8149256,0,0,0,0,55,845,1307,0,0,0,0,0,0,0,
6667,1,false,true,1,1,0,2500,100,true,1,7500000,2,0,1,6004907,198094,1296999,0,22075,476,566,236,8149258,0,0,0,0,55,815,1326,1,0,0,0,0,0,0,
6667,1,false,true,1,1,1,0,0,false,1,7500000,0,0,1,5179408,200000,2120592,0,20357,0,0,0,8166665,0,0,0,0,19,816,1341,0,0,0,0,0,0,0,
6667,1,false,true,1,1,1,0,0,true,1,7500000,0,0,1,5179408,200000,2120592,0,20357,0,0,0,8166665,0,0,0,0,19,816,1341,0,0,0,0,0,0,0,
6667,1,false,true,1,1,1,2500,100,false,1,7500000,0,0,1,4753717,198000,2548283,0,16872,0,0,171,8205902,0,0,0,0,18,860,1338,0,0,0,0,0,0,0,
6667,1,false,true,1,1,1,2500,100,true,1,7500000,0,0,1,4753717,198000,2548283,0,16872,0,0,171,8205902,0,0,0,0,18,860,1338,0,0,0,0,0,0,0,
6667,1,false,true,1,1,2,0,0,false,1,7500000,0,0,1,4919402,200000,2380598,0,49690,0,0,0,7217058,0,0,0,0,4,0,1341,0,0,0,0,0,0,0,
6667,1,false,true,1,1,2,0,0,true,1,7500000,0,0,1,4919402,200000,2380598,0,49690,0,0,0,7217058,0,0,0,0,4,0,1341,0,0,0,0,0,0,0,
6667,1,false,true,1,1,2,2500,100,false,1,7500000,0,0,1,4392940,198000,2909060,0,43929,0,0,444,7073438,0,0,0,0,4,0,1338,0,0,0,0,0,0,0,
6667,1,false,true,1,1,2,2500,100,true,1,7500000,0,0,1,4392940,198000,2909060,0,43929,0,0,444,7073438,0,0,0,0,4,0,1338,0,0,0,0,0,0,0,
6667,1,false,true,1,1,3,0,0,false,1,7500000,2,0,1,6552749,200127,747124,0,21893,636,681,0,8185402,0,0,0,0,50,862,1326,0,0,0,0,0,0,0,
6667,1,false,true,1,1,3,0,0,true,1,7500000,1,0,1,6551603,200032,748365,0,24028,161,167,0,8185403,0,0,0,0,50,843,1338,1,0,0,0,0,0,0,
6667,1,false,true,1,1,3,2500,100,false,1,7500000,2,0,1,5900482,198123,1401395,0,20716,627,226,221,8157750,0,0,0,0,47,829,1323,0,0,0,0,0,0,0,
6667,1,false,true,1,1,3,2500,100,true,1,7500000,1,0,1,5899149,198030,1402821,0,22628,159,104,233,8157751,0,0,0,0,47,812,1334,1,0,0,0,0,0,0,
6667,1,false,true,1,10,0,0,0,false,7,5250000,43,2,2,5246984,50,0,2940,1378,10425,16243,0,5357178,325,2966,1,2381,69,432,700,0,0,0,0,2381,0,0,entry:LeverageInitialMarginTooLow
6667,1,false,true,1,10,0,0,0,true,7,5250000,33,0,6,5248991,0,0,21347,4525,10499,5915,0,5378556,126,1009,0,0,56,458,700,5,0,0,0,0,0,0,entry:LeverageInitialMarginTooLow
6667,1,false,true,1,10,0,2500,100,false,6,4500000,21,0,5,4496886,934,0,491,1840,8578,20652,345,4618396,95,2180,1,2180,66,385,700,0,0,0,0,2180,0,0,entry:LeverageInitialMarginTooLow
6667,1,false,true,1,10,0,2500,100,true,6,4500000,22,0,5,4499197,0,0,18976,6562,8890,8524,461,4628672,93,803,0,0,53,446,700,4,0,0,0,0,0,0,entry:LeverageInitialMarginTooLow
6667,1,false,true,1,10,1,0,0,false,7,5250000,0,0,7,4036380,500000,713620,0,20542,0,0,0,5438178,0,0,0,0,16,398,700,0,0,0,0,0,0,0,entry:LeverageInitialMarginTooLow
6667,1,false,true,1,10,1,0,0,true,7,5250000,0,0,7,4036380,500000,713620,0,20542,0,0,0,5438178,0,0,0,0,16,398,700,0,0,0,0,0,0,0,entry:LeverageInitialMarginTooLow
6667,1,false,true,1,10,1,2500,100,false,6,4500000,0,0,6,3416187,494998,588815,0,17308,0,0,177,4660224,0,0,0,0,18,329,700,0,0,0,0,0,0,0,entry:LeverageInitialMarginTooLow
6667,1,false,true,1,10,1,2500,100,true,6,4500000,0,0,6,3416187,494998,588815,0,17308,0,0,177,4660224,0,0,0,0,18,329,700,0,0,0,0,0,0,0,entry:LeverageInitialMarginTooLow
6667,1,false,true,1,10,2,0,0,false,7,5250000,0,1,6,4289850,500000,460150,0,32353,0,26905,0,5146145,0,0,0,0,3,12,700,0,0,0,0,0,0,0,entry:LeverageInitialMarginTooLow
6667,1,false,true,1,10,2,0,0,true,7,5250000,0,0,7,4296876,500000,453124,13408,37324,1500,0,0,5146145,0,0,0,0,3,12,700,0,0,0,0,0,0,0,entry:LeverageInitialMarginTooLow
6667,1,false,true,1,10,2,2500,100,false,6,4500000,0,1,5,3640404,494998,364598,0,26296,0,48413,758,4382800,0,0,0,0,3,412,700,0,0,0,0,0,0,0,entry:LeverageInitialMarginTooLow
6667,1,false,true,1,10,2,2500,100,true,6,4500000,0,0,6,3681875,494998,323127,0,33653,0,0,343,4382800,0,0,0,0,3,412,700,0,0,0,0,0,0,0,entry:LeverageInitialMarginTooLow
6667,1,false,true,1,10,3,0,0,false,7,5250000,10,0,2,2133811,785,0,0,765,3940,4780,0,2185867,2270543,3115404,0,0,59,376,700,0,0,0,0,0,0,0,entry:LeverageInitialMarginTooLow
6667,1,false,true,1,10,3,0,0,true,7,5250000,3,0,3,2250000,0,0,17596,7096,4498,182,0,2347664,2203774,3000000,0,0,38,452,700,3,0,0,0,0,0,0,entry:LeverageInitialMarginTooLow
6667,1,false,true,1,10,3,2500,100,false,6,4500000,11,0,0,1725135,0,0,0,0,3412,6517,109,1759145,2011195,2774865,0,0,0,0,0,0,0,0,0,0,0,0,entry:LeverageInitialMarginTooLow
6667,1,false,true,1,10,3,2500,100,true,6,4500000,4,0,2,1923709,2845,0,2294,4330,2465,5161,149,1990253,1896209,2573446,0,0,45,423,700,2,0,0,0,0,0,0,entry:LeverageInitialMarginTooLow
6667,1,true,false,0,1,0,0,0,false,1,7500000,0,0,1,5635473,200000,1664527,0,20028,0,0,0,8177410,0,0,0,0,36,828,1282,0,0,0,0,0,0,0,
6667,1,true,false,0,1,0,0,0,true,1,7500000,0,0,1,5635473,200000,1664527,0,20028,0,0,0,8177410,0,0,0,0,36,828,1282,0,0,0,0,0,0,0,
6667,1,true,false,0,1,0,2500,100,false,1,7500000,0,0,1,5421074,198000,1880926,0,19006,0,0,192,8176996,0,0,0,0,32,827,1278,0,0,0,0,0,0,0,
6667,1,true,false,0,1,0,2500,100,true,1,7500000,0,0,1,5421074,198000,1880926,0,19006,0,0,192,8176996,0,0,0,0,32,827,1278,0,0,0,0,0,0,0,
6667,1,true,false,0,1,1,0,0,false,1,7500000,0,0,1,4577953,200000,2722047,0,17528,0,0,0,8146484,0,0,0,0,14,793,1282,0,0,0,0,0,0,0,
6667,1,true,false,0,1,1,0,0,true,1,7500000,0,0,1,4577953,200000,2722047,0,17528,0,0,0,8146484,0,0,0,0,14,793,1282,0,0,0,0,0,0,0,
6667,1,true,false,0,1,1,2500,100,false,1,7500000,0,0,1,4462798,198000,2839202,0,16342,0,0,166,8158668,0,0,0,0,13,807,1278,0,0,0,0,0,0,0,
6667,1,true,false,0,1,1,2500,100,true,1,7500000,0,0,1,4462798,198000,2839202,0,16342,0,0,166,8158668,0,0,0,0,13,807,1278,0,0,0,0,0,0,0,
6667,1,true,false,0,1,2,0,0,false,1,7500000,0,0,1,3758313,200000,3541687,0,37962,0,0,0,7483254,0,0,0,0,3,0,1282,0,0,0,0,0,0,0,
6667,1,true,false,0,1,2,0,0,true,1,7500000,0,0,1,3758313,200000,3541687,0,37962,0,0,0,7483254,0,0,0,0,3,0,1282,0,0,0,0,0,0,0,
6667,1,true,false,0,1,2,2500,100,false,1,7500000,0,0,1,3571348,198000,3730652,0,35713,0,0,361,7334337,0,0,0,0,3,0,1278,0,0,0,0,0,0,0,
6667,1,true,false,0,1,2,2500,100,true,1,7500000,0,0,1,3571348,198000,3730652,0,35713,0,0,361,7334337,0,0,0,0,3,0,1278,0,0,0,0,0,0,0,
6667,1,true,false,0,1,3,0,0,false,1,7500000,0,0,1,5607323,200000,1692677,0,21161,0,0,0,8152255,0,0,0,0,31,800,1282,0,0,0,0,0,0,0,
6667,1,true,false,0,1,3,0,0,true,1,7500000,0,0,1,5607323,200000,1692677,0,21161,0,0,0,8152255,0,0,0,0,31,800,1282,0,0,0,0,0,0,0,
6667,1,true,false,0,1,3,2500,100,false,1,7500000,0,0,1,5416059,198000,1885941,0,18608,0,0,188,8184695,0,0,0,0,27,836,1278,0,0,0,0,0,0,0,
6667,1,true,false,0,1,3,2500,100,true,1,7500000,0,0,1,5416059,198000,1885941,0,18608,0,0,188,8184695,0,0,0,0,27,836,1278,0,0,0,0,0,0,0,
6667,1,true,false,0,10,0,0,0,false,6,4500000,0,0,6,3645963,500000,354037,0,13692,0,0,0,4706360,0,0,0,0,34,458,700,0,0,0,0,0,0,0,entry:LeverageInitialMarginTooLow
6667,1,true,false,0,10,0,0,0,true,6,4500000,0,0,6,3645963,500000,354037,0,13692,0,0,0,4706360,0,0,0,0,34,458,700,0,0,0,0,0,0,0,entry:LeverageInitialMarginTooLow
6667,1,true,false,0,10,0,2500,100,false,6,4500000,0,0,6,3628862,494998,376140,0,13524,0,0,140,4706077,0,0,0,0,30,457,700,0,0,0,0,0,0,0,entry:LeverageInitialMarginTooLow
6667,1,true,false,0,10,0,2500,100,true,6,4500000,0,0,6,3628862,494998,376140,0,13524,0,0,140,4706077,0,0,0,0,30,457,700,0,0,0,0,0,0,0,entry:LeverageInitialMarginTooLow
6667,1,true,false,0,10,1,0,0,false,6,4500000,0,0,6,2818204,500000,1181796,0,14463,0,0,0,4659968,0,0,0,0,14,323,700,0,0,0,0,0,0,0,entry:LeverageInitialMarginTooLow
6667,1,true,false,0,10,1,0,0,true,6,4500000,0,0,6,2818204,500000,1181796,0,14463,0,0,0,4659968,0,0,0,0,14,323,700,0,0,0,0,0,0,0,entry:LeverageInitialMarginTooLow
6667,1,true,false,0,10,1,2500,100,false,6,4500000,0,0,6,2821452,495000,1183548,0,14638,0,0,151,4655983,0,0,0,0,13,337,700,0,0,0,0,0,0,0,entry:LeverageInitialMarginTooLow
6667,1,true,false,0,10,1,2500,100,true,6,4500000,0,0,6,2821452,495000,1183548,0,14638,0,0,151,4655983,0,0,0,0,13,337,700,0,0,0,0,0,0,0,entry:LeverageInitialMarginTooLow
6667,1,true,false,0,10,2,0,0,false,6,4500000,0,0,5,2200426,500000,1049574,0,20167,0,0,0,3652468,39653,750000,1,750000,3,329,700,0,0,1,750000,750000,133051,0,entry:LeverageInitialMarginTooLow
6667,1,true,false,0,10,2,0,0,true,6,4500000,0,0,5,2200426,500000,1049574,0,20167,0,0,0,3652468,39653,750000,1,750000,3,329,700,0,0,1,750000,750000,133051,0,entry:LeverageInitialMarginTooLow
6667,1,true,false,0,10,2,2500,100,false,6,4500000,0,0,6,2737619,495000,1267381,0,23548,0,0,242,4342185,0,0,0,0,3,133,700,0,0,0,0,0,0,0,entry:LeverageInitialMarginTooLow
6667,1,true,false,0,10,2,2500,100,true,6,4500000,0,0,6,2737619,495000,1267381,0,23548,0,0,242,4342185,0,0,0,0,3,133,700,0,0,0,0,0,0,0,entry:LeverageInitialMarginTooLow
6667,1,true,false,0,10,3,0,0,false,6,4500000,0,0,4,2430196,500000,69804,0,8849,0,0,0,3140201,1203503,1500000,0,0,29,448,700,0,0,0,0,0,0,0,entry:LeverageInitialMarginTooLow
6667,1,true,false,0,10,3,0,0,true,6,4500000,0,0,4,2430196,500000,69804,0,8849,0,0,0,3140201,1203503,1500000,0,0,29,448,700,0,0,0,0,0,0,0,entry:LeverageInitialMarginTooLow
6667,1,true,false,0,10,3,2500,100,false,6,4500000,0,0,4,2413978,494998,91024,0,9377,0,0,97,3133667,1149704,1500000,0,0,26,428,700,0,0,0,0,0,0,0,entry:LeverageInitialMarginTooLow
6667,1,true,false,0,10,3,2500,100,true,6,4500000,0,0,4,2413978,494998,91024,0,9377,0,0,97,3133667,1149704,1500000,0,0,26,428,700,0,0,0,0,0,0,0,entry:LeverageInitialMarginTooLow
6667,1,true,false,1,1,0,0,0,false,1,7500000,0,0,1,5635473,200000,1664527,0,20028,0,0,0,8177410,0,0,0,0,36,828,1282,0,0,0,0,0,0,0,
6667,1,true,false,1,1,0,0,0,true,1,7500000,0,0,1,5635473,200000,1664527,0,20028,0,0,0,8177410,0,0,0,0,36,828,1282,0,0,0,0,0,0,0,
6667,1,true,false,1,1,0,2500,100,false,1,7500000,0,0,1,5421074,198000,1880926,0,19006,0,0,192,8176996,0,0,0,0,32,827,1278,0,0,0,0,0,0,0,
6667,1,true,false,1,1,0,2500,100,true,1,7500000,0,0,1,5421074,198000,1880926,0,19006,0,0,192,8176996,0,0,0,0,32,827,1278,0,0,0,0,0,0,0,
6667,1,true,false,1,1,1,0,0,false,1,7500000,0,0,1,4577953,200000,2722047,0,17528,0,0,0,8146484,0,0,0,0,14,793,1282,0,0,0,0,0,0,0,
6667,1,true,false,1,1,1,0,0,true,1,7500000,0,0,1,4577953,200000,2722047,0,17528,0,0,0,8146484,0,0,0,0,14,793,1282,0,0,0,0,0,0,0,
6667,1,true,false,1,1,1,2500,100,false,1,7500000,0,0,1,4462798,198000,2839202,0,16342,0,0,166,8158668,0,0,0,0,13,807,1278,0,0,0,0,0,0,0,
6667,1,true,false,1,1,1,2500,100,true,1,7500000,0,0,1,4462798,198000,2839202,0,16342,0,0,166,8158668,0,0,0,0,13,807,1278,0,0,0,0,0,0,0,
6667,1,true,false,1,1,2,0,0,false,1,7500000,0,0,1,3758313,200000,3541687,0,37962,0,0,0,7483254,0,0,0,0,3,0,1282,0,0,0,0,0,0,0,
6667,1,true,false,1,1,2,0,0,true,1,7500000,0,0,1,3758313,200000,3541687,0,37962,0,0,0,7483254,0,0,0,0,3,0,1282,0,0,0,0,0,0,0,
6667,1,true,false,1,1,2,2500,100,false,1,7500000,0,0,1,3571348,198000,3730652,0,35713,0,0,361,7334337,0,0,0,0,3,0,1278,0,0,0,0,0,0,0,
6667,1,true,false,1,1,2,2500,100,true,1,7500000,0,0,1,3571348,198000,3730652,0,35713,0,0,361,7334337,0,0,0,0,3,0,1278,0,0,0,0,0,0,0,
6667,1,true,false,1,1,3,0,0,false,1,7500000,0,0,1,5607323,200000,1692677,0,21161,0,0,0,8152255,0,0,0,0,31,800,1282,0,0,0,0,0,0,0,
6667,1,true,false,1,1,3,0,0,true,1,7500000,0,0,1,5607323,200000,1692677,0,21161,0,0,0,8152255,0,0,0,0,31,800,1282,0,0,0,0,0,0,0,
6667,1,true,false,1,1,3,2500,100,false,1,7500000,0,0,1,5416059,198000,1885941,0,18608,0,0,188,8184695,0,0,0,0,27,836,1278,0,0,0,0,0,0,0,
6667,1,true,false,1,1,3,2500,100,true,1,7500000,0,0,1,5416059,198000,1885941,0,18608,0,0,188,8184695,0,0,0,0,27,836,1278,0,0,0,0,0,0,0,
6667,1,true,false,1,10,0,0,0,false,6,4500000,0,0,6,3645963,500000,354037,0,13692,0,0,0,4706360,0,0,0,0,34,458,700,0,0,0,0,0,0,0,entry:LeverageInitialMarginTooLow
6667,1,true,false,1,10,0,0,0,true,6,4500000,0,0,6,3645963,500000,354037,0,13692,0,0,0,4706360,0,0,0,0,34,458,700,0,0,0,0,0,0,0,entry:LeverageInitialMarginTooLow
6667,1,true,false,1,10,0,2500,100,false,6,4500000,0,0,6,3628862,494998,376140,0,13524,0,0,140,4706077,0,0,0,0,30,457,700,0,0,0,0,0,0,0,entry:LeverageInitialMarginTooLow
6667,1,true,false,1,10,0,2500,100,true,6,4500000,0,0,6,3628862,494998,376140,0,13524,0,0,140,4706077,0,0,0,0,30,457,700,0,0,0,0,0,0,0,entry:LeverageInitialMarginTooLow
6667,1,true,false,1,10,1,0,0,false,6,4500000,0,0,6,2818204,500000,1181796,0,14463,0,0,0,4659968,0,0,0,0,14,323,700,0,0,0,0,0,0,0,entry:LeverageInitialMarginTooLow
6667,1,true,false,1,10,1,0,0,true,6,4500000,0,0,6,2818204,500000,1181796,0,14463,0,0,0,4659968,0,0,0,0,14,323,700,0,0,0,0,0,0,0,entry:LeverageInitialMarginTooLow
6667,1,true,false,1,10,1,2500,100,false,6,4500000,0,0,6,2821452,495000,1183548,0,14638,0,0,151,4655983,0,0,0,0,13,337,700,0,0,0,0,0,0,0,entry:LeverageInitialMarginTooLow
6667,1,true,false,1,10,1,2500,100,true,6,4500000,0,0,6,2821452,495000,1183548,0,14638,0,0,151,4655983,0,0,0,0,13,337,700,0,0,0,0,0,0,0,entry:LeverageInitialMarginTooLow
6667,1,true,false,1,10,2,0,0,false,6,4500000,0,0,5,2200426,500000,1049574,0,20167,0,0,0,3652468,39653,750000,1,750000,3,329,700,0,0,1,750000,750000,133051,0,entry:LeverageInitialMarginTooLow
6667,1,true,false,1,10,2,0,0,true,6,4500000,0,0,5,2200426,500000,1049574,0,20167,0,0,0,3652468,39653,750000,1,750000,3,329,700,0,0,1,750000,750000,133051,0,entry:LeverageInitialMarginTooLow
6667,1,true,false,1,10,2,2500,100,false,6,4500000,0,0,6,2737619,495000,1267381,0,23548,0,0,242,4342185,0,0,0,0,3,133,700,0,0,0,0,0,0,0,entry:LeverageInitialMarginTooLow
6667,1,true,false,1,10,2,2500,100,true,6,4500000,0,0,6,2737619,495000,1267381,0,23548,0,0,242,4342185,0,0,0,0,3,133,700,0,0,0,0,0,0,0,entry:LeverageInitialMarginTooLow
6667,1,true,false,1,10,3,0,0,false,6,4500000,0,0,4,2430196,500000,69804,0,8849,0,0,0,3140201,1203503,1500000,0,0,29,448,700,0,0,0,0,0,0,0,entry:LeverageInitialMarginTooLow
6667,1,true,false,1,10,3,0,0,true,6,4500000,0,0,4,2430196,500000,69804,0,8849,0,0,0,3140201,1203503,1500000,0,0,29,448,700,0,0,0,0,0,0,0,entry:LeverageInitialMarginTooLow
6667,1,true,false,1,10,3,2500,100,false,6,4500000,0,0,4,2413978,494998,91024,0,9377,0,0,97,3133667,1149704,1500000,0,0,26,428,700,0,0,0,0,0,0,0,entry:LeverageInitialMarginTooLow
6667,1,true,false,1,10,3,2500,100,true,6,4500000,0,0,4,2413978,494998,91024,0,9377,0,0,97,3133667,1149704,1500000,0,0,26,428,700,0,0,0,0,0,0,0,entry:LeverageInitialMarginTooLow
6667,1,true,true,0,1,0,0,0,false,1,7500000,0,0,1,5475598,200000,1824402,0,19541,0,0,0,8161069,0,0,0,0,27,810,1257,0,0,0,0,0,0,0,
6667,1,true,true,0,1,0,0,0,true,1,7500000,0,0,1,5475598,200000,1824402,0,19541,0,0,0,8161069,0,0,0,0,27,810,1257,0,0,0,0,0,0,0,
6667,1,true,true,0,1,0,2500,100,false,1,7500000,0,0,1,5043536,198000,2258464,0,17755,0,0,180,8160655,0,0,0,0,23,809,1253,0,0,0,0,0,0,0,
6667,1,true,true,0,1,0,2500,100,true,1,7500000,0,0,1,5043536,198000,2258464,0,17755,0,0,180,8160655,0,0,0,0,23,809,1253,0,0,0,0,0,0,0,
6667,1,true,true,0,1,1,0,0,false,1,7500000,0,0,1,4524353,200000,2775647,0,18286,0,0,0,8109283,0,0,0,0,12,751,1257,0,0,0,0,0,0,0,
6667,1,true,true,0,1,1,0,0,true,1,7500000,0,0,1,4524353,200000,2775647,0,18286,0,0,0,8109283,0,0,0,0,12,751,1257,0,0,0,0,0,0,0,
6667,1,true,true,0,1,1,2500,100,false,1,7500000,0,0,1,4234667,198000,3067333,0,16964,0,0,172,8106574,0,0,0,0,11,748,1253,0,0,0,0,0,0,0,
6667,1,true,true,0,1,1,2500,100,true,1,7500000,0,0,1,4234667,198000,3067333,0,16964,0,0,172,8106574,0,0,0,0,11,748,1253,0,0,0,0,0,0,0,
6667,1,true,true,0,1,2,0,0,false,1,7500000,0,0,1,3516069,200000,3783931,0,35515,0,0,0,7140480,0,0,0,0,3,0,1257,0,0,0,0,0,0,0,
6667,1,true,true,0,1,2,0,0,true,1,7500000,0,0,1,3516069,200000,3783931,0,35515,0,0,0,7140480,0,0,0,0,3,0,1257,0,0,0,0,0,0,0,
6667,1,true,true,0,1,2,2500,100,false,1,7500000,0,0,1,3221472,198000,4080528,0,32214,0,0,326,6998383,0,0,0,0,3,0,1253,0,0,0,0,0,0,0,
6667,1,true,true,0,1,2,2500,100,true,1,7500000,0,0,1,3221472,198000,4080528,0,32214,0,0,326,6998383,0,0,0,0,3,0,1253,0,0,0,0,0,0,0,
6667,1,true,true,0,1,3,0,0,false,1,7500000,0,0,1,5465053,200000,1834947,0,19547,0,0,0,8160667,0,0,0,0,23,809,1257,0,0,0,0,0,0,0,
6667,1,true,true,0,1,3,0,0,true,1,7500000,0,0,1,5465053,200000,1834947,0,19547,0,0,0,8160667,0,0,0,0,23,809,1257,0,0,0,0,0,0,0,
6667,1,true,true,0,1,3,2500,100,false,1,7500000,0,0,1,5024483,198000,2277517,0,18447,0,0,187,8143983,0,0,0,0,20,790,1253,0,0,0,0,0,0,0,
6667,1,true,true,0,1,3,2500,100,true,1,7500000,0,0,1,5024483,198000,2277517,0,18447,0,0,187,8143983,0,0,0,0,20,790,1253,0,0,0,0,0,0,0,
6667,1,true,true,0,10,0,0,0,false,5,3750000,0,0,5,3026778,500000,223222,0,11447,0,0,0,3921209,0,0,0,0,33,452,700,0,0,0,0,0,0,0,entry:LeverageInitialMarginTooLow
6667,1,true,true,0,10,0,0,0,true,5,3750000,0,0,5,3026778,500000,223222,0,11447,0,0,0,3921209,0,0,0,0,33,452,700,0,0,0,0,0,0,0,entry:LeverageInitialMarginTooLow
6667,1,true,true,0,10,0,2500,100,false,5,3750000,0,0,5,2995062,494998,259940,0,11245,0,0,116,3920990,0,0,0,0,29,451,700,0,0,0,0,0,0,0,entry:LeverageInitialMarginTooLow
6667,1,true,true,0,10,0,2500,100,true,5,3750000,0,0,5,2995062,494998,259940,0,11245,0,0,116,3920990,0,0,0,0,29,451,700,0,0,0,0,0,0,0,entry:LeverageInitialMarginTooLow
6667,1,true,true,0,10,1,0,0,false,5,3750000,0,0,5,2345567,500000,904433,0,11774,0,0,0,3886889,0,0,0,0,14,268,700,0,0,0,0,0,0,0,entry:LeverageInitialMarginTooLow
6667,1,true,true,0,10,1,0,0,true,5,3750000,0,0,5,2345567,500000,904433,0,11774,0,0,0,3886889,0,0,0,0,14,268,700,0,0,0,0,0,0,0,entry:LeverageInitialMarginTooLow
6667,1,true,true,0,10,1,2500,100,false,5,3750000,0,0,5,2333501,495000,921499,0,12430,0,0,128,3876172,0,0,0,0,13,282,700,0,0,0,0,0,0,0,entry:LeverageInitialMarginTooLow
6667,1,true,true,0,10,1,2500,100,true,5,3750000,0,0,5,2333501,495000,921499,0,12430,0,0,128,3876172,0,0,0,0,13,282,700,0,0,0,0,0,0,0,entry:LeverageInitialMarginTooLow
6667,1,true,true,0,10,2,0,0,false,5,3750000,0,0,5,2323277,500000,926723,0,17996,0,0,0,3661543,0,0,0,0,3,0,700,0,0,0,0,0,0,0,entry:LeverageInitialMarginTooLow
6667,1,true,true,0,10,2,0,0,true,5,3750000,0,0,5,2323277,500000,926723,0,17996,0,0,0,3661543,0,0,0,0,3,0,700,0,0,0,0,0,0,0,entry:LeverageInitialMarginTooLow
6667,1,true,true,0,10,2,2500,100,false,5,3750000,0,0,5,2223783,495000,1031217,0,17641,0,0,180,3698731,0,0,0,0,3,290,700,0,0,0,0,0,0,0,entry:LeverageInitialMarginTooLow
6667,1,true,true,0,10,2,2500,100,true,5,3750000,0,0,5,2223783,495000,1031217,0,17641,0,0,180,3698731,0,0,0,0,3,290,700,0,0,0,0,0,0,0,entry:LeverageInitialMarginTooLow
6667,1,true,true,0,10,3,0,0,false,5,3750000,0,0,3,1816105,431041,2854,0,6673,0,0,0,2354586,1105935,1500000,0,0,28,451,700,0,0,0,0,0,0,0,entry:LeverageInitialMarginTooLow
6667,1,true,true,0,10,3,0,0,true,5,3750000,0,0,3,1816105,431041,2854,0,6673,0,0,0,2354586,1105935,1500000,0,0,28,451,700,0,0,0,0,0,0,0,entry:LeverageInitialMarginTooLow
6667,1,true,true,0,10,3,2500,100,false,5,3750000,0,0,3,1794187,440609,15204,0,7028,0,0,73,2349711,1054074,1500000,0,0,25,432,700,0,0,0,0,0,0,0,entry:LeverageInitialMarginTooLow
6667,1,true,true,0,10,3,2500,100,true,5,3750000,0,0,3,1794187,440609,15204,0,7028,0,0,73,2349711,1054074,1500000,0,0,25,432,700,0,0,0,0,0,0,0,entry:LeverageInitialMarginTooLow
6667,1,true,true,1,1,0,0,0,false,1,7500000,0,0,1,5475598,200000,1824402,0,19541,0,0,0,8161069,0,0,0,0,27,810,1257,0,0,0,0,0,0,0,
6667,1,true,true,1,1,0,0,0,true,1,7500000,0,0,1,5475598,200000,1824402,0,19541,0,0,0,8161069,0,0,0,0,27,810,1257,0,0,0,0,0,0,0,
6667,1,true,true,1,1,0,2500,100,false,1,7500000,0,0,1,5043536,198000,2258464,0,17755,0,0,180,8160655,0,0,0,0,23,809,1253,0,0,0,0,0,0,0,
6667,1,true,true,1,1,0,2500,100,true,1,7500000,0,0,1,5043536,198000,2258464,0,17755,0,0,180,8160655,0,0,0,0,23,809,1253,0,0,0,0,0,0,0,
6667,1,true,true,1,1,1,0,0,false,1,7500000,0,0,1,4524353,200000,2775647,0,18286,0,0,0,8109283,0,0,0,0,12,751,1257,0,0,0,0,0,0,0,
6667,1,true,true,1,1,1,0,0,true,1,7500000,0,0,1,4524353,200000,2775647,0,18286,0,0,0,8109283,0,0,0,0,12,751,1257,0,0,0,0,0,0,0,
6667,1,true,true,1,1,1,2500,100,false,1,7500000,0,0,1,4234667,198000,3067333,0,16964,0,0,172,8106574,0,0,0,0,11,748,1253,0,0,0,0,0,0,0,
6667,1,true,true,1,1,1,2500,100,true,1,7500000,0,0,1,4234667,198000,3067333,0,16964,0,0,172,8106574,0,0,0,0,11,748,1253,0,0,0,0,0,0,0,
6667,1,true,true,1,1,2,0,0,false,1,7500000,0,0,1,3516069,200000,3783931,0,35515,0,0,0,7140480,0,0,0,0,3,0,1257,0,0,0,0,0,0,0,
6667,1,true,true,1,1,2,0,0,true,1,7500000,0,0,1,3516069,200000,3783931,0,35515,0,0,0,7140480,0,0,0,0,3,0,1257,0,0,0,0,0,0,0,
6667,1,true,true,1,1,2,2500,100,false,1,7500000,0,0,1,3221472,198000,4080528,0,32214,0,0,326,6998383,0,0,0,0,3,0,1253,0,0,0,0,0,0,0,
6667,1,true,true,1,1,2,2500,100,true,1,7500000,0,0,1,3221472,198000,4080528,0,32214,0,0,326,6998383,0,0,0,0,3,0,1253,0,0,0,0,0,0,0,
6667,1,true,true,1,1,3,0,0,false,1,7500000,0,0,1,5465053,200000,1834947,0,19547,0,0,0,8160667,0,0,0,0,23,809,1257,0,0,0,0,0,0,0,
6667,1,true,true,1,1,3,0,0,true,1,7500000,0,0,1,5465053,200000,1834947,0,19547,0,0,0,8160667,0,0,0,0,23,809,1257,0,0,0,0,0,0,0,
6667,1,true,true,1,1,3,2500,100,false,1,7500000,0,0,1,5024483,198000,2277517,0,18447,0,0,187,8143983,0,0,0,0,20,790,1253,0,0,0,0,0,0,0,
6667,1,true,true,1,1,3,2500,100,true,1,7500000,0,0,1,5024483,198000,2277517,0,18447,0,0,187,8143983,0,0,0,0,20,790,1253,0,0,0,0,0,0,0,
6667,1,true,true,1,10,0,0,0,false,5,3750000,0,0,5,3026778,500000,223222,0,11447,0,0,0,3921210,0,0,0,0,33,452,700,0,0,0,0,0,0,0,entry:LeverageInitialMarginTooLow
6667,1,true,true,1,10,0,0,0,true,5,3750000,0,0,5,3026778,500000,223222,0,11447,0,0,0,3921210,0,0,0,0,33,452,700,0,0,0,0,0,0,0,entry:LeverageInitialMarginTooLow
6667,1,true,true,1,10,0,2500,100,false,5,3750000,0,0,5,2995063,494998,259939,0,11245,0,0,116,3920990,0,0,0,0,29,451,700,0,0,0,0,0,0,0,entry:LeverageInitialMarginTooLow
6667,1,true,true,1,10,0,2500,100,true,5,3750000,0,0,5,2995063,494998,259939,0,11245,0,0,116,3920990,0,0,0,0,29,451,700,0,0,0,0,0,0,0,entry:LeverageInitialMarginTooLow
6667,1,true,true,1,10,1,0,0,false,5,3750000,0,0,5,2345567,500000,904433,0,11774,0,0,0,3886889,0,0,0,0,14,268,700,0,0,0,0,0,0,0,entry:LeverageInitialMarginTooLow
6667,1,true,true,1,10,1,0,0,true,5,3750000,0,0,5,2345567,500000,904433,0,11774,0,0,0,3886889,0,0,0,0,14,268,700,0,0,0,0,0,0,0,entry:LeverageInitialMarginTooLow
6667,1,true,true,1,10,1,2500,100,false,5,3750000,0,0,5,2333501,495000,921499,0,12430,0,0,128,3876172,0,0,0,0,13,282,700,0,0,0,0,0,0,0,entry:LeverageInitialMarginTooLow
6667,1,true,true,1,10,1,2500,100,true,5,3750000,0,0,5,2333501,495000,921499,0,12430,0,0,128,3876172,0,0,0,0,13,282,700,0,0,0,0,0,0,0,entry:LeverageInitialMarginTooLow
6667,1,true,true,1,10,2,0,0,false,5,3750000,0,0,5,2323277,500000,926723,0,17996,0,0,0,3661543,0,0,0,0,3,0,700,0,0,0,0,0,0,0,entry:LeverageInitialMarginTooLow
6667,1,true,true,1,10,2,0,0,true,5,3750000,0,0,5,2323277,500000,926723,0,17996,0,0,0,3661543,0,0,0,0,3,0,700,0,0,0,0,0,0,0,entry:LeverageInitialMarginTooLow
6667,1,true,true,1,10,2,2500,100,false,5,3750000,0,0,5,2223783,495000,1031217,0,17641,0,0,180,3698731,0,0,0,0,3,290,700,0,0,0,0,0,0,0,entry:LeverageInitialMarginTooLow
6667,1,true,true,1,10,2,2500,100,true,5,3750000,0,0,5,2223783,495000,1031217,0,17641,0,0,180,3698731,0,0,0,0,3,290,700,0,0,0,0,0,0,0,entry:LeverageInitialMarginTooLow
6667,1,true,true,1,10,3,0,0,false,5,3750000,0,0,3,1816105,431041,2854,0,6673,0,0,0,2354586,1105935,1500000,0,0,28,451,700,0,0,0,0,0,0,0,entry:LeverageInitialMarginTooLow
6667,1,true,true,1,10,3,0,0,true,5,3750000,0,0,3,1816105,431041,2854,0,6673,0,0,0,2354586,1105935,1500000,0,0,28,451,700,0,0,0,0,0,0,0,entry:LeverageInitialMarginTooLow
6667,1,true,true,1,10,3,2500,100,false,5,3750000,0,0,3,1794187,440609,15204,0,7028,0,0,73,2349711,1054074,1500000,0,0,25,432,700,0,0,0,0,0,0,0,entry:LeverageInitialMarginTooLow
6667,1,true,true,1,10,3,2500,100,true,5,3750000,0,0,3,1794187,440609,15204,0,7028,0,0,73,2349711,1054074,1500000,0,0,25,432,700,0,0,0,0,0,0,0,entry:LeverageInitialMarginTooLow
6667,4,false,false,0,1,0,0,0,false,1,7500000,16,0,0,7498659,0,0,0,0,15020,66276,0,7686916,173,1341,0,0,0,0,0,0,0,0,0,0,0,0,
6667,4,false,false,0,1,0,0,0,true,1,7500000,2,0,1,6838712,200129,461159,0,22233,648,444,0,8225658,0,0,0,0,81,910,1379,1,0,0,0,0,0,0,
6667,4,false,false,0,1,0,2500,100,false,1,7500000,4,0,1,6591087,198533,710380,0,17958,2697,2425,238,8116087,0,0,0,0,78,867,1325,0,0,0,0,0,0,0,
6667,4,false,false,0,1,0,2500,100,true,1,7500000,2,0,1,6477002,198095,824903,0,21285,480,514,228,8227490,0,0,0,0,77,905,1379,1,0,0,0,0,0,0,
6667,4,false,false,0,1,1,0,0,false,1,7500000,0,0,1,5108280,200000,2191720,0,25855,0,0,0,8057320,0,0,0,0,24,691,1392,0,0,0,0,0,0,0,
6667,4,false,false,0,1,1,0,0,true,1,7500000,0,0,1,5108280,200000,2191720,0,25855,0,0,0,8057320,0,0,0,0,24,691,1392,0,0,0,0,0,0,0,
6667,4,false,false,0,1,1,2500,100,false,1,7500000,0,0,1,4918702,198000,2383298,0,22363,0,0,226,8112206,0,0,0,0,23,754,1389,0,0,0,0,0,0,0,
6667,4,false,false,0,1,1,2500,100,true,1,7500000,0,0,1,4918702,198000,2383298,0,22363,0,0,226,8112206,0,0,0,0,23,754,1389,0,0,0,0,0,0,0,
6667,4,false,false,0,1,2,0,0,false,1,7500000,0,0,1,5618506,200000,1681494,0,25707,0,0,0,8115142,0,0,0,0,4,758,1392,0,0,0,0,0,0,0,
6667,4,false,false,0,1,2,0,0,true,1,7500000,0,0,1,5618506,200000,1681494,0,25707,0,0,0,8115142,0,0,0,0,4,758,1392,0,0,0,0,0,0,0,
6667,4,false,false,0,1,2,2500,100,false,1,7500000,0,0,1,5243095,198000,2058905,0,30787,0,0,311,7953650,0,0,0,0,4,570,1389,0,0,0,0,0,0,0,
6667,4,false,false,0,1,2,2500,100,true,1,7500000,0,0,1,5243095,198000,2058905,0,30787,0,0,311,7953650,0,0,0,0,4,570,1389,0,0,0,0,0,0,0,
6667,4,false,false,0,1,3,0,0,false,1,7500000,3,0,0,1971039,0,0,0,0,3949,1981,0,1992696,3843880,5528961,0,0,0,0,0,0,0,0,0,0,0,0,
6667,4,false,false,0,1,3,0,0,true,1,7500000,3,0,0,1971039,0,0,0,0,3949,1981,0,1992696,3843880,5528961,0,0,0,0,0,0,0,0,0,0,0,0,
6667,4,false,false,0,1,3,2500,100,false,1,7500000,4,0,0,4579347,0,0,0,0,9082,71140,815,4669843,2154157,2920653,0,0,0,0,0,0,0,0,0,0,0,0,
6667,4,false,false,0,1,3,2500,100,true,1,7500000,4,0,0,4579347,0,0,0,0,9082,71140,815,4669843,2154157,2920653,0,0,0,0,0,0,0,0,0,0,0,0,
6667,4,false,false,0,10,0,0,0,false,10,7500000,44,0,7,7491148,19,0,10056,3715,14888,15970,0,7658558,486,8833,2,8178,52,463,700,0,0,1,8015,8015,46,0,
6667,4,false,false,0,10,0,0,0,true,10,7500000,42,0,7,7491534,0,0,22437,6029,14984,12967,0,7666761,488,8466,2,8087,52,463,700,4,0,1,5644,5644,0,0,
6667,4,false,false,0,10,0,2500,100,false,9,6750000,46,1,3,6747199,41,0,1009,1603,13063,33707,546,6898759,308,2760,3,1806,92,431,700,0,0,0,0,1236,423,0,entry:LeverageInitialMarginTooLow
6667,4,false,false,0,10,0,2500,100,true,9,6750000,27,0,8,6743373,6517,0,22001,11902,12151,12473,627,6922973,304,110,0,0,60,345,700,5,0,0,0,0,0,0,entry:LeverageInitialMarginTooLow
6667,4,false,false,0,10,1,0,0,false,10,7500000,0,0,10,5730008,500000,1269992,0,34512,0,0,0,7717125,0,0,0,0,16,289,700,0,0,0,0,0,0,0,
6667,4,false,false,0,10,1,0,0,true,10,7500000,0,0,10,5730008,500000,1269992,0,34512,0,0,0,7717125,0,0,0,0,16,289,700,0,0,0,0,0,0,0,
6667,4,false,false,0,10,1,2500,100,false,9,6750000,0,0,9,5166568,494998,1088434,0,26685,0,0,276,6985285,0,0,0,0,17,355,700,0,0,0,0,0,0,0,entry:LeverageInitialMarginTooLow
6667,4,false,false,0,10,1,2500,100,true,9,6750000,0,0,9,5166568,494998,1088434,0,26685,0,0,276,6985285,0,0,0,0,17,355,700,0,0,0,0,0,0,0,entry:LeverageInitialMarginTooLow
6667,4,false,false,0,10,2,0,0,false,10,7500000,4,0,8,6034226,500953,676021,0,42765,2425,29996,0,7153209,48542,288800,0,0,3,398,700,0,0,0,0,0,0,0,
6667,4,false,false,0,10,2,0,0,true,10,7500000,2,0,9,6120624,501072,681114,8944,46176,2606,24344,0,7257213,33904,197190,0,0,3,398,700,1,0,0,0,0,0,0,
6667,4,false,false,0,10,2,2500,100,false,9,6750000,0,2,7,5567025,494998,687977,0,35857,0,79892,1174,6594564,0,0,0,0,3,202,700,0,0,0,0,0,0,0,entry:LeverageInitialMarginTooLow
6667,4,false,false,0,10,2,2500,100,true,9,6750000,0,0,9,5617831,495732,636437,14499,50587,1485,0,678,6594564,0,0,0,0,3,202,700,0,0,0,0,0,0,0,entry:LeverageInitialMarginTooLow
6667,4,false,false,0,10,3,0,0,false,10,7500000,16,0,0,2735545,0,0,0,0,5475,16224,0,2796969,3751540,4764455,0,0,0,0,0,0,0,0,0,0,0,0,
6667,4,false,false,0,10,3,0,0,true,10,7500000,8,0,2,2605505,0,0,18519,4240,5210,3287,0,2687272,3824616,4894495,0,0,36,465,700,2,0,0,0,0,0,0,
6667,4,false,false,0,10,3,2500,100,false,9,6750000,10,0,1,1990718,0,0,862,254,3941,4493,107,2032281,3585480,4759282,0,0,54,456,700,0,0,0,0,0,0,0,entry:LeverageInitialMarginTooLow
6667,4,false,false,0,10,3,2500,100,true,9,6750000,3,0,2,2049477,0,0,5103,4530,4057,4523,191,2121491,3551812,4700523,0,0,41,448,700,2,0,0,0,0,0,0,entry:LeverageInitialMarginTooLow
6667,4,false,false,1,1,0,0,0,false,1,7500000,16,0,0,7498659,0,0,0,0,15020,66276,0,7686916,173,1341,0,0,0,0,0,0,0,0,0,0,0,0,
6667,4,false,false,1,1,0,0,0,true,1,7500000,2,0,1,6838712,200129,461159,0,22233,648,444,0,8225658,0,0,0,0,81,910,1379,1,0,0,0,0,0,0,
6667,4,false,false,1,1,0,2500,100,false,1,7500000,4,0,1,6591087,198533,710380,0,17958,2697,2425,238,8116087,0,0,0,0,78,867,1325,0,0,0,0,0,0,0,
6667,4,false,false,1,1,0,2500,100,true,1,7500000,2,0,1,6477002,198095,824903,0,21285,480,514,228,8227490,0,0,0,0,77,905,1379,1,0,0,0,0,0,0,
6667,4,false,false,1,1,1,0,0,false,1,7500000,0,0,1,5108280,200000,2191720,0,25855,0,0,0,8057320,0,0,0,0,24,691,1392,0,0,0,0,0,0,0,
6667,4,false,false,1,1,1,0,0,true,1,7500000,0,0,1,5108280,200000,2191720,0,25855,0,0,0,8057320,0,0,0,0,24,691,1392,0,0,0,0,0,0,0,
6667,4,false,false,1,1,1,2500,100,false,1,7500000,0,0,1,4918702,198000,2383298,0,22363,0,0,226,8112206,0,0,0,0,23,754,1389,0,0,0,0,0,0,0,
6667,4,false,false,1,1,1,2500,100,true,1,7500000,0,0,1,4918702,198000,2383298,0,22363,0,0,226,8112206,0,0,0,0,23,754,1389,0,0,0,0,0,0,0,
6667,4,false,false,1,1,2,0,0,false,1,7500000,0,0,1,5618506,200000,1681494,0,25707,0,0,0,8115142,0,0,0,0,4,758,1392,0,0,0,0,0,0,0,
6667,4,false,false,1,1,2,0,0,true,1,7500000,0,0,1,5618506,200000,1681494,0,25707,0,0,0,8115142,0,0,0,0,4,758,1392,0,0,0,0,0,0,0,
6667,4,false,false,1,1,2,2500,100,false,1,7500000,0,0,1,5243095,198000,2058905,0,30787,0,0,311,7953650,0,0,0,0,4,570,1389,0,0,0,0,0,0,0,
6667,4,false,false,1,1,2,2500,100,true,1,7500000,0,0,1,5243095,198000,2058905,0,30787,0,0,311,7953650,0,0,0,0,4,570,1389,0,0,0,0,0,0,0,
6667,4,false,false,1,1,3,0,0,false,1,7500000,3,0,0,1971039,0,0,0,0,3949,1981,0,1992696,3843880,5528961,0,0,0,0,0,0,0,0,0,0,0,0,
6667,4,false,false,1,1,3,0,0,true,1,7500000,3,0,0,1971039,0,0,0,0,3949,1981,0,1992696,3843880,5528961,0,0,0,0,0,0,0,0,0,0,0,0,
6667,4,false,false,1,1,3,2500,100,false,1,7500000,4,0,0,4579347,0,0,0,0,9082,71140,815,4669843,2154157,2920653,0,0,0,0,0,0,0,0,0,0,0,0,
6667,4,false,false,1,1,3,2500,100,true,1,7500000,4,0,0,4579347,0,0,0,0,9082,71140,815,4669843,2154157,2920653,0,0,0,0,0,0,0,0,0,0,0,0,
6667,4,false,false,1,10,0,0,0,false,10,7500000,44,0,7,7491148,19,0,10056,3715,14888,15970,0,7658558,486,8833,2,8178,52,463,700,0,0,1,8015,8015,46,0,
6667,4,false,false,1,10,0,0,0,true,10,7500000,42,0,7,7491534,0,0,22437,6029,14984,12967,0,7666761,488,8466,2,8087,52,463,700,4,0,1,5644,5644,0,0,
6667,4,false,false,1,10,0,2500,100,false,9,6750000,46,1,3,6747199,41,0,1009,1603,13063,33707,546,6898759,308,2760,3,1806,92,431,700,0,0,0,0,1236,423,0,entry:LeverageInitialMarginTooLow
6667,4,false,false,1,10,0,2500,100,true,9,6750000,27,0,8,6743373,6517,0,22001,11902,12151,12473,627,6922973,304,110,0,0,60,345,700,5,0,0,0,0,0,0,entry:LeverageInitialMarginTooLow
6667,4,false,false,1,10,1,0,0,false,10,7500000,0,0,10,5730008,500000,1269992,0,34512,0,0,0,7717125,0,0,0,0,16,289,700,0,0,0,0,0,0,0,
6667,4,false,false,1,10,1,0,0,true,10,7500000,0,0,10,5730008,500000,1269992,0,34512,0,0,0,7717125,0,0,0,0,16,289,700,0,0,0,0,0,0,0,
6667,4,false,false,1,10,1,2500,100,false,9,6750000,0,0,9,5166568,494998,1088434,0,26685,0,0,276,6985285,0,0,0,0,17,355,700,0,0,0,0,0,0,0,entry:LeverageInitialMarginTooLow
6667,4,false,false,1,10,1,2500,100,true,9,6750000,0,0,9,5166568,494998,1088434,0,26685,0,0,276,6985285,0,0,0,0,17,355,700,0,0,0,0,0,0,0,entry:LeverageInitialMarginTooLow
6667,4,false,false,1,10,2,0,0,false,10,7500000,4,0,8,6034226,500953,676021,0,42765,2425,29996,0,7153209,48542,288800,0,0,3,398,700,0,0,0,0,0,0,0,
6667,4,false,false,1,10,2,0,0,true,10,7500000,2,0,9,6120624,501072,681114,8944,46176,2606,24344,0,7257213,33904,197190,0,0,3,398,700,1,0,0,0,0,0,0,
6667,4,false,false,1,10,2,2500,100,false,9,6750000,0,2,7,5567025,494998,687977,0,35857,0,79892,1174,6594564,0,0,0,0,3,202,700,0,0,0,0,0,0,0,entry:LeverageInitialMarginTooLow
6667,4,false,false,1,10,2,2500,100,true,9,6750000,0,0,9,5617831,495732,636437,14499,50587,1485,0,678,6594564,0,0,0,0,3,202,700,0,0,0,0,0,0,0,entry:LeverageInitialMarginTooLow
6667,4,false,false,1,10,3,0,0,false,10,7500000,16,0,0,2735545,0,0,0,0,5475,16224,0,2796969,3751540,4764455,0,0,0,0,0,0,0,0,0,0,0,0,
6667,4,false,false,1,10,3,0,0,true,10,7500000,8,0,2,2605505,0,0,18519,4240,5210,3287,0,2687272,3824616,4894495,0,0,36,465,700,2,0,0,0,0,0,0,
6667,4,false,false,1,10,3,2500,100,false,9,6750000,10,0,1,1990718,0,0,862,254,3941,4493,107,2032281,3585488,4759282,0,0,54,456,700,0,0,0,0,0,0,0,entry:LeverageInitialMarginTooLow
6667,4,false,false,1,10,3,2500,100,true,9,6750000,3,0,2,2049477,0,0,5103,4530,4057,4523,191,2121491,3551819,4700523,0,0,41,448,700,2,0,0,0,0,0,0,entry:LeverageInitialMarginTooLow
6667,4,false,true,0,1,0,0,0,false,1,7500000,4,0,1,6748498,200737,550765,0,16677,3685,1885,0,8063791,0,0,0,0,71,838,1267,0,0,0,0,0,0,0,
6667,4,false,true,0,1,0,0,0,true,1,7500000,2,0,1,6594804,200129,705067,0,22547,646,311,0,8189881,0,0,0,0,70,869,1354,1,0,0,0,0,0,0,
6667,4,false,true,0,1,0,2500,100,false,1,7500000,2,0,1,5835345,198093,1466562,0,18593,474,709,203,8224828,0,0,0,0,66,901,1354,0,0,0,0,0,0,0,
6667,4,false,true,0,1,0,2500,100,true,1,7500000,1,0,1,5834992,198031,1466977,0,19864,160,104,205,8224828,0,0,0,0,66,888,1361,1,0,0,0,0,0,0,
6667,4,false,true,0,1,1,0,0,false,1,7500000,0,0,1,5106994,200000,2193006,0,17869,0,0,0,8234495,0,0,0,0,21,891,1368,0,0,0,0,0,0,0,
6667,4,false,true,0,1,1,0,0,true,1,7500000,0,0,1,5106994,200000,2193006,0,17869,0,0,0,8234495,0,0,0,0,21,891,1368,0,0,0,0,0,0,0,
6667,4,false,true,0,1,1,2500,100,false,1,7500000,0,0,1,4530331,198000,2771669,0,21706,0,0,220,8070628,0,0,0,0,21,707,1364,0,0,0,0,0,0,0,
6667,4,false,true,0,1,1,2500,100,true,1,7500000,0,0,1,4530331,198000,2771669,0,21706,0,0,220,8070628,0,0,0,0,21,707,1364,0,0,0,0,0,0,0,
6667,4,false,true,0,1,2,0,0,false,1,7500000,0,0,1,5134047,200000,2165953,0,43944,0,0,0,7659044,0,0,0,0,4,207,1368,0,0,0,0,0,0,0,
6667,4,false,true,0,1,2,0,0,true,1,7500000,0,0,1,5134047,200000,2165953,0,43944,0,0,0,7659044,0,0,0,0,4,207,1368,0,0,0,0,0,0,0,
6667,4,false,true,0,1,2,2500,100,false,1,7500000,0,0,1,4535878,198000,2766122,0,45089,0,0,456,7506628,0,0,0,0,4,8,1364,0,0,0,0,0,0,0,
6667,4,false,true,0,1,2,2500,100,true,1,7500000,0,0,1,4535878,198000,2766122,0,45089,0,0,456,7506628,0,0,0,0,4,8,1364,0,0,0,0,0,0,0,
6667,4,false,true,0,1,3,0,0,false,1,7500000,3,0,1,6540566,200341,759093,0,20935,1707,506,0,8132045,0,0,0,0,60,841,1328,0,0,0,0,0,0,0,
6667,4,false,true,0,1,3,0,0,true,1,7500000,1,0,1,6490915,200032,809053,0,22304,162,70,0,8227767,0,0,0,0,59,891,1364,1,0,0,0,0,0,0,
6667,4,false,true,0,1,3,2500,100,false,1,7500000,1,0,1,5769699,198030,1532271,0,19392,159,146,200,8230926,0,0,0,0,56,894,1361,0,0,0,0,0,0,0,
6667,4,false,true,0,1,3,2500,100,true,1,7500000,0,0,1,5769392,198000,1532608,0,20001,0,0,203,8230928,0,0,0,0,56,888,1364,1,0,0,0,0,0,0,
6667,4,false,true,0,10,0,0,0,false,8,6000000,42,0,5,5997457,0,0,4434,2466,11990,19051,0,6129732,987,2543,1,818,69,450,700,0,0,0,0,818,45,0,entry:LeverageInitialMarginTooLow
6667,4,false,true,0,10,0,0,0,true,8,6000000,29,1,7,6000000,0,0,19577,6607,11998,11347,0,6160138,0,0,0,0,69,450,700,3,0,0,0,0,0,0,entry:LeverageInitialMarginTooLow
6667,4,false,true,0,10,0,2500,100,false,7,5250000,20,1,6,5220956,29044,0,1387,3158,8063,36164,521,5388433,0,0,0,0,65,439,700,0,0,0,0,0,0,0,entry:LeverageInitialMarginTooLow
6667,4,false,true,0,10,0,2500,100,true,7,5250000,9,0,7,5239099,10901,0,9806,17274,4507,6724,401,5452020,0,0,0,0,53,445,700,6,0,0,0,0,0,0,entry:LeverageInitialMarginTooLow
6667,4,false,true,0,10,1,0,0,false,8,6000000,0,0,8,4557714,500000,942286,0,27859,0,0,0,6169427,0,0,0,0,16,350,700,0,0,0,0,0,0,0,entry:LeverageInitialMarginTooLow
6667,4,false,true,0,10,1,0,0,true,8,6000000,0,0,8,4557714,500000,942286,0,27859,0,0,0,6169427,0,0,0,0,16,350,700,0,0,0,0,0,0,0,entry:LeverageInitialMarginTooLow
6667,4,false,true,0,10,1,2500,100,false,7,5250000,0,0,7,3956906,494998,798096,0,22064,0,0,225,5416920,0,0,0,0,18,307,700,0,0,0,0,0,0,0,entry:LeverageInitialMarginTooLow
6667,4,false,true,0,10,1,2500,100,true,7,5250000,0,0,7,3956906,494998,798096,0,22064,0,0,225,5416920,0,0,0,0,18,307,700,0,0,0,0,0,0,0,entry:LeverageInitialMarginTooLow
6667,4,false,true,0,10,2,0,0,false,8,6000000,2,1,6,4869880,500500,464146,0,31393,1170,27161,0,5743407,28235,165474,0,0,3,0,700,0,0,0,0,0,0,0,entry:LeverageInitialMarginTooLow
6667,4,false,true,0,10,2,0,0,true,8,6000000,0,0,8,5020287,500750,478963,34591,39420,1500,0,0,5933023,0,0,0,0,3,0,700,1,0,0,0,0,0,0,entry:LeverageInitialMarginTooLow
6667,4,false,true,0,10,2,2500,100,false,7,5250000,0,1,6,4326908,494999,428093,0,33191,0,51520,859,5129523,0,0,0,0,3,391,700,0,0,0,0,0,0,0,entry:LeverageInitialMarginTooLow
6667,4,false,true,0,10,2,2500,100,true,7,5250000,0,0,7,4369830,495733,384437,1425,40733,1485,0,445,5129523,0,0,0,0,3,391,700,0,0,0,0,0,0,0,entry:LeverageInitialMarginTooLow
6667,4,false,true,0,10,3,0,0,false,8,6000000,10,0,1,2116670,408,0,0,701,3935,7276,0,2168359,3032944,3882922,0,0,48,377,700,0,0,0,0,0,0,0,entry:LeverageInitialMarginTooLow
6667,4,false,true,0,10,3,0,0,true,8,6000000,3,0,3,2250000,0,0,15456,7175,4500,168,0,2346979,2957369,3750000,0,0,37,457,700,3,0,0,0,0,0,0,entry:LeverageInitialMarginTooLow
6667,4,false,true,0,10,3,2500,100,false,7,5250000,10,0,0,1647419,0,0,0,0,3260,10674,149,1685227,2762552,3602581,0,0,0,0,0,0,0,0,0,0,0,0,entry:LeverageInitialMarginTooLow
6667,4,false,true,0,10,3,2500,100,true,7,5250000,2,0,2,1854411,5517,0,0,4397,1425,5860,123,1929431,2654468,3390072,0,0,44,462,700,2,0,0,0,0,0,0,entry:LeverageInitialMarginTooLow
6667,4,false,true,1,1,0,0,0,false,1,7500000,4,0,1,6748498,200737,550765,0,16677,3685,1885,0,8063791,0,0,0,0,71,838,1267,0,0,0,0,0,0,0,
6667,4,false,true,1,1,0,0,0,true,1,7500000,2,0,1,6594804,200129,705067,0,22547,646,311,0,8189881,0,0,0,0,70,869,1354,1,0,0,0,0,0,0,
6667,4,false,true,1,1,0,2500,100,false,1,7500000,2,0,1,5835345,198093,1466562,0,18593,474,709,203,8224828,0,0,0,0,66,901,1354,0,0,0,0,0,0,0,
6667,4,false,true,1,1,0,2500,100,true,1,7500000,1,0,1,5834992,198031,1466977,0,19864,160,104,205,8224828,0,0,0,0,66,888,1361,1,0,0,0,0,0,0,
6667,4,false,true,1,1,1,0,0,false,1,7500000,0,0,1,5106994,200000,2193006,0,17869,0,0,0,8234495,0,0,0,0,21,891,1368,0,0,0,0,0,0,0,
6667,4,false,true,1,1,1,0,0,true,1,7500000,0,0,1,5106994,200000,2193006,0,17869,0,0,0,8234495,0,0,0,0,21,891,1368,0,0,0,0,0,0,0,
6667,4,false,true,1,1,1,2500,100,false,1,7500000,0,0,1,4530331,198000,2771669,0,21706,0,0,220,8070628,0,0,0,0,21,707,1364,0,0,0,0,0,0,0,
6667,4,false,true,1,1,1,2500,100,true,1,7500000,0,0,1,4530331,198000,2771669,0,21706,0,0,220,8070628,0,0,0,0,21,707,1364,0,0,0,0,0,0,0,
6667,4,false,true,1,1,2,0,0,false,1,7500000,0,0,1,5134047,200000,2165953,0,43944,0,0,0,7659044,0,0,0,0,4,207,1368,0,0,0,0,0,0,0,
6667,4,false,true,1,1,2,0,0,true,1,7500000,0,0,1,5134047,200000,2165953,0,43944,0,0,0,7659044,0,0,0,0,4,207,1368,0,0,0,0,0,0,0,
6667,4,false,true,1,1,2,2500,100,false,1,7500000,0,0,1,4535878,198000,2766122,0,45089,0,0,456,7506628,0,0,0,0,4,8,1364,0,0,0,0,0,0,0,
6667,4,false,true,1,1,2,2500,100,true,1,7500000,0,0,1,4535878,198000,2766122,0,45089,0,0,456,7506628,0,0,0,0,4,8,1364,0,0,0,0,0,0,0,
6667,4,false,true,1,1,3,0,0,false,1,7500000,3,0,1,6540566,200341,759093,0,20935,1707,506,0,8132045,0,0,0,0,60,841,1328,0,0,0,0,0,0,0,
6667,4,false,true,1,1,3,0,0,true,1,7500000,1,0,1,6490915,200032,809053,0,22304,162,70,0,8227767,0,0,0,0,59,891,1364,1,0,0,0,0,0,0,
6667,4,false,true,1,1,3,2500,100,false,1,7500000,1,0,1,5769699,198030,1532271,0,19392,159,146,200,8230926,0,0,0,0,56,894,1361,0,0,0,0,0,0,0,
6667,4,false,true,1,1,3,2500,100,true,1,7500000,0,0,1,5769392,198000,1532608,0,20001,0,0,203,8230928,0,0,0,0,56,888,1364,1,0,0,0,0,0,0,
6667,4,false,true,1,10,0,0,0,false,8,6000000,42,0,5,5997457,0,0,4434,2466,11990,19051,0,6129732,987,2543,1,818,69,450,700,0,0,0,0,818,45,0,entry:LeverageInitialMarginTooLow
6667,4,false,true,1,10,0,0,0,true,8,6000000,29,1,7,6000000,0,0,19577,6607,11998,11347,0,6160138,0,0,0,0,69,450,700,3,0,0,0,0,0,0,entry:LeverageInitialMarginTooLow
6667,4,false,true,1,10,0,2500,100,false,7,5250000,20,1,6,5220956,29044,0,1387,3158,8063,36164,521,5388433,0,0,0,0,65,439,700,0,0,0,0,0,0,0,entry:LeverageInitialMarginTooLow
6667,4,false,true,1,10,0,2500,100,true,7,5250000,9,0,7,5239099,10901,0,9806,17274,4507,6724,401,5452020,0,0,0,0,53,445,700,6,0,0,0,0,0,0,entry:LeverageInitialMarginTooLow
6667,4,false,true,1,10,1,0,0,false,8,6000000,0,0,8,4557714,500000,942286,0,27859,0,0,0,6169427,0,0,0,0,16,350,700,0,0,0,0,0,0,0,entry:LeverageInitialMarginTooLow
6667,4,false,true,1,10,1,0,0,true,8,6000000,0,0,8,4557714,500000,942286,0,27859,0,0,0,6169427,0,0,0,0,16,350,700,0,0,0,0,0,0,0,entry:LeverageInitialMarginTooLow
6667,4,false,true,1,10,1,2500,100,false,7,5250000,0,0,7,3956906,494998,798096,0,22064,0,0,225,5416920,0,0,0,0,18,307,700,0,0,0,0,0,0,0,entry:LeverageInitialMarginTooLow
6667,4,false,true,1,10,1,2500,100,true,7,5250000,0,0,7,3956906,494998,798096,0,22064,0,0,225,5416920,0,0,0,0,18,307,700,0,0,0,0,0,0,0,entry:LeverageInitialMarginTooLow
6667,4,false,true,1,10,2,0,0,false,8,6000000,2,1,6,4869880,500500,464146,0,31393,1170,27161,0,5743407,28236,165474,0,0,3,0,700,0,0,0,0,0,0,0,entry:LeverageInitialMarginTooLow
6667,4,false,true,1,10,2,0,0,true,8,6000000,0,0,8,5020287,500750,478963,34591,39420,1500,0,0,5933023,0,0,0,0,3,0,700,1,0,0,0,0,0,0,entry:LeverageInitialMarginTooLow
6667,4,false,true,1,10,2,2500,100,false,7,5250000,0,1,6,4326908,494999,428093,0,33191,0,51520,859,5129523,0,0,0,0,3,391,700,0,0,0,0,0,0,0,entry:LeverageInitialMarginTooLow
6667,4,false,true,1,10,2,2500,100,true,7,5250000,0,0,7,4369830,495733,384437,1425,40733,1485,0,445,5129523,0,0,0,0,3,391,700,0,0,0,0,0,0,0,entry:LeverageInitialMarginTooLow
6667,4,false,true,1,10,3,0,0,false,8,6000000,10,0,1,2116670,408,0,0,701,3935,7276,0,2168359,3032951,3882922,0,0,48,377,700,0,0,0,0,0,0,0,entry:LeverageInitialMarginTooLow
6667,4,false,true,1,10,3,0,0,true,8,6000000,3,0,3,2250000,0,0,15456,7175,4500,168,0,2346979,2957374,3750000,0,0,37,457,700,3,0,0,0,0,0,0,entry:LeverageInitialMarginTooLow
6667,4,false,true,1,10,3,2500,100,false,7,5250000,10,0,0,1647419,0,0,0,0,3260,10674,149,1685227,2762559,3602581,0,0,0,0,0,0,0,0,0,0,0,0,entry:LeverageInitialMarginTooLow
6667,4,false,true,1,10,3,2500,100,true,7,5250000,2,0,2,1854411,5517,0,0,4397,1425,5860,123,1929431,2654473,3390072,0,0,44,462,700,2,0,0,0,0,0,0,entry:LeverageInitialMarginTooLow
6667,4,true,false,0,1,0,0,0,false,1,7500000,0,0,1,5601921,200000,1698079,0,19808,0,0,0,8198240,0,0,0,0,48,851,1314,0,0,0,0,0,0,0,
6667,4,true,false,0,1,0,0,0,true,1,7500000,0,0,1,5601921,200000,1698079,0,19808,0,0,0,8198240,0,0,0,0,48,851,1314,0,0,0,0,0,0,0,
6667,4,true,false,0,1,0,2500,100,false,1,7500000,0,0,1,5375621,198000,1926379,0,18711,0,0,190,8197825,0,0,0,0,44,851,1310,0,0,0,0,0,0,0,
6667,4,true,false,0,1,0,2500,100,true,1,7500000,0,0,1,5375621,198000,1926379,0,18711,0,0,190,8197825,0,0,0,0,44,851,1310,0,0,0,0,0,0,0,
6667,4,true,false,0,1,1,0,0,false,1,7500000,0,0,1,4426320,200000,2873680,0,19692,0,0,0,8092689,0,0,0,0,17,732,1314,0,0,0,0,0,0,0,
6667,4,true,false,0,1,1,0,0,true,1,7500000,0,0,1,4426320,200000,2873680,0,19692,0,0,0,8092689,0,0,0,0,17,732,1314,0,0,0,0,0,0,0,
6667,4,true,false,0,1,1,2500,100,false,1,7500000,0,0,1,4309429,198000,2992571,0,17790,0,0,180,8122207,0,0,0,0,16,766,1310,0,0,0,0,0,0,0,
6667,4,true,false,0,1,1,2500,100,true,1,7500000,0,0,1,4309429,198000,2992571,0,17790,0,0,180,8122207,0,0,0,0,16,766,1310,0,0,0,0,0,0,0,
6667,4,true,false,0,1,2,0,0,false,1,7500000,0,0,1,3988307,200000,3311693,0,22250,0,0,0,7966386,0,0,0,0,3,585,1314,0,0,0,0,0,0,0,
6667,4,true,false,0,1,2,0,0,true,1,7500000,0,0,1,3988307,200000,3311693,0,22250,0,0,0,7966386,0,0,0,0,3,585,1314,0,0,0,0,0,0,0,
6667,4,true,false,0,1,2,2500,100,false,1,7500000,0,0,1,3782280,198000,3519720,0,26366,0,0,267,7807854,0,0,0,0,3,394,1310,0,0,0,0,0,0,0,
6667,4,true,false,0,1,2,2500,100,true,1,7500000,0,0,1,3782280,198000,3519720,0,26366,0,0,267,7807854,0,0,0,0,3,394,1310,0,0,0,0,0,0,0,
6667,4,true,false,0,1,3,0,0,false,1,7500000,0,0,1,5574231,200000,1725769,0,20907,0,0,0,8172773,0,0,0,0,41,823,1314,0,0,0,0,0,0,0,
6667,4,true,false,0,1,3,0,0,true,1,7500000,0,0,1,5574231,200000,1725769,0,20907,0,0,0,8172773,0,0,0,0,41,823,1314,0,0,0,0,0,0,0,
6667,4,true,false,0,1,3,2500,100,false,1,7500000,0,0,1,5370669,198000,1931331,0,18367,0,0,186,8205297,0,0,0,0,37,859,1310,0,0,0,0,0,0,0,
6667,4,true,false,0,1,3,2500,100,true,1,7500000,0,0,1,5370669,198000,1931331,0,18367,0,0,186,8205297,0,0,0,0,37,859,1310,0,0,0,0,0,0,0,
6667,4,true,false,0,10,0,0,0,false,6,4500000,0,0,6,3644689,500000,355311,0,13584,0,0,0,4707427,0,0,0,0,49,434,700,0,0,0,0,0,0,0,entry:LeverageInitialMarginTooLow
6667,4,true,false,0,10,0,0,0,true,6,4500000,0,0,6,3644689,500000,355311,0,13584,0,0,0,4707427,0,0,0,0,49,434,700,0,0,0,0,0,0,0,entry:LeverageInitialMarginTooLow
6667,4,true,false,0,10,0,2500,100,false,6,4500000,0,0,6,3627271,494998,377731,0,13398,0,0,138,4707156,0,0,0,0,45,434,700,0,0,0,0,0,0,0,entry:LeverageInitialMarginTooLow
6667,4,true,false,0,10,0,2500,100,true,6,4500000,0,0,6,3627271,494998,377731,0,13398,0,0,138,4707156,0,0,0,0,45,434,700,0,0,0,0,0,0,0,entry:LeverageInitialMarginTooLow
6667,4,true,false,0,10,1,0,0,false,6,4500000,0,0,6,2769056,500000,1230944,0,15681,0,0,0,4642151,0,0,0,0,17,356,700,0,0,0,0,0,0,0,entry:LeverageInitialMarginTooLow
6667,4,true,false,0,10,1,0,0,true,6,4500000,0,0,6,2769056,500000,1230944,0,15681,0,0,0,4642151,0,0,0,0,17,356,700,0,0,0,0,0,0,0,entry:LeverageInitialMarginTooLow
6667,4,true,false,0,10,1,2500,100,false,6,4500000,0,0,6,2772710,495000,1232290,0,15227,0,0,158,4645544,0,0,0,0,16,391,700,0,0,0,0,0,0,0,entry:LeverageInitialMarginTooLow
6667,4,true,false,0,10,1,2500,100,true,6,4500000,0,0,6,2772710,495000,1232290,0,15227,0,0,158,4645544,0,0,0,0,16,391,700,0,0,0,0,0,0,0,entry:LeverageInitialMarginTooLow
6667,4,true,false,0,10,2,0,0,false,6,4500000,0,0,5,2360885,500000,889115,0,19626,0,0,0,3681423,56651,750000,0,0,3,202,700,0,0,0,0,0,0,0,entry:LeverageInitialMarginTooLow
6667,4,true,false,0,10,2,0,0,true,6,4500000,0,0,5,2360885,500000,889115,0,19626,0,0,0,3681423,56651,750000,0,0,3,202,700,0,0,0,0,0,0,0,entry:LeverageInitialMarginTooLow
6667,4,true,false,0,10,2,2500,100,false,6,4500000,0,0,6,2890745,495000,1114255,0,22100,0,0,226,4455695,0,0,0,0,3,453,700,0,0,0,0,0,0,0,entry:LeverageInitialMarginTooLow
6667,4,true,false,0,10,2,2500,100,true,6,4500000,0,0,6,2890745,495000,1114255,0,22100,0,0,226,4455695,0,0,0,0,3,453,700,0,0,0,0,0,0,0,entry:LeverageInitialMarginTooLow
6667,4,true,false,0,10,3,0,0,false,6,4500000,0,0,3,1819091,428900,2009,0,6911,0,0,0,2352401,1705281,2250000,0,0,41,453,700,0,0,0,0,0,0,0,entry:LeverageInitialMarginTooLow
6667,4,true,false,0,10,3,0,0,true,6,4500000,0,0,3,1819091,428900,2009,0,6911,0,0,0,2352401,1705281,2250000,0,0,41,453,700,0,0,0,0,0,0,0,entry:LeverageInitialMarginTooLow
6667,4,true,false,0,10,3,2500,100,false,6,4500000,0,0,3,1810823,433453,5724,0,6843,0,0,71,2352135,1626565,2250000,0,0,38,433,700,0,0,0,0,0,0,0,entry:LeverageInitialMarginTooLow
6667,4,true,false,0,10,3,2500,100,true,6,4500000,0,0,3,1810823,433453,5724,0,6843,0,0,71,2352135,1626565,2250000,0,0,38,433,700,0,0,0,0,0,0,0,entry:LeverageInitialMarginTooLow
6667,4,true,false,1,1,0,0,0,false,1,7500000,0,0,1,5601921,200000,1698079,0,19808,0,0,0,8198240,0,0,0,0,48,851,1314,0,0,0,0,0,0,0,
6667,4,true,false,1,1,0,0,0,true,1,7500000,0,0,1,5601921,200000,1698079,0,19808,0,0,0,8198240,0,0,0,0,48,851,1314,0,0,0,0,0,0,0,
6667,4,true,false,1,1,0,2500,100,false,1,7500000,0,0,1,5375621,198000,1926379,0,18711,0,0,190,8197825,0,0,0,0,44,851,1310,0,0,0,0,0,0,0,
6667,4,true,false,1,1,0,2500,100,true,1,7500000,0,0,1,5375621,198000,1926379,0,18711,0,0,190,8197825,0,0,0,0,44,851,1310,0,0,0,0,0,0,0,
6667,4,true,false,1,1,1,0,0,false,1,7500000,0,0,1,4426320,200000,2873680,0,19692,0,0,0,8092689,0,0,0,0,17,732,1314,0,0,0,0,0,0,0,
6667,4,true,false,1,1,1,0,0,true,1,7500000,0,0,1,4426320,200000,2873680,0,19692,0,0,0,8092689,0,0,0,0,17,732,1314,0,0,0,0,0,0,0,
6667,4,true,false,1,1,1,2500,100,false,1,7500000,0,0,1,4309429,198000,2992571,0,17790,0,0,180,8122207,0,0,0,0,16,766,1310,0,0,0,0,0,0,0,
6667,4,true,false,1,1,1,2500,100,true,1,7500000,0,0,1,4309429,198000,2992571,0,17790,0,0,180,8122207,0,0,0,0,16,766,1310,0,0,0,0,0,0,0,
6667,4,true,false,1,1,2,0,0,false,1,7500000,0,0,1,3988307,200000,3311693,0,22250,0,0,0,7966386,0,0,0,0,3,585,1314,0,0,0,0,0,0,0,
6667,4,true,false,1,1,2,0,0,true,1,7500000,0,0,1,3988307,200000,3311693,0,22250,0,0,0,7966386,0,0,0,0,3,585,1314,0,0,0,0,0,0,0,
6667,4,true,false,1,1,2,2500,100,false,1,7500000,0,0,1,3782280,198000,3519720,0,26366,0,0,267,7807854,0,0,0,0,3,394,1310,0,0,0,0,0,0,0,
6667,4,true,false,1,1,2,2500,100,true,1,7500000,0,0,1,3782280,198000,3519720,0,26366,0,0,267,7807854,0,0,0,0,3,394,1310,0,0,0,0,0,0,0,
6667,4,true,false,1,1,3,0,0,false,1,7500000,0,0,1,5574231,200000,1725769,0,20907,0,0,0,8172773,0,0,0,0,41,823,1314,0,0,0,0,0,0,0,
6667,4,true,false,1,1,3,0,0,true,1,7500000,0,0,1,5574231,200000,1725769,0,20907,0,0,0,8172773,0,0,0,0,41,823,1314,0,0,0,0,0,0,0,
6667,4,true,false,1,1,3,2500,100,false,1,7500000,0,0,1,5370669,198000,1931331,0,18367,0,0,186,8205297,0,0,0,0,37,859,1310,0,0,0,0,0,0,0,
6667,4,true,false,1,1,3,2500,100,true,1,7500000,0,0,1,5370669,198000,1931331,0,18367,0,0,186,8205297,0,0,0,0,37,859,1310,0,0,0,0,0,0,0,
6667,4,true,false,1,10,0,0,0,false,6,4500000,0,0,6,3644690,500000,355310,0,13584,0,0,0,4707428,0,0,0,0,49,434,700,0,0,0,0,0,0,0,entry:LeverageInitialMarginTooLow
6667,4,true,false,1,10,0,0,0,true,6,4500000,0,0,6,3644690,500000,355310,0,13584,0,0,0,4707428,0,0,0,0,49,434,700,0,0,0,0,0,0,0,entry:LeverageInitialMarginTooLow
6667,4,true,false,1,10,0,2500,100,false,6,4500000,0,0,6,3627272,494998,377730,0,13398,0,0,138,4707156,0,0,0,0,45,434,700,0,0,0,0,0,0,0,entry:LeverageInitialMarginTooLow
6667,4,true,false,1,10,0,2500,100,true,6,4500000,0,0,6,3627272,494998,377730,0,13398,0,0,138,4707156,0,0,0,0,45,434,700,0,0,0,0,0,0,0,entry:LeverageInitialMarginTooLow
6667,4,true,false,1,10,1,0,0,false,6,4500000,0,0,6,2769056,500000,1230944,0,15681,0,0,0,4642152,0,0,0,0,17,356,700,0,0,0,0,0,0,0,entry:LeverageInitialMarginTooLow
6667,4,true,false,1,10,1,0,0,true,6,4500000,0,0,6,2769056,500000,1230944,0,15681,0,0,0,4642152,0,0,0,0,17,356,700,0,0,0,0,0,0,0,entry:LeverageInitialMarginTooLow
6667,4,true,false,1,10,1,2500,100,false,6,4500000,0,0,6,2772710,495000,1232290,0,15227,0,0,158,4645545,0,0,0,0,16,391,700,0,0,0,0,0,0,0,entry:LeverageInitialMarginTooLow
6667,4,true,false,1,10,1,2500,100,true,6,4500000,0,0,6,2772710,495000,1232290,0,15227,0,0,158,4645545,0,0,0,0,16,391,700,0,0,0,0,0,0,0,entry:LeverageInitialMarginTooLow
6667,4,true,false,1,10,2,0,0,false,6,4500000,0,0,5,2360885,500000,889115,0,19626,0,0,0,3681423,56651,750000,0,0,3,202,700,0,0,0,0,0,0,0,entry:LeverageInitialMarginTooLow
6667,4,true,false,1,10,2,0,0,true,6,4500000,0,0,5,2360885,500000,889115,0,19626,0,0,0,3681423,56651,750000,0,0,3,202,700,0,0,0,0,0,0,0,entry:LeverageInitialMarginTooLow
6667,4,true,false,1,10,2,2500,100,false,6,4500000,0,0,6,2890746,495000,1114254,0,22100,0,0,226,4455694,0,0,0,0,3,453,700,0,0,0,0,0,0,0,entry:LeverageInitialMarginTooLow
6667,4,true,false,1,10,2,2500,100,true,6,4500000,0,0,6,2890746,495000,1114254,0,22100,0,0,226,4455694,0,0,0,0,3,453,700,0,0,0,0,0,0,0,entry:LeverageInitialMarginTooLow
6667,4,true,false,1,10,3,0,0,false,6,4500000,0,0,3,1819091,428900,2009,0,6911,0,0,0,2352401,1705282,2250000,0,0,41,453,700,0,0,0,0,0,0,0,entry:LeverageInitialMarginTooLow
6667,4,true,false,1,10,3,0,0,true,6,4500000,0,0,3,1819091,428900,2009,0,6911,0,0,0,2352401,1705282,2250000,0,0,41,453,700,0,0,0,0,0,0,0,entry:LeverageInitialMarginTooLow
6667,4,true,false,1,10,3,2500,100,false,6,4500000,0,0,3,1810823,433453,5724,0,6843,0,0,71,2352135,1626566,2250000,0,0,38,433,700,0,0,0,0,0,0,0,entry:LeverageInitialMarginTooLow
6667,4,true,false,1,10,3,2500,100,true,6,4500000,0,0,3,1810823,433453,5724,0,6843,0,0,71,2352135,1626566,2250000,0,0,38,433,700,0,0,0,0,0,0,0,entry:LeverageInitialMarginTooLow
6667,4,true,true,0,1,0,0,0,false,1,7500000,0,0,1,5440539,200000,1859461,0,19767,0,0,0,8172699,0,0,0,0,39,823,1290,0,0,0,0,0,0,0,
6667,4,true,true,0,1,0,0,0,true,1,7500000,0,0,1,5440539,200000,1859461,0,19767,0,0,0,8172699,0,0,0,0,39,823,1290,0,0,0,0,0,0,0,
6667,4,true,true,0,1,0,2500,100,false,1,7500000,0,0,1,5002500,198000,2299500,0,17932,0,0,182,8172286,0,0,0,0,35,822,1286,0,0,0,0,0,0,0,
6667,4,true,true,0,1,0,2500,100,true,1,7500000,0,0,1,5002500,198000,2299500,0,17932,0,0,182,8172286,0,0,0,0,35,822,1286,0,0,0,0,0,0,0,
6667,4,true,true,0,1,1,0,0,false,1,7500000,0,0,1,4370135,200000,2929865,0,19395,0,0,0,8082765,0,0,0,0,15,720,1290,0,0,0,0,0,0,0,
6667,4,true,true,0,1,1,0,0,true,1,7500000,0,0,1,4370135,200000,2929865,0,19395,0,0,0,8082765,0,0,0,0,15,720,1290,0,0,0,0,0,0,0,
6667,4,true,true,0,1,1,2500,100,false,1,7500000,0,0,1,4088312,198000,3213688,0,17193,0,0,174,8101322,0,0,0,0,14,742,1286,0,0,0,0,0,0,0,
6667,4,true,true,0,1,1,2500,100,true,1,7500000,0,0,1,4088312,198000,3213688,0,17193,0,0,174,8101322,0,0,0,0,14,742,1286,0,0,0,0,0,0,0,
6667,4,true,true,0,1,2,0,0,false,1,7500000,0,0,1,3777107,200000,3522893,0,34511,0,0,0,7593003,0,0,0,0,3,122,1290,0,0,0,0,0,0,0,
6667,4,true,true,0,1,2,0,0,true,1,7500000,0,0,1,3777107,200000,3522893,0,34511,0,0,0,7593003,0,0,0,0,3,122,1290,0,0,0,0,0,0,0,
6667,4,true,true,0,1,2,2500,100,false,1,7500000,0,0,1,3402257,198000,3899743,0,34022,0,0,344,7441902,0,0,0,0,3,0,1286,0,0,0,0,0,0,0,
6667,4,true,true,0,1,2,2500,100,true,1,7500000,0,0,1,3402257,198000,3899743,0,34022,0,0,344,7441902,0,0,0,0,3,0,1286,0,0,0,0,0,0,0,
6667,4,true,true,0,1,3,0,0,false,1,7500000,0,0,1,5429974,200000,1870026,0,19771,0,0,0,8172050,0,0,0,0,33,822,1290,0,0,0,0,0,0,0,
6667,4,true,true,0,1,3,0,0,true,1,7500000,0,0,1,5429974,200000,1870026,0,19771,0,0,0,8172050,0,0,0,0,33,822,1290,0,0,0,0,0,0,0,
6667,4,true,true,0,1,3,2500,100,false,1,7500000,0,0,1,4983556,198000,2318444,0,18599,0,0,188,8155342,0,0,0,0,30,803,1286,0,0,0,0,0,0,0,
6667,4,true,true,0,1,3,2500,100,true,1,7500000,0,0,1,4983556,198000,2318444,0,18599,0,0,188,8155342,0,0,0,0,30,803,1286,0,0,0,0,0,0,0,
6667,4,true,true,0,10,0,0,0,false,6,4500000,0,0,6,3633656,500000,366344,0,13281,0,0,0,4709836,0,0,0,0,36,465,700,0,0,0,0,0,0,0,entry:LeverageInitialMarginTooLow
6667,4,true,true,0,10,0,0,0,true,6,4500000,0,0,6,3633656,500000,366344,0,13281,0,0,0,4709836,0,0,0,0,36,465,700,0,0,0,0,0,0,0,entry:LeverageInitialMarginTooLow
6667,4,true,true,0,10,0,2500,100,false,6,4500000,0,0,6,3594566,494999,410435,0,13031,0,0,134,4709580,0,0,0,0,32,464,700,0,0,0,0,0,0,0,entry:LeverageInitialMarginTooLow
6667,4,true,true,0,10,0,2500,100,true,6,4500000,0,0,6,3594566,494999,410435,0,13031,0,0,134,4709580,0,0,0,0,32,464,700,0,0,0,0,0,0,0,entry:LeverageInitialMarginTooLow
6667,4,true,true,0,10,1,0,0,false,6,4500000,0,0,6,2797650,500000,1202350,0,14480,0,0,0,4658053,0,0,0,0,14,426,700,0,0,0,0,0,0,0,entry:LeverageInitialMarginTooLow
6667,4,true,true,0,10,1,0,0,true,6,4500000,0,0,6,2797650,500000,1202350,0,14480,0,0,0,4658053,0,0,0,0,14,426,700,0,0,0,0,0,0,0,entry:LeverageInitialMarginTooLow
6667,4,true,true,0,10,1,2500,100,false,6,4500000,0,0,6,2800796,495000,1204204,0,13340,0,0,138,4670478,0,0,0,0,13,440,700,0,0,0,0,0,0,0,entry:LeverageInitialMarginTooLow
6667,4,true,true,0,10,1,2500,100,true,6,4500000,0,0,6,2800796,495000,1204204,0,13340,0,0,138,4670478,0,0,0,0,13,440,700,0,0,0,0,0,0,0,entry:LeverageInitialMarginTooLow
6667,4,true,true,0,10,2,0,0,false,6,4500000,0,0,5,2245522,500000,1004478,0,21805,0,0,0,3595979,49475,750000,1,750000,3,143,700,0,0,1,750000,750000,127101,0,entry:LeverageInitialMarginTooLow
6667,4,true,true,0,10,2,0,0,true,6,4500000,0,0,5,2245522,500000,1004478,0,21805,0,0,0,3595979,49475,750000,1,750000,3,143,700,0,0,1,750000,750000,127101,0,entry:LeverageInitialMarginTooLow
6667,4,true,true,0,10,2,2500,100,false,6,4500000,0,0,6,2763973,495000,1241027,0,25949,0,0,267,4248977,0,0,0,0,3,0,700,0,0,0,0,0,0,0,entry:LeverageInitialMarginTooLow
6667,4,true,true,0,10,2,2500,100,true,6,4500000,0,0,6,2763973,495000,1241027,0,25949,0,0,267,4248977,0,0,0,0,3,0,700,0,0,0,0,0,0,0,entry:LeverageInitialMarginTooLow
6667,4,true,true,0,10,3,0,0,false,6,4500000,0,0,4,2416033,500000,83967,0,9283,0,0,0,3135585,1225286,1500000,0,0,31,435,700,0,0,0,0,0,0,0,entry:LeverageInitialMarginTooLow
6667,4,true,true,0,10,3,0,0,true,6,4500000,0,0,4,2416033,500000,83967,0,9283,0,0,0,3135585,1225286,1500000,0,0,31,435,700,0,0,0,0,0,0,0,entry:LeverageInitialMarginTooLow
6667,4,true,true,0,10,3,2500,100,false,6,4500000,0,0,4,2393973,494999,111028,0,8796,0,0,92,3138500,1171054,1500000,0,0,28,416,700,0,0,0,0,0,0,0,entry:LeverageInitialMarginTooLow
6667,4,true,true,0,10,3,2500,100,true,6,4500000,0,0,4,2393973,494999,111028,0,8796,0,0,92,3138500,1171054,1500000,0,0,28,416,700,0,0,0,0,0,0,0,entry:LeverageInitialMarginTooLow
6667,4,true,true,1,1,0,0,0,false,1,7500000,0,0,1,5440539,200000,1859461,0,19767,0,0,0,8172699,0,0,0,0,39,823,1290,0,0,0,0,0,0,0,
6667,4,true,true,1,1,0,0,0,true,1,7500000,0,0,1,5440539,200000,1859461,0,19767,0,0,0,8172699,0,0,0,0,39,823,1290,0,0,0,0,0,0,0,
6667,4,true,true,1,1,0,2500,100,false,1,7500000,0,0,1,5002500,198000,2299500,0,17932,0,0,182,8172286,0,0,0,0,35,822,1286,0,0,0,0,0,0,0,
6667,4,true,true,1,1,0,2500,100,true,1,7500000,0,0,1,5002500,198000,2299500,0,17932,0,0,182,8172286,0,0,0,0,35,822,1286,0,0,0,0,0,0,0,
6667,4,true,true,1,1,1,0,0,false,1,7500000,0,0,1,4370135,200000,2929865,0,19395,0,0,0,8082765,0,0,0,0,15,720,1290,0,0,0,0,0,0,0,
6667,4,true,true,1,1,1,0,0,true,1,7500000,0,0,1,4370135,200000,2929865,0,19395,0,0,0,8082765,0,0,0,0,15,720,1290,0,0,0,0,0,0,0,
6667,4,true,true,1,1,1,2500,100,false,1,7500000,0,0,1,4088312,198000,3213688,0,17193,0,0,174,8101322,0,0,0,0,14,742,1286,0,0,0,0,0,0,0,
6667,4,true,true,1,1,1,2500,100,true,1,7500000,0,0,1,4088312,198000,3213688,0,17193,0,0,174,8101322,0,0,0,0,14,742,1286,0,0,0,0,0,0,0,
6667,4,true,true,1,1,2,0,0,false,1,7500000,0,0,1,3777107,200000,3522893,0,34511,0,0,0,7593003,0,0,0,0,3,122,1290,0,0,0,0,0,0,0,
6667,4,true,true,1,1,2,0,0,true,1,7500000,0,0,1,3777107,200000,3522893,0,34511,0,0,0,7593003,0,0,0,0,3,122,1290,0,0,0,0,0,0,0,
6667,4,true,true,1,1,2,2500,100,false,1,7500000,0,0,1,3402257,198000,3899743,0,34022,0,0,344,7441902,0,0,0,0,3,0,1286,0,0,0,0,0,0,0,
6667,4,true,true,1,1,2,2500,100,true,1,7500000,0,0,1,3402257,198000,3899743,0,34022,0,0,344,7441902,0,0,0,0,3,0,1286,0,0,0,0,0,0,0,
6667,4,true,true,1,1,3,0,0,false,1,7500000,0,0,1,5429974,200000,1870026,0,19771,0,0,0,8172050,0,0,0,0,33,822,1290,0,0,0,0,0,0,0,
6667,4,true,true,1,1,3,0,0,true,1,7500000,0,0,1,5429974,200000,1870026,0,19771,0,0,0,8172050,0,0,0,0,33,822,1290,0,0,0,0,0,0,0,
6667,4,true,true,1,1,3,2500,100,false,1,7500000,0,0,1,4983556,198000,2318444,0,18599,0,0,188,8155342,0,0,0,0,30,803,1286,0,0,0,0,0,0,0,
6667,4,true,true,1,1,3,2500,100,true,1,7500000,0,0,1,4983556,198000,2318444,0,18599,0,0,188,8155342,0,0,0,0,30,803,1286,0,0,0,0,0,0,0,
6667,4,true,true,1,10,0,0,0,false,6,4500000,0,0,6,3633656,500000,366344,0,13281,0,0,0,4709838,0,0,0,0,36,465,700,0,0,0,0,0,0,0,entry:LeverageInitialMarginTooLow
6667,4,true,true,1,10,0,0,0,true,6,4500000,0,0,6,3633656,500000,366344,0,13281,0,0,0,4709838,0,0,0,0,36,465,700,0,0,0,0,0,0,0,entry:LeverageInitialMarginTooLow
6667,4,true,true,1,10,0,2500,100,false,6,4500000,0,0,6,3594566,494999,410435,0,13031,0,0,134,4709580,0,0,0,0,32,464,700,0,0,0,0,0,0,0,entry:LeverageInitialMarginTooLow
6667,4,true,true,1,10,0,2500,100,true,6,4500000,0,0,6,3594566,494999,410435,0,13031,0,0,134,4709580,0,0,0,0,32,464,700,0,0,0,0,0,0,0,entry:LeverageInitialMarginTooLow
6667,4,true,true,1,10,1,0,0,false,6,4500000,0,0,6,2797650,500000,1202350,0,14480,0,0,0,4658053,0,0,0,0,14,426,700,0,0,0,0,0,0,0,entry:LeverageInitialMarginTooLow
6667,4,true,true,1,10,1,0,0,true,6,4500000,0,0,6,2797650,500000,1202350,0,14480,0,0,0,4658053,0,0,0,0,14,426,700,0,0,0,0,0,0,0,entry:LeverageInitialMarginTooLow
6667,4,true,true,1,10,1,2500,100,false,6,4500000,0,0,6,2800797,495000,1204203,0,13340,0,0,138,4670479,0,0,0,0,13,440,700,0,0,0,0,0,0,0,entry:LeverageInitialMarginTooLow
6667,4,true,true,1,10,1,2500,100,true,6,4500000,0,0,6,2800797,495000,1204203,0,13340,0,0,138,4670479,0,0,0,0,13,440,700,0,0,0,0,0,0,0,entry:LeverageInitialMarginTooLow
6667,4,true,true,1,10,2,0,0,false,6,4500000,0,0,5,2245522,500000,1004478,0,21805,0,0,0,3595979,49475,750000,1,750000,3,143,700,0,0,1,750000,750000,127101,0,entry:LeverageInitialMarginTooLow
6667,4,true,true,1,10,2,0,0,true,6,4500000,0,0,5,2245522,500000,1004478,0,21805,0,0,0,3595979,49475,750000,1,750000,3,143,700,0,0,1,750000,750000,127101,0,entry:LeverageInitialMarginTooLow
6667,4,true,true,1,10,2,2500,100,false,6,4500000,0,0,6,2763973,495000,1241027,0,25949,0,0,267,4248977,0,0,0,0,3,0,700,0,0,0,0,0,0,0,entry:LeverageInitialMarginTooLow
6667,4,true,true,1,10,2,2500,100,true,6,4500000,0,0,6,2763973,495000,1241027,0,25949,0,0,267,4248977,0,0,0,0,3,0,700,0,0,0,0,0,0,0,entry:LeverageInitialMarginTooLow
6667,4,true,true,1,10,3,0,0,false,6,4500000,0,0,4,2416033,500000,83967,0,9283,0,0,0,3135585,1225287,1500000,0,0,31,435,700,0,0,0,0,0,0,0,entry:LeverageInitialMarginTooLow
6667,4,true,true,1,10,3,0,0,true,6,4500000,0,0,4,2416033,500000,83967,0,9283,0,0,0,3135585,1225287,1500000,0,0,31,435,700,0,0,0,0,0,0,0,entry:LeverageInitialMarginTooLow
6667,4,true,true,1,10,3,2500,100,false,6,4500000,0,0,4,2393973,494999,111028,0,8796,0,0,92,3138500,1171053,1500000,0,0,28,416,700,0,0,0,0,0,0,0,entry:LeverageInitialMarginTooLow
6667,4,true,true,1,10,3,2500,100,true,6,4500000,0,0,4,2393973,494999,111028,0,8796,0,0,92,3138500,1171053,1500000,0,0,28,416,700,0,0,0,0,0,0,0,entry:LeverageInitialMarginTooLow
6667,10,false,false,0,1,0,0,0,false,1,7500000,13,0,0,7498924,0,0,0,0,15020,122960,0,7716101,301,1076,0,0,0,0,0,0,0,0,0,0,0,0,
6667,10,false,false,0,1,0,0,0,true,1,7500000,2,0,1,6693505,200130,606365,0,21796,650,216,0,8246876,0,0,0,0,100,935,1419,1,0,0,0,0,0,0,
6667,10,false,false,0,1,0,2500,100,false,1,7500000,3,0,1,6300106,198306,1001588,0,19489,1550,1465,230,8184380,0,0,0,0,97,901,1398,0,0,0,0,0,0,0,
6667,10,false,false,0,1,0,2500,100,true,1,7500000,2,0,1,6298397,198125,1003478,0,23262,639,296,246,8184381,0,0,0,0,97,862,1417,1,0,0,0,0,0,0,
6667,10,false,false,0,1,1,0,0,false,1,7500000,0,0,1,5027369,200000,2272631,0,20742,0,0,0,8191163,0,0,0,0,27,843,1431,0,0,0,0,0,0,0,
6667,10,false,false,0,1,1,0,0,true,1,7500000,0,0,1,5027369,200000,2272631,0,20742,0,0,0,8191163,0,0,0,0,27,843,1431,0,0,0,0,0,0,0,
6667,10,false,false,0,1,1,2500,100,false,1,7500000,0,0,1,4810328,198000,2491672,0,17235,0,0,175,8253754,0,0,0,0,26,913,1428,0,0,0,0,0,0,0,
6667,10,false,false,0,1,1,2500,100,true,1,7500000,0,0,1,4810328,198000,2491672,0,17235,0,0,175,8253754,0,0,0,0,26,913,1428,0,0,0,0,0,0,0,
6667,10,false,false,0,1,2,0,0,false,1,7500000,0,0,1,5998801,200000,1301199,0,24539,0,0,0,8195634,0,0,0,0,5,848,1431,0,0,0,0,0,0,0,
6667,10,false,false,0,1,2,0,0,true,1,7500000,0,0,1,5998801,200000,1301199,0,24539,0,0,0,8195634,0,0,0,0,5,848,1431,0,0,0,0,0,0,0,
6667,10,false,false,0,1,2,2500,100,false,1,7500000,0,0,1,5552739,198000,1749261,0,29646,0,0,300,8032541,0,0,0,0,5,662,1428,0,0,0,0,0,0,0,
6667,10,false,false,0,1,2,2500,100,true,1,7500000,0,0,1,5552739,198000,1749261,0,29646,0,0,300,8032541,0,0,0,0,5,662,1428,0,0,0,0,0,0,0,
6667,10,false,false,0,1,3,0,0,false,1,7500000,0,0,0,0,0,0,0,0,0,0,0,0,6015922,7500000,0,0,0,0,0,0,0,0,0,0,0,0,
6667,10,false,false,0,1,3,0,0,true,1,7500000,0,0,0,0,0,0,0,0,0,0,0,0,6015922,7500000,0,0,0,0,0,0,0,0,0,0,0,0,
6667,10,false,false,0,1,3,2500,100,false,1,7500000,0,0,0,0,0,0,0,0,0,0,0,0,5746953,7500000,0,0,0,0,0,0,0,0,0,0,0,0,
6667,10,false,false,0,1,3,2500,100,true,1,7500000,0,0,0,0,0,0,0,0,0,0,0,0,5746953,7500000,0,0,0,0,0,0,0,0,0,0,0,0,
6667,10,false,false,0,10,0,0,0,false,10,7500000,39,2,6,7484196,12306,0,6314,3594,13734,47547,0,7661293,244,3498,1,3479,80,441,700,0,0,1,3479,3479,0,0,
6667,10,false,false,0,10,0,0,0,true,10,7500000,21,0,9,7492113,7550,0,87081,14693,13219,32705,0,7734652,760,337,0,0,80,441,700,5,0,0,0,0,0,0,
6667,10,false,false,0,10,0,2500,100,false,10,7500000,32,2,6,7450891,44946,0,2100,5747,10909,84588,1081,7666093,229,4163,1,2194,76,465,700,0,0,0,0,2194,0,0,
6667,10,false,false,0,10,0,2500,100,true,10,7500000,15,0,10,7442535,57465,0,113612,25700,11719,7873,1633,7705446,0,0,0,0,76,465,700,4,0,0,0,0,0,0,
6667,10,false,false,0,10,1,0,0,false,10,7500000,0,0,10,5560748,500000,1439252,0,31427,0,0,0,7736413,0,0,0,0,21,346,700,0,0,0,0,0,0,0,
6667,10,false,false,0,10,1,0,0,true,10,7500000,0,0,10,5560748,500000,1439252,0,31427,0,0,0,7736413,0,0,0,0,21,346,700,0,0,0,0,0,0,0,
6667,10,false,false,0,10,1,2500,100,false,10,7500000,0,0,10,5513682,494999,1491319,0,31685,0,0,324,7726665,0,0,0,0,20,400,700,0,0,0,0,0,0,0,
6667,10,false,false,0,10,1,2500,100,true,10,7500000,0,0,10,5513682,494999,1491319,0,31685,0,0,324,7726665,0,0,0,0,20,400,700,0,0,0,0,0,0,0,
6667,10,false,false,0,10,2,0,0,false,10,7500000,3,2,8,6860514,500485,139001,0,35625,970,67872,0,7594091,0,0,0,0,4,222,700,0,0,0,0,0,0,0,
6667,10,false,false,0,10,2,0,0,true,10,7500000,2,0,10,6874416,501120,124464,40984,46451,2241,1543,0,7594064,0,0,0,0,4,222,700,1,0,0,0,0,0,0,
6667,10,false,false,0,10,2,2500,100,false,10,7500000,1,1,9,6305327,495552,699121,0,47203,1120,53312,1033,7459131,0,0,0,0,4,23,700,0,0,0,0,0,0,0,
6667,10,false,false,0,10,2,2500,100,true,10,7500000,0,0,10,6272585,495732,731683,20753,49853,1485,0,733,7488949,0,0,0,0,4,23,700,1,0,0,0,0,0,0,
6667,10,false,false,0,10,3,0,0,false,10,7500000,3,0,0,601869,0,0,0,0,1205,581,0,614866,5758475,6898131,0,0,0,0,0,0,0,0,0,0,0,0,
6667,10,false,false,0,10,3,0,0,true,10,7500000,1,0,1,750000,0,0,7014,2273,1500,71,0,781462,5675692,6750000,0,0,58,444,700,1,0,0,0,0,0,0,
6667,10,false,false,0,10,3,2500,100,false,10,7500000,5,0,0,988007,0,0,0,0,1957,3269,55,1009444,5328515,6511993,0,0,0,0,0,0,0,0,0,0,0,0,
6667,10,false,false,0,10,3,2500,100,true,10,7500000,1,0,1,1031864,0,0,0,2567,1301,55,41,1072409,5301910,6468136,0,0,54,459,700,1,0,0,0,0,0,0,
6667,10,false,false,1,1,0,0,0,false,1,7500000,13,0,0,7498924,0,0,0,0,15020,122960,0,7716101,301,1076,0,0,0,0,0,0,0,0,0,0,0,0,
6667,10,false,false,1,1,0,0,0,true,1,7500000,2,0,1,6693505,200130,606365,0,21796,650,216,0,8246876,0,0,0,0,100,935,1419,1,0,0,0,0,0,0,
6667,10,false,false,1,1,0,2500,100,false,1,7500000,3,0,1,6300106,198306,1001588,0,19489,1550,1465,230,8184380,0,0,0,0,97,901,1398,0,0,0,0,0,0,0,
6667,10,false,false,1,1,0,2500,100,true,1,7500000,2,0,1,6298397,198125,1003478,0,23262,639,296,246,8184381,0,0,0,0,97,862,1417,1,0,0,0,0,0,0,
6667,10,false,false,1,1,1,0,0,false,1,7500000,0,0,1,5027369,200000,2272631,0,20742,0,0,0,8191163,0,0,0,0,27,843,1431,0,0,0,0,0,0,0,
6667,10,false,false,1,1,1,0,0,true,1,7500000,0,0,1,5027369,200000,2272631,0,20742,0,0,0,8191163,0,0,0,0,27,843,1431,0,0,0,0,0,0,0,
6667,10,false,false,1,1,1,2500,100,false,1,7500000,0,0,1,4810328,198000,2491672,0,17235,0,0,175,8253754,0,0,0,0,26,913,1428,0,0,0,0,0,0,0,
6667,10,false,false,1,1,1,2500,100,true,1,7500000,0,0,1,4810328,198000,2491672,0,17235,0,0,175,8253754,0,0,0,0,26,913,1428,0,0,0,0,0,0,0,
6667,10,false,false,1,1,2,0,0,false,1,7500000,0,0,1,5998801,200000,1301199,0,24539,0,0,0,8195634,0,0,0,0,5,848,1431,0,0,0,0,0,0,0,
6667,10,false,false,1,1,2,0,0,true,1,7500000,0,0,1,5998801,200000,1301199,0,24539,0,0,0,8195634,0,0,0,0,5,848,1431,0,0,0,0,0,0,0,
6667,10,false,false,1,1,2,2500,100,false,1,7500000,0,0,1,5552739,198000,1749261,0,29646,0,0,300,8032541,0,0,0,0,5,662,1428,0,0,0,0,0,0,0,
6667,10,false,false,1,1,2,2500,100,true,1,7500000,0,0,1,5552739,198000,1749261,0,29646,0,0,300,8032541,0,0,0,0,5,662,1428,0,0,0,0,0,0,0,
6667,10,false,false,1,1,3,0,0,false,1,7500000,0,0,0,0,0,0,0,0,0,0,0,0,6015921,7500000,0,0,0,0,0,0,0,0,0,0,0,0,
6667,10,false,false,1,1,3,0,0,true,1,7500000,0,0,0,0,0,0,0,0,0,0,0,0,6015921,7500000,0,0,0,0,0,0,0,0,0,0,0,0,
6667,10,false,false,1,1,3,2500,100,false,1,7500000,0,0,0,0,0,0,0,0,0,0,0,0,5746954,7500000,0,0,0,0,0,0,0,0,0,0,0,0,
6667,10,false,false,1,1,3,2500,100,true,1,7500000,0,0,0,0,0,0,0,0,0,0,0,0,5746954,7500000,0,0,0,0,0,0,0,0,0,0,0,0,
6667,10,false,false,1,10,0,0,0,false,10,7500000,39,2,6,7484196,12306,0,6314,3594,13734,47547,0,7661293,244,3498,1,3479,80,441,700,0,0,1,3479,3479,0,0,
6667,10,false,false,1,10,0,0,0,true,10,7500000,21,0,9,7492113,7550,0,87081,14693,13219,32705,0,7734652,760,337,0,0,80,441,700,5,0,0,0,0,0,0,
6667,10,false,false,1,10,0,2500,100,false,10,7500000,32,2,6,7450891,44946,0,2100,5747,10909,84588,1081,7666093,229,4163,1,2194,76,465,700,0,0,0,0,2194,0,0,
6667,10,false,false,1,10,0,2500,100,true,10,7500000,15,0,10,7442535,57465,0,113612,25700,11719,7873,1633,7705446,0,0,0,0,76,465,700,4,0,0,0,0,0,0,
6667,10,false,false,1,10,1,0,0,false,10,7500000,0,0,10,5560748,500000,1439252,0,31427,0,0,0,7736413,0,0,0,0,21,346,700,0,0,0,0,0,0,0,
6667,10,false,false,1,10,1,0,0,true,10,7500000,0,0,10,5560748,500000,1439252,0,31427,0,0,0,7736413,0,0,0,0,21,346,700,0,0,0,0,0,0,0,
6667,10,false,false,1,10,1,2500,100,false,10,7500000,0,0,10,5513682,494999,1491319,0,31685,0,0,324,7726665,0,0,0,0,20,400,700,0,0,0,0,0,0,0,
6667,10,false,false,1,10,1,2500,100,true,10,7500000,0,0,10,5513682,494999,1491319,0,31685,0,0,324,7726665,0,0,0,0,20,400,700,0,0,0,0,0,0,0,
6667,10,false,false,1,10,2,0,0,false,10,7500000,3,2,8,6860514,500485,139001,0,35625,970,67872,0,7594091,0,0,0,0,4,222,700,0,0,0,0,0,0,0,
6667,10,false,false,1,10,2,0,0,true,10,7500000,2,0,10,6874416,501120,124464,40984,46451,2241,1543,0,7594064,0,0,0,0,4,222,700,1,0,0,0,0,0,0,
6667,10,false,false,1,10,2,2500,100,false,10,7500000,1,1,9,6305327,495552,699121,0,47203,1120,53312,1033,7459131,0,0,0,0,4,23,700,0,0,0,0,0,0,0,
6667,10,false,false,1,10,2,2500,100,true,10,7500000,0,0,10,6272585,495732,731683,20753,49853,1485,0,733,7488949,0,0,0,0,4,23,700,1,0,0,0,0,0,0,
6667,10,false,false,1,10,3,0,0,false,10,7500000,3,0,0,601869,0,0,0,0,1205,581,0,614866,5758485,6898131,0,0,0,0,0,0,0,0,0,0,0,0,
6667,10,false,false,1,10,3,0,0,true,10,7500000,1,0,1,750000,0,0,7014,2273,1500,71,0,781462,5675701,6750000,0,0,58,444,700,1,0,0,0,0,0,0,
6667,10,false,false,1,10,3,2500,100,false,10,7500000,5,0,0,988007,0,0,0,0,1957,3269,55,1009444,5328525,6511993,0,0,0,0,0,0,0,0,0,0,0,0,
6667,10,false,false,1,10,3,2500,100,true,10,7500000,1,0,1,1031864,0,0,0,2567,1301,55,41,1072409,5301919,6468136,0,0,54,459,700,1,0,0,0,0,0,0,
6667,10,false,true,0,1,0,0,0,false,1,7500000,3,0,1,6412372,200313,887315,0,19266,1568,1468,0,8188985,0,0,0,0,90,908,1378,0,0,0,0,0,0,0,
6667,10,false,true,0,1,0,0,0,true,1,7500000,2,0,1,6410535,200129,889336,0,23184,646,309,0,8188985,0,0,0,0,90,867,1397,1,0,0,0,0,0,0,
6667,10,false,true,0,1,0,2500,100,false,1,7500000,2,0,1,5590527,198094,1711379,0,18667,475,722,204,8229809,0,0,0,0,86,907,1398,0,0,0,0,0,0,0,
6667,10,false,true,0,1,0,2500,100,true,1,7500000,1,0,1,5590205,198031,1711764,0,19921,161,102,206,8229811,0,0,0,0,86,893,1404,1,0,0,0,0,0,0,
6667,10,false,true,0,1,1,0,0,false,1,7500000,0,0,1,4870695,200000,2429305,0,19679,0,0,0,8189587,0,0,0,0,25,842,1409,0,0,0,0,0,0,0,
6667,10,false,true,0,1,1,0,0,true,1,7500000,0,0,1,4870695,200000,2429305,0,19679,0,0,0,8189587,0,0,0,0,25,842,1409,0,0,0,0,0,0,0,
6667,10,false,true,0,1,1,2500,100,false,1,7500000,0,0,1,4392219,198000,2909781,0,15538,0,0,157,8247875,0,0,0,0,24,906,1407,0,0,0,0,0,0,0,
6667,10,false,true,0,1,1,2500,100,true,1,7500000,0,0,1,4392219,198000,2909781,0,15538,0,0,157,8247875,0,0,0,0,24,906,1407,0,0,0,0,0,0,0,
6667,10,false,true,0,1,2,0,0,false,1,7500000,0,0,1,5467661,200000,1832339,0,42312,0,0,0,7754250,0,0,0,0,5,327,1409,0,0,0,0,0,0,0,
6667,10,false,true,0,1,2,0,0,true,1,7500000,0,0,1,5467661,200000,1832339,0,42312,0,0,0,7754250,0,0,0,0,5,327,1409,0,0,0,0,0,0,0,
6667,10,false,true,0,1,2,2500,100,false,1,7500000,0,0,1,4734451,198000,2567549,0,42895,0,0,434,7599940,0,0,0,0,5,131,1407,0,0,0,0,0,0,0,
6667,10,false,true,0,1,2,2500,100,true,1,7500000,0,0,1,4734451,198000,2567549,0,42895,0,0,434,7599940,0,0,0,0,5,131,1407,0,0,0,0,0,0,0,
6667,10,false,true,0,1,3,0,0,false,1,7500000,0,0,0,0,0,0,0,0,0,0,0,0,5286717,7500000,0,0,0,0,0,0,0,0,0,0,0,0,
6667,10,false,true,0,1,3,0,0,true,1,7500000,0,0,0,0,0,0,0,0,0,0,0,0,5286717,7500000,0,0,0,0,0,0,0,0,0,0,0,0,
6667,10,false,true,0,1,3,2500,100,false,1,7500000,0,0,0,0,0,0,0,0,0,0,0,0,5032260,7500000,0,0,0,0,0,0,0,0,0,0,0,0,
6667,10,false,true,0,1,3,2500,100,true,1,7500000,0,0,0,0,0,0,0,0,0,0,0,0,5032260,7500000,0,0,0,0,0,0,0,0,0,0,0,0,
6667,10,false,true,0,10,0,0,0,false,10,7500000,44,4,6,7494723,5277,0,3753,4759,13253,46877,0,7674178,0,0,0,0,55,440,700,0,0,0,0,0,0,0,
6667,10,false,true,0,10,0,0,0,true,10,7500000,43,0,9,7499093,0,0,25942,8357,14994,18622,0,7662204,155,907,0,0,55,440,700,7,0,0,0,0,0,0,
6667,10,false,true,0,10,0,2500,100,false,9,6750000,23,3,6,6627128,122872,0,123,11612,7907,92544,1161,6889520,0,0,0,0,67,328,700,0,0,0,0,0,0,0,entry:LeverageInitialMarginTooLow
6667,10,false,true,0,10,0,2500,100,true,9,6750000,8,0,9,6603646,146354,0,40592,29612,4039,5869,821,6952462,0,0,0,0,52,426,700,5,0,0,0,0,0,0,entry:LeverageInitialMarginTooLow
6667,10,false,true,0,10,1,0,0,false,10,7500000,0,0,10,5644929,500000,1355071,0,30884,0,0,0,7745263,0,0,0,0,15,463,700,0,0,0,0,0,0,0,
6667,10,false,true,0,10,1,0,0,true,10,7500000,0,0,10,5644929,500000,1355071,0,30884,0,0,0,7745263,0,0,0,0,15,463,700,0,0,0,0,0,0,0,
6667,10,false,true,0,10,1,2500,100,false,9,6750000,0,0,9,4948149,494998,1306853,0,30219,0,0,310,6936641,0,0,0,0,18,257,700,0,0,0,0,0,0,0,entry:LeverageInitialMarginTooLow
6667,10,false,true,0,10,1,2500,100,true,9,6750000,0,0,9,4948149,494998,1306853,0,30219,0,0,310,6936641,0,0,0,0,18,257,700,0,0,0,0,0,0,0,entry:LeverageInitialMarginTooLow
6667,10,false,true,0,10,2,0,0,false,10,7500000,2,2,8,6397115,501119,601766,0,39577,2239,81311,0,7449396,0,0,0,0,3,0,700,0,0,0,0,0,0,0,
6667,10,false,true,0,10,2,0,0,true,10,7500000,0,0,10,6355813,500750,643437,37294,45821,1500,0,0,7481504,0,0,0,0,3,0,700,2,0,0,0,0,0,0,
6667,10,false,true,0,10,2,2500,100,false,9,6750000,1,1,8,5491958,495065,762977,0,43613,136,60607,1061,6582451,0,0,0,0,3,341,700,0,0,0,0,0,0,0,entry:LeverageInitialMarginTooLow
6667,10,false,true,0,10,2,2500,100,true,9,6750000,0,0,9,5606632,495732,647636,2442,47876,1485,0,529,6566855,0,0,0,0,3,341,700,1,0,0,0,0,0,0,entry:LeverageInitialMarginTooLow
6667,10,false,true,0,10,3,0,0,false,10,7500000,12,1,0,2094518,24,0,0,0,4183,4927,0,2143820,4553629,5405458,0,0,0,0,0,0,0,0,0,0,0,0,
6667,10,false,true,0,10,3,0,0,true,10,7500000,2,0,3,2250000,0,0,7029,7605,4498,110,0,2350802,4464306,5250000,0,0,35,453,700,3,0,0,0,0,0,0,
6667,10,false,true,0,10,3,2500,100,false,9,6750000,6,1,0,1495679,95,0,0,0,2955,5255,88,1539886,4273321,5254226,0,0,0,0,0,0,0,0,0,0,0,0,entry:LeverageInitialMarginTooLow
6667,10,false,true,0,10,3,2500,100,true,9,6750000,4,0,2,1830736,6670,0,0,4747,1576,5679,128,1895695,4109263,4912594,0,0,44,402,700,2,0,0,0,0,0,0,entry:LeverageInitialMarginTooLow
6667,10,false,true,1,1,0,0,0,false,1,7500000,3,0,1,6412372,200313,887315,0,19266,1568,1468,0,8188985,0,0,0,0,90,908,1378,0,0,0,0,0,0,0,
6667,10,false,true,1,1,0,0,0,true,1,7500000,2,0,1,6410535,200129,889336,0,23184,646,309,0,8188985,0,0,0,0,90,867,1397,1,0,0,0,0,0,0,
6667,10,false,true,1,1,0,2500,100,false,1,7500000,2,0,1,5590527,198094,1711379,0,18667,475,722,204,8229809,0,0,0,0,86,907,1398,0,0,0,0,0,0,0,
6667,10,false,true,1,1,0,2500,100,true,1,7500000,1,0,1,5590205,198031,1711764,0,19921,161,102,206,8229811,0,0,0,0,86,893,1404,1,0,0,0,0,0,0,
6667,10,false,true,1,1,1,0,0,false,1,7500000,0,0,1,4870695,200000,2429305,0,19679,0,0,0,8189587,0,0,0,0,25,842,1409,0,0,0,0,0,0,0,
6667,10,false,true,1,1,1,0,0,true,1,7500000,0,0,1,4870695,200000,2429305,0,19679,0,0,0,8189587,0,0,0,0,25,842,1409,0,0,0,0,0,0,0,
6667,10,false,true,1,1,1,2500,100,false,1,7500000,0,0,1,4392219,198000,2909781,0,15538,0,0,157,8247875,0,0,0,0,24,906,1407,0,0,0,0,0,0,0,
6667,10,false,true,1,1,1,2500,100,true,1,7500000,0,0,1,4392219,198000,2909781,0,15538,0,0,157,8247875,0,0,0,0,24,906,1407,0,0,0,0,0,0,0,
6667,10,false,true,1,1,2,0,0,false,1,7500000,0,0,1,5467661,200000,1832339,0,42312,0,0,0,7754251,0,0,0,0,5,327,1409,0,0,0,0,0,0,0,
6667,10,false,true,1,1,2,0,0,true,1,7500000,0,0,1,5467661,200000,1832339,0,42312,0,0,0,7754251,0,0,0,0,5,327,1409,0,0,0,0,0,0,0,
6667,10,false,true,1,1,2,2500,100,false,1,7500000,0,0,1,4734450,198000,2567550,0,42895,0,0,434,7599940,0,0,0,0,5,131,1407,0,0,0,0,0,0,0,
6667,10,false,true,1,1,2,2500,100,true,1,7500000,0,0,1,4734450,198000,2567550,0,42895,0,0,434,7599940,0,0,0,0,5,131,1407,0,0,0,0,0,0,0,
6667,10,false,true,1,1,3,0,0,false,1,7500000,0,0,0,0,0,0,0,0,0,0,0,0,5286718,7500000,0,0,0,0,0,0,0,0,0,0,0,0,
6667,10,false,true,1,1,3,0,0,true,1,7500000,0,0,0,0,0,0,0,0,0,0,0,0,5286718,7500000,0,0,0,0,0,0,0,0,0,0,0,0,
6667,10,false,true,1,1,3,2500,100,false,1,7500000,0,0,0,0,0,0,0,0,0,0,0,0,5032261,7500000,0,0,0,0,0,0,0,0,0,0,0,0,
6667,10,false,true,1,1,3,2500,100,true,1,7500000,0,0,0,0,0,0,0,0,0,0,0,0,5032261,7500000,0,0,0,0,0,0,0,0,0,0,0,0,
6667,10,false,true,1,10,0,0,0,false,10,7500000,44,4,6,7494723,5277,0,3754,4759,13253,46876,0,7674179,0,0,0,0,55,440,700,0,0,0,0,0,0,0,
6667,10,false,true,1,10,0,0,0,true,10,7500000,43,0,9,7499093,0,0,25943,8357,14994,18622,0,7662204,155,907,0,0,55,440,700,7,0,0,0,0,0,0,
6667,10,false,true,1,10,0,2500,100,false,9,6750000,23,3,6,6627128,122872,0,123,11612,7907,92544,1161,6889520,0,0,0,0,67,328,700,0,0,0,0,0,0,0,entry:LeverageInitialMarginTooLow
6667,10,false,true,1,10,0,2500,100,true,9,6750000,8,0,9,6603646,146354,0,40592,29612,4039,5869,821,6952462,0,0,0,0,52,426,700,5,0,0,0,0,0,0,entry:LeverageInitialMarginTooLow
6667,10,false,true,1,10,1,0,0,false,10,7500000,0,0,10,5644929,500000,1355071,0,30884,0,0,0,7745263,0,0,0,0,15,463,700,0,0,0,0,0,0,0,
6667,10,false,true,1,10,1,0,0,true,10,7500000,0,0,10,5644929,500000,1355071,0,30884,0,0,0,7745263,0,0,0,0,15,463,700,0,0,0,0,0,0,0,
6667,10,false,true,1,10,1,2500,100,false,9,6750000,0,0,9,4948149,494998,1306853,0,30219,0,0,310,6936641,0,0,0,0,18,257,700,0,0,0,0,0,0,0,entry:LeverageInitialMarginTooLow
6667,10,false,true,1,10,1,2500,100,true,9,6750000,0,0,9,4948149,494998,1306853,0,30219,0,0,310,6936641,0,0,0,0,18,257,700,0,0,0,0,0,0,0,entry:LeverageInitialMarginTooLow
6667,10,false,true,1,10,2,0,0,false,10,7500000,2,2,8,6397115,501119,601766,0,39577,2239,81311,0,7449396,0,0,0,0,3,0,700,0,0,0,0,0,0,0,
6667,10,false,true,1,10,2,0,0,true,10,7500000,0,0,10,6355813,500750,643437,37294,45821,1500,0,0,7481504,0,0,0,0,3,0,700,2,0,0,0,0,0,0,
6667,10,false,true,1,10,2,2500,100,false,9,6750000,1,1,8,5491958,495065,762977,0,43613,136,60607,1061,6582451,0,0,0,0,3,341,700,0,0,0,0,0,0,0,entry:LeverageInitialMarginTooLow
6667,10,false,true,1,10,2,2500,100,true,9,6750000,0,0,9,5606632,495732,647636,2442,47876,1485,0,529,6566855,0,0,0,0,3,341,700,1,0,0,0,0,0,0,entry:LeverageInitialMarginTooLow
6667,10,false,true,1,10,3,0,0,false,10,7500000,12,1,0,2094518,24,0,0,0,4183,4927,0,2143820,4553638,5405458,0,0,0,0,0,0,0,0,0,0,0,0,
6667,10,false,true,1,10,3,0,0,true,10,7500000,2,0,3,2250000,0,0,7029,7605,4498,110,0,2350802,4464313,5250000,0,0,35,453,700,3,0,0,0,0,0,0,
6667,10,false,true,1,10,3,2500,100,false,9,6750000,6,1,0,1495679,95,0,0,0,2955,5255,88,1539886,4273329,5254226,0,0,0,0,0,0,0,0,0,0,0,0,entry:LeverageInitialMarginTooLow
6667,10,false,true,1,10,3,2500,100,true,9,6750000,4,0,2,1830736,6670,0,0,4747,1576,5679,128,1895695,4109270,4912594,0,0,44,402,700,2,0,0,0,0,0,0,entry:LeverageInitialMarginTooLow
6667,10,true,false,0,1,0,0,0,false,1,7500000,0,0,1,5508443,200000,1791557,0,19977,0,0,0,8211974,0,0,0,0,66,866,1356,0,0,0,0,0,0,0,
6667,10,true,false,0,1,0,0,0,true,1,7500000,0,0,1,5508443,200000,1791557,0,19977,0,0,0,8211974,0,0,0,0,66,866,1356,0,0,0,0,0,0,0,
6667,10,true,false,0,1,0,2500,100,false,1,7500000,0,0,1,5260422,198000,2041578,0,18811,0,0,191,8211558,0,0,0,0,62,866,1353,0,0,0,0,0,0,0,
6667,10,true,false,0,1,0,2500,100,true,1,7500000,0,0,1,5260422,198000,2041578,0,18811,0,0,191,8211558,0,0,0,0,62,866,1353,0,0,0,0,0,0,0,
6667,10,true,false,0,1,1,0,0,false,1,7500000,0,0,1,4362625,200000,2937375,0,15044,0,0,0,8232845,0,0,0,0,20,890,1356,0,0,0,0,0,0,0,
6667,10,true,false,0,1,1,0,0,true,1,7500000,0,0,1,4362625,200000,2937375,0,15044,0,0,0,8232845,0,0,0,0,20,890,1356,0,0,0,0,0,0,0,
6667,10,true,false,0,1,1,2500,100,false,1,7500000,0,0,1,4107819,198000,3194181,0,19630,0,0,199,8067896,0,0,0,0,20,703,1353,0,0,0,0,0,0,0,
6667,10,true,false,0,1,1,2500,100,true,1,7500000,0,0,1,4107819,198000,3194181,0,19630,0,0,199,8067896,0,0,0,0,20,703,1353,0,0,0,0,0,0,0,
6667,10,true,false,0,1,2,0,0,false,1,7500000,0,0,1,4259146,200000,3040854,0,43021,0,0,0,7462150,0,0,0,0,4,0,1356,0,0,0,0,0,0,0,
6667,10,true,false,0,1,2,0,0,true,1,7500000,0,0,1,4259146,200000,3040854,0,43021,0,0,0,7462150,0,0,0,0,4,0,1356,0,0,0,0,0,0,0,
6667,10,true,false,0,1,2,2500,100,false,1,7500000,0,0,1,4024396,198000,3277604,0,40243,0,0,407,7313653,0,0,0,0,4,0,1353,0,0,0,0,0,0,0,
6667,10,true,false,0,1,2,2500,100,true,1,7500000,0,0,1,4024396,198000,3277604,0,40243,0,0,407,7313653,0,0,0,0,4,0,1353,0,0,0,0,0,0,0,
6667,10,true,false,0,1,3,0,0,false,1,7500000,0,0,1,5514216,200000,1785784,0,18892,0,0,0,8235506,0,0,0,0,55,893,1356,0,0,0,0,0,0,0,
6667,10,true,false,0,1,3,0,0,true,1,7500000,0,0,1,5514216,200000,1785784,0,18892,0,0,0,8235506,0,0,0,0,55,893,1356,0,0,0,0,0,0,0,
6667,10,true,false,0,1,3,2500,100,false,1,7500000,0,0,1,5255744,198000,2046256,0,18485,0,0,187,8218669,0,0,0,0,52,874,1353,0,0,0,0,0,0,0,
6667,10,true,false,0,1,3,2500,100,true,1,7500000,0,0,1,5255744,198000,2046256,0,18485,0,0,187,8218669,0,0,0,0,52,874,1353,0,0,0,0,0,0,0,
6667,10,true,false,0,10,0,0,0,false,10,7500000,0,0,10,6111825,500000,888175,0,23603,0,0,0,7837894,0,0,0,0,43,441,700,0,0,0,0,0,0,0,
6667,10,true,false,0,10,0,0,0,true,10,7500000,0,0,10,6111825,500000,888175,0,23603,0,0,0,7837894,0,0,0,0,43,441,700,0,0,0,0,0,0,0,
6667,10,true,false,0,10,0,2500,100,false,9,6750000,0,0,9,5466133,494998,788869,0,23698,0,0,244,7028274,0,0,0,0,49,439,700,0,0,0,0,0,0,0,entry:LeverageInitialMarginTooLow
6667,10,true,false,0,10,0,2500,100,true,9,6750000,0,0,9,5466133,494998,788869,0,23698,0,0,244,7028274,0,0,0,0,49,439,700,0,0,0,0,0,0,0,entry:LeverageInitialMarginTooLow
6667,10,true,false,0,10,1,0,0,false,10,7500000,0,0,10,4582226,500000,2417774,0,25728,0,0,0,7739549,0,0,0,0,16,301,700,0,0,0,0,0,0,0,
6667,10,true,false,0,10,1,0,0,true,10,7500000,0,0,10,4582226,500000,2417774,0,25728,0,0,0,7739549,0,0,0,0,16,301,700,0,0,0,0,0,0,0,
6667,10,true,false,0,10,1,2500,100,false,9,6750000,0,0,9,4104893,495000,2150107,0,20998,0,0,217,6987428,0,0,0,0,17,361,700,0,0,0,0,0,0,0,entry:LeverageInitialMarginTooLow
6667,10,true,false,0,10,1,2500,100,true,9,6750000,0,0,9,4104893,495000,2150107,0,20998,0,0,217,6987428,0,0,0,0,17,361,700,0,0,0,0,0,0,0,entry:LeverageInitialMarginTooLow
6667,10,true,false,0,10,2,0,0,false,10,7500000,0,0,9,4102263,500000,2147737,0,36576,0,0,0,6691424,60602,750000,0,0,3,402,700,0,0,0,0,0,0,0,
6667,10,true,false,0,10,2,0,0,true,10,7500000,0,0,9,4102263,500000,2147737,0,36576,0,0,0,6691424,60602,750000,0,0,3,402,700,0,0,0,0,0,0,0,
6667,10,true,false,0,10,2,2500,100,false,9,6750000,0,0,9,4136098,495000,2118902,0,37372,0,0,382,6596646,0,0,0,0,3,206,700,0,0,0,0,0,0,0,entry:LeverageInitialMarginTooLow
6667,10,true,false,0,10,2,2500,100,true,9,6750000,0,0,9,4136098,495000,2118902,0,37372,0,0,382,6596646,0,0,0,0,3,206,700,0,0,0,0,0,0,0,entry:LeverageInitialMarginTooLow
6667,10,true,false,0,10,3,0,0,false,10,7500000,0,0,4,2430954,500000,69046,0,9122,0,0,0,3137690,2996690,4500000,0,0,36,459,700,0,0,0,0,0,0,0,
6667,10,true,false,0,10,3,0,0,true,10,7500000,0,0,4,2430954,500000,69046,0,9122,0,0,0,3137690,2996690,4500000,0,0,36,459,700,0,0,0,0,0,0,0,
6667,10,true,false,0,10,3,2500,100,false,9,6750000,0,0,7,4265090,494997,489913,0,17793,0,0,183,5472951,1285025,1500000,0,0,41,457,700,0,0,0,0,0,0,0,entry:LeverageInitialMarginTooLow
6667,10,true,false,0,10,3,2500,100,true,9,6750000,0,0,7,4265090,494997,489913,0,17793,0,0,183,5472951,1285025,1500000,0,0,41,457,700,0,0,0,0,0,0,0,entry:LeverageInitialMarginTooLow
6667,10,true,false,1,1,0,0,0,false,1,7500000,0,0,1,5508443,200000,1791557,0,19977,0,0,0,8211974,0,0,0,0,66,866,1356,0,0,0,0,0,0,0,
6667,10,true,false,1,1,0,0,0,true,1,7500000,0,0,1,5508443,200000,1791557,0,19977,0,0,0,8211974,0,0,0,0,66,866,1356,0,0,0,0,0,0,0,
6667,10,true,false,1,1,0,2500,100,false,1,7500000,0,0,1,5260422,198000,2041578,0,18811,0,0,191,8211558,0,0,0,0,62,866,1353,0,0,0,0,0,0,0,
6667,10,true,false,1,1,0,2500,100,true,1,7500000,0,0,1,5260422,198000,2041578,0,18811,0,0,191,8211558,0,0,0,0,62,866,1353,0,0,0,0,0,0,0,
6667,10,true,false,1,1,1,0,0,false,1,7500000,0,0,1,4362625,200000,2937375,0,15044,0,0,0,8232845,0,0,0,0,20,890,1356,0,0,0,0,0,0,0,
6667,10,true,false,1,1,1,0,0,true,1,7500000,0,0,1,4362625,200000,2937375,0,15044,0,0,0,8232845,0,0,0,0,20,890,1356,0,0,0,0,0,0,0,
6667,10,true,false,1,1,1,2500,100,false,1,7500000,0,0,1,4107819,198000,3194181,0,19630,0,0,199,8067896,0,0,0,0,20,703,1353,0,0,0,0,0,0,0,
6667,10,true,false,1,1,1,2500,100,true,1,7500000,0,0,1,4107819,198000,3194181,0,19630,0,0,199,8067896,0,0,0,0,20,703,1353,0,0,0,0,0,0,0,
6667,10,true,false,1,1,2,0,0,false,1,7500000,0,0,1,4259146,200000,3040854,0,43021,0,0,0,7462150,0,0,0,0,4,0,1356,0,0,0,0,0,0,0,
6667,10,true,false,1,1,2,0,0,true,1,7500000,0,0,1,4259146,200000,3040854,0,43021,0,0,0,7462150,0,0,0,0,4,0,1356,0,0,0,0,0,0,0,
6667,10,true,false,1,1,2,2500,100,false,1,7500000,0,0,1,4024396,198000,3277604,0,40243,0,0,407,7313653,0,0,0,0,4,0,1353,0,0,0,0,0,0,0,
6667,10,true,false,1,1,2,2500,100,true,1,7500000,0,0,1,4024396,198000,3277604,0,40243,0,0,407,7313653,0,0,0,0,4,0,1353,0,0,0,0,0,0,0,
6667,10,true,false,1,1,3,0,0,false,1,7500000,0,0,1,5514216,200000,1785784,0,18892,0,0,0,8235506,0,0,0,0,55,893,1356,0,0,0,0,0,0,0,
6667,10,true,false,1,1,3,0,0,true,1,7500000,0,0,1,5514216,200000,1785784,0,18892,0,0,0,8235506,0,0,0,0,55,893,1356,0,0,0,0,0,0,0,
6667,10,true,false,1,1,3,2500,100,false,1,7500000,0,0,1,5255744,198000,2046256,0,18485,0,0,187,8218669,0,0,0,0,52,874,1353,0,0,0,0,0,0,0,
6667,10,true,false,1,1,3,2500,100,true,1,7500000,0,0,1,5255744,198000,2046256,0,18485,0,0,187,8218669,0,0,0,0,52,874,1353,0,0,0,0,0,0,0,
6667,10,true,false,1,10,0,0,0,false,10,7500000,0,0,10,6111825,500000,888175,0,23603,0,0,0,7837895,0,0,0,0,43,441,700,0,0,0,0,0,0,0,
6667,10,true,false,1,10,0,0,0,true,10,7500000,0,0,10,6111825,500000,888175,0,23603,0,0,0,7837895,0,0,0,0,43,441,700,0,0,0,0,0,0,0,
6667,10,true,false,1,10,0,2500,100,false,9,6750000,0,0,9,5466134,494998,788868,0,23698,0,0,244,7028275,0,0,0,0,49,439,700,0,0,0,0,0,0,0,entry:LeverageInitialMarginTooLow
6667,10,true,false,1,10,0,2500,100,true,9,6750000,0,0,9,5466134,494998,788868,0,23698,0,0,244,7028275,0,0,0,0,49,439,700,0,0,0,0,0,0,0,entry:LeverageInitialMarginTooLow
6667,10,true,false,1,10,1,0,0,false,10,7500000,0,0,10,4582226,500000,2417774,0,25728,0,0,0,7739550,0,0,0,0,16,301,700,0,0,0,0,0,0,0,
6667,10,true,false,1,10,1,0,0,true,10,7500000,0,0,10,4582226,500000,2417774,0,25728,0,0,0,7739550,0,0,0,0,16,301,700,0,0,0,0,0,0,0,
6667,10,true,false,1,10,1,2500,100,false,9,6750000,0,0,9,4104893,495000,2150107,0,20998,0,0,217,6987429,0,0,0,0,17,361,700,0,0,0,0,0,0,0,entry:LeverageInitialMarginTooLow
6667,10,true,false,1,10,1,2500,100,true,9,6750000,0,0,9,4104893,495000,2150107,0,20998,0,0,217,6987429,0,0,0,0,17,361,700,0,0,0,0,0,0,0,entry:LeverageInitialMarginTooLow
6667,10,true,false,1,10,2,0,0,false,10,7500000,0,0,9,4102264,500000,2147736,0,36576,0,0,0,6691424,60602,750000,0,0,3,402,700,0,0,0,0,0,0,0,
6667,10,true,false,1,10,2,0,0,true,10,7500000,0,0,9,4102264,500000,2147736,0,36576,0,0,0,6691424,60602,750000,0,0,3,402,700,0,0,0,0,0,0,0,
6667,10,true,false,1,10,2,2500,100,false,9,6750000,0,0,9,4136098,495000,2118902,0,37372,0,0,382,6596646,0,0,0,0,3,206,700,0,0,0,0,0,0,0,entry:LeverageInitialMarginTooLow
6667,10,true,false,1,10,2,2500,100,true,9,6750000,0,0,9,4136098,495000,2118902,0,37372,0,0,382,6596646,0,0,0,0,3,206,700,0,0,0,0,0,0,0,entry:LeverageInitialMarginTooLow
6667,10,true,false,1,10,3,0,0,false,10,7500000,0,0,4,2430954,500000,69046,0,9122,0,0,0,3137690,2996685,4500000,0,0,36,459,700,0,0,0,0,0,0,0,
6667,10,true,false,1,10,3,0,0,true,10,7500000,0,0,4,2430954,500000,69046,0,9122,0,0,0,3137690,2996685,4500000,0,0,36,459,700,0,0,0,0,0,0,0,
6667,10,true,false,1,10,3,2500,100,false,9,6750000,0,0,7,4265090,494997,489913,0,17793,0,0,183,5472952,1285025,1500000,0,0,41,457,700,0,0,0,0,0,0,0,entry:LeverageInitialMarginTooLow
6667,10,true,false,1,10,3,2500,100,true,9,6750000,0,0,7,4265090,494997,489913,0,17793,0,0,183,5472952,1285025,1500000,0,0,41,457,700,0,0,0,0,0,0,0,entry:LeverageInitialMarginTooLow
6667,10,true,true,0,1,0,0,0,false,1,7500000,0,0,1,5330652,200000,1969348,0,19272,0,0,0,8202760,0,0,0,0,58,856,1338,0,0,0,0,0,0,0,
6667,10,true,true,0,1,0,0,0,true,1,7500000,0,0,1,5330652,200000,1969348,0,19272,0,0,0,8202760,0,0,0,0,58,856,1338,0,0,0,0,0,0,0,
6667,10,true,true,0,1,0,2500,100,false,1,7500000,0,0,1,4849427,198000,2452573,0,17263,0,0,175,8202344,0,0,0,0,54,856,1334,0,0,0,0,0,0,0,
6667,10,true,true,0,1,0,2500,100,true,1,7500000,0,0,1,4849427,198000,2452573,0,17263,0,0,175,8202344,0,0,0,0,54,856,1334,0,0,0,0,0,0,0,
6667,10,true,true,0,1,1,0,0,false,1,7500000,0,0,1,4191888,200000,3108112,0,18661,0,0,0,8104507,0,0,0,0,19,745,1338,0,0,0,0,0,0,0,
6667,10,true,true,0,1,1,0,0,true,1,7500000,0,0,1,4191888,200000,3108112,0,18661,0,0,0,8104507,0,0,0,0,19,745,1338,0,0,0,0,0,0,0,
6667,10,true,true,0,1,1,2500,100,false,1,7500000,0,0,1,3887605,198000,3414395,0,15787,0,0,160,8143163,0,0,0,0,18,789,1334,0,0,0,0,0,0,0,
6667,10,true,true,0,1,1,2500,100,true,1,7500000,0,0,1,3887605,198000,3414395,0,15787,0,0,160,8143163,0,0,0,0,18,789,1334,0,0,0,0,0,0,0,
6667,10,true,true,0,1,2,0,0,false,1,7500000,0,0,1,3996108,200000,3303892,0,40364,0,0,0,7202195,0,0,0,0,4,0,1338,0,0,0,0,0,0,0,
6667,10,true,true,0,1,2,0,0,true,1,7500000,0,0,1,3996108,200000,3303892,0,40364,0,0,0,7202195,0,0,0,0,4,0,1338,0,0,0,0,0,0,0,
6667,10,true,true,0,1,2,2500,100,false,1,7500000,0,0,1,3651401,198000,3650599,0,12671,0,0,128,8213301,0,0,0,0,3,868,1334,0,0,0,0,0,0,0,
6667,10,true,true,0,1,2,2500,100,true,1,7500000,0,0,1,3651401,198000,3650599,0,12671,0,0,128,8213301,0,0,0,0,3,868,1334,0,0,0,0,0,0,0,
6667,10,true,true,0,1,3,0,0,false,1,7500000,0,0,1,5315413,200000,1984587,0,19617,0,0,0,8193493,0,0,0,0,49,846,1338,0,0,0,0,0,0,0,
6667,10,true,true,0,1,3,0,0,true,1,7500000,0,0,1,5315413,200000,1984587,0,19617,0,0,0,8193493,0,0,0,0,49,846,1338,0,0,0,0,0,0,0,
6667,10,true,true,0,1,3,2500,100,false,1,7500000,0,0,1,4854442,198000,2447558,0,16338,0,0,166,8226098,0,0,0,0,45,882,1334,0,0,0,0,0,0,0,
6667,10,true,true,0,1,3,2500,100,true,1,7500000,0,0,1,4854442,198000,2447558,0,16338,0,0,166,8226098,0,0,0,0,45,882,1334,0,0,0,0,0,0,0,
6667,10,true,true,0,10,0,0,0,false,8,6000000,0,0,8,4819342,500000,680658,0,19382,0,0,0,6262909,0,0,0,0,44,447,700,0,0,0,0,0,0,0,entry:LeverageInitialMarginTooLow
6667,10,true,true,0,10,0,0,0,true,8,6000000,0,0,8,4819342,500000,680658,0,19382,0,0,0,6262909,0,0,0,0,44,447,700,0,0,0,0,0,0,0,entry:LeverageInitialMarginTooLow
6667,10,true,true,0,10,0,2500,100,false,7,5250000,0,0,7,4147463,494997,607540,0,18487,0,0,188,5460896,0,0,0,0,53,425,700,0,0,0,0,0,0,0,entry:LeverageInitialMarginTooLow
6667,10,true,true,0,10,0,2500,100,true,7,5250000,0,0,7,4147463,494997,607540,0,18487,0,0,188,5460896,0,0,0,0,53,425,700,0,0,0,0,0,0,0,entry:LeverageInitialMarginTooLow
6667,10,true,true,0,10,1,0,0,false,8,6000000,0,0,8,3639082,500000,1860918,0,18841,0,0,0,6210462,0,0,0,0,16,357,700,0,0,0,0,0,0,0,entry:LeverageInitialMarginTooLow
6667,10,true,true,0,10,1,0,0,true,8,6000000,0,0,8,3639082,500000,1860918,0,18841,0,0,0,6210462,0,0,0,0,16,357,700,0,0,0,0,0,0,0,entry:LeverageInitialMarginTooLow
6667,10,true,true,0,10,1,2500,100,false,7,5250000,0,0,7,3179704,495000,1575296,0,16658,0,0,173,5430130,0,0,0,0,18,305,700,0,0,0,0,0,0,0,entry:LeverageInitialMarginTooLow
6667,10,true,true,0,10,1,2500,100,true,7,5250000,0,0,7,3179704,495000,1575296,0,16658,0,0,173,5430130,0,0,0,0,18,305,700,0,0,0,0,0,0,0,entry:LeverageInitialMarginTooLow
6667,10,true,true,0,10,2,0,0,false,8,6000000,0,0,8,3791147,500000,1708853,0,32742,0,0,0,5895329,0,0,0,0,3,0,700,0,0,0,0,0,0,0,entry:LeverageInitialMarginTooLow
6667,10,true,true,0,10,2,0,0,true,8,6000000,0,0,8,3791147,500000,1708853,0,32742,0,0,0,5895329,0,0,0,0,3,0,700,0,0,0,0,0,0,0,entry:LeverageInitialMarginTooLow
6667,10,true,true,0,10,2,2500,100,false,7,5250000,0,0,7,3212013,495000,1542987,0,29695,0,0,303,5026251,0,0,0,0,3,387,700,0,0,0,0,0,0,0,entry:LeverageInitialMarginTooLow
6667,10,true,true,0,10,2,2500,100,true,7,5250000,0,0,7,3212013,495000,1542987,0,29695,0,0,303,5026251,0,0,0,0,3,387,700,0,0,0,0,0,0,0,entry:LeverageInitialMarginTooLow
6667,10,true,true,0,10,3,0,0,false,8,6000000,0,0,3,1808449,434199,7352,0,6982,0,0,0,2351343,2485360,3750000,0,0,37,456,700,0,0,0,0,0,0,0,entry:LeverageInitialMarginTooLow
6667,10,true,true,0,10,3,0,0,true,8,6000000,0,0,3,1808449,434199,7352,0,6982,0,0,0,2351343,2485360,3750000,0,0,37,456,700,0,0,0,0,0,0,0,entry:LeverageInitialMarginTooLow
6667,10,true,true,0,10,3,2500,100,false,7,5250000,0,0,5,2989683,494999,265318,0,13025,0,0,134,3903503,1211892,1500000,0,0,44,462,700,0,0,0,0,0,0,0,entry:LeverageInitialMarginTooLow
6667,10,true,true,0,10,3,2500,100,true,7,5250000,0,0,5,2989683,494999,265318,0,13025,0,0,134,3903503,1211892,1500000,0,0,44,462,700,0,0,0,0,0,0,0,entry:LeverageInitialMarginTooLow
6667,10,true,true,1,1,0,0,0,false,1,7500000,0,0,1,5330651,200000,1969349,0,19272,0,0,0,8202760,0,0,0,0,58,856,1338,0,0,0,0,0,0,0,
6667,10,true,true,1,1,0,0,0,true,1,7500000,0,0,1,5330651,200000,1969349,0,19272,0,0,0,8202760,0,0,0,0,58,856,1338,0,0,0,0,0,0,0,
6667,10,true,true,1,1,0,2500,100,false,1,7500000,0,0,1,4849427,198000,2452573,0,17263,0,0,175,8202344,0,0,0,0,54,856,1334,0,0,0,0,0,0,0,
6667,10,true,true,1,1,0,2500,100,true,1,7500000,0,0,1,4849427,198000,2452573,0,17263,0,0,175,8202344,0,0,0,0,54,856,1334,0,0,0,0,0,0,0,
6667,10,true,true,1,1,1,0,0,false,1,7500000,0,0,1,4191888,200000,3108112,0,18661,0,0,0,8104507,0,0,0,0,19,745,1338,0,0,0,0,0,0,0,
6667,10,true,true,1,1,1,0,0,true,1,7500000,0,0,1,4191888,200000,3108112,0,18661,0,0,0,8104507,0,0,0,0,19,745,1338,0,0,0,0,0,0,0,
6667,10,true,true,1,1,1,2500,100,false,1,7500000,0,0,1,3887605,198000,3414395,0,15787,0,0,160,8143163,0,0,0,0,18,789,1334,0,0,0,0,0,0,0,
6667,10,true,true,1,1,1,2500,100,true,1,7500000,0,0,1,3887605,198000,3414395,0,15787,0,0,160,8143163,0,0,0,0,18,789,1334,0,0,0,0,0,0,0,
6667,10,true,true,1,1,2,0,0,false,1,7500000,0,0,1,3996109,200000,3303891,0,40364,0,0,0,7202195,0,0,0,0,4,0,1338,0,0,0,0,0,0,0,
6667,10,true,true,1,1,2,0,0,true,1,7500000,0,0,1,3996109,200000,3303891,0,40364,0,0,0,7202195,0,0,0,0,4,0,1338,0,0,0,0,0,0,0,
6667,10,true,true,1,1,2,2500,100,false,1,7500000,0,0,1,3632165,198000,3669835,0,12604,0,0,128,8213301,0,0,0,0,3,868,1334,0,0,0,0,0,0,0,
6667,10,true,true,1,1,2,2500,100,true,1,7500000,0,0,1,3632165,198000,3669835,0,12604,0,0,128,8213301,0,0,0,0,3,868,1334,0,0,0,0,0,0,0,
6667,10,true,true,1,1,3,0,0,false,1,7500000,0,0,1,5315413,200000,1984587,0,19617,0,0,0,8193493,0,0,0,0,49,846,1338,0,0,0,0,0,0,0,
6667,10,true,true,1,1,3,0,0,true,1,7500000,0,0,1,5315413,200000,1984587,0,19617,0,0,0,8193493,0,0,0,0,49,846,1338,0,0,0,0,0,0,0,
6667,10,true,true,1,1,3,2500,100,false,1,7500000,0,0,1,4854441,198000,2447559,0,16338,0,0,166,8226098,0,0,0,0,45,882,1334,0,0,0,0,0,0,0,
6667,10,true,true,1,1,3,2500,100,true,1,7500000,0,0,1,4854441,198000,2447559,0,16338,0,0,166,8226098,0,0,0,0,45,882,1334,0,0,0,0,0,0,0,
6667,10,true,true,1,10,0,0,0,false,8,6000000,0,0,8,4819342,500000,680658,0,19382,0,0,0,6262909,0,0,0,0,44,447,700,0,0,0,0,0,0,0,entry:LeverageInitialMarginTooLow
6667,10,true,true,1,10,0,0,0,true,8,6000000,0,0,8,4819342,500000,680658,0,19382,0,0,0,6262909,0,0,0,0,44,447,700,0,0,0,0,0,0,0,entry:LeverageInitialMarginTooLow
6667,10,true,true,1,10,0,2500,100,false,7,5250000,0,0,7,4147464,494997,607539,0,18487,0,0,188,5460896,0,0,0,0,53,425,700,0,0,0,0,0,0,0,entry:LeverageInitialMarginTooLow
6667,10,true,true,1,10,0,2500,100,true,7,5250000,0,0,7,4147464,494997,607539,0,18487,0,0,188,5460896,0,0,0,0,53,425,700,0,0,0,0,0,0,0,entry:LeverageInitialMarginTooLow
6667,10,true,true,1,10,1,0,0,false,8,6000000,0,0,8,3639082,500000,1860918,0,18841,0,0,0,6210462,0,0,0,0,16,357,700,0,0,0,0,0,0,0,entry:LeverageInitialMarginTooLow
6667,10,true,true,1,10,1,0,0,true,8,6000000,0,0,8,3639082,500000,1860918,0,18841,0,0,0,6210462,0,0,0,0,16,357,700,0,0,0,0,0,0,0,entry:LeverageInitialMarginTooLow
6667,10,true,true,1,10,1,2500,100,false,7,5250000,0,0,7,3179705,495000,1575295,0,16658,0,0,173,5430132,0,0,0,0,18,305,700,0,0,0,0,0,0,0,entry:LeverageInitialMarginTooLow
6667,10,true,true,1,10,1,2500,100,true,7,5250000,0,0,7,3179705,495000,1575295,0,16658,0,0,173,5430132,0,0,0,0,18,305,700,0,0,0,0,0,0,0,entry:LeverageInitialMarginTooLow
6667,10,true,true,1,10,2,0,0,false,8,6000000,0,0,8,3791148,500000,1708852,0,32742,0,0,0,5895329,0,0,0,0,3,0,700,0,0,0,0,0,0,0,entry:LeverageInitialMarginTooLow
6667,10,true,true,1,10,2,0,0,true,8,6000000,0,0,8,3791148,500000,1708852,0,32742,0,0,0,5895329,0,0,0,0,3,0,700,0,0,0,0,0,0,0,entry:LeverageInitialMarginTooLow
6667,10,true,true,1,10,2,2500,100,false,7,5250000,0,0,7,3238564,495000,1516436,0,28566,0,0,292,5116072,0,0,0,0,3,387,700,0,0,0,0,0,0,0,entry:LeverageInitialMarginTooLow
6667,10,true,true,1,10,2,2500,100,true,7,5250000,0,0,7,3238564,495000,1516436,0,28566,0,0,292,5116072,0,0,0,0,3,387,700,0,0,0,0,0,0,0,entry:LeverageInitialMarginTooLow
6667,10,true,true,1,10,3,0,0,false,8,6000000,0,0,3,1808449,434199,7352,0,6982,0,0,0,2351343,2485366,3750000,0,0,37,456,700,0,0,0,0,0,0,0,entry:LeverageInitialMarginTooLow
6667,10,true,true,1,10,3,0,0,true,8,6000000,0,0,3,1808449,434199,7352,0,6982,0,0,0,2351343,2485366,3750000,0,0,37,456,700,0,0,0,0,0,0,0,entry:LeverageInitialMarginTooLow
6667,10,true,true,1,10,3,2500,100,false,7,5250000,0,0,5,2989683,494999,265318,0,13025,0,0,134,3903503,1211893,1500000,0,0,44,462,700,0,0,0,0,0,0,0,entry:LeverageInitialMarginTooLow
6667,10,true,true,1,10,3,2500,100,true,7,5250000,0,0,5,2989683,494999,265318,0,13025,0,0,134,3903503,1211893,1500000,0,0,44,462,700,0,0,0,0,0,0,0,entry:LeverageInitialMarginTooLow
5000,1,false,false,0,1,0,0,0,false,1,7500000,18,0,0,7499582,0,0,0,0,15021,63153,0,7674052,0,418,1,418,0,0,0,0,0,0,0,418,14,0,
5000,1,false,false,0,1,0,0,0,true,1,7500000,18,0,0,7499582,0,0,0,0,15021,63153,0,7674052,0,418,1,418,0,0,0,0,0,0,0,418,14,0,
5000,1,false,false,0,1,0,2500,100,false,1,7500000,6,1,0,7421253,78747,0,0,0,11480,169631,1835,7683239,0,0,0,0,0,0,0,0,0,0,0,0,0,0,
5000,1,false,false,0,1,0,2500,100,true,1,7500000,5,0,1,7295265,199239,5496,0,25320,6264,5109,375,7783286,0,0,0,0,68,437,1134,1,0,0,0,0,0,0,
5000,1,false,false,0,1,1,0,0,false,1,7500000,0,0,1,5160478,200000,2139522,0,28489,0,0,0,7992550,0,0,0,0,22,616,1366,0,0,0,0,0,0,0,
5000,1,false,false,0,1,1,0,0,true,1,7500000,0,0,1,5160478,200000,2139522,0,28489,0,0,0,7992550,0,0,0,0,22,616,1366,0,0,0,0,0,0,0,
5000,1,false,false,0,1,1,2500,100,false,1,7500000,0,0,1,4983692,198000,2318308,0,25103,0,0,254,8041440,0,0,0,0,21,673,1363,0,0,0,0,0,0,0,
5000,1,false,false,0,1,1,2500,100,true,1,7500000,0,0,1,4983692,198000,2318308,0,25103,0,0,254,8041440,0,0,0,0,21,673,1363,0,0,0,0,0,0,0,
5000,1,false,false,0,1,2,0,0,false,1,7500000,0,0,1,5347027,200000,1952973,0,47189,0,0,0,7631139,0,0,0,0,4,171,1366,0,0,0,0,0,0,0,
5000,1,false,false,0,1,2,0,0,true,1,7500000,0,0,1,5347027,200000,1952973,0,47189,0,0,0,7631139,0,0,0,0,4,171,1366,0,0,0,0,0,0,0,
5000,1,false,false,0,1,2,2500,100,false,1,7500000,0,0,1,5010386,198000,2291614,0,50102,0,0,507,7479279,0,0,0,0,4,0,1363,0,0,0,0,0,0,0,
5000,1,false,false,0,1,2,2500,100,true,1,7500000,0,0,1,5010386,198000,2291614,0,50102,0,0,507,7479279,0,0,0,0,4,0,1363,0,0,0,0,0,0,0,
5000,1,false,false,0,1,3,0,0,false,1,7500000,7,0,0,7213990,0,0,0,0,14453,96436,0,7431085,213152,286010,0,0,0,0,0,0,0,0,0,0,0,0,
5000,1,false,false,0,1,3,0,0,true,1,7500000,4,0,1,7179203,200763,120034,0,27051,3816,1260,0,7916815,0,0,0,0,61,617,1260,1,0,0,0,0,0,0,
5000,1,false,false,0,1,3,2500,100,false,1,7500000,5,0,1,7312416,187584,0,0,31725,7470,1341,414,7660494,0,0,0,0,59,108,1037,0,0,0,0,0,0,0,
5000,1,false,false,0,1,3,2500,100,true,1,7500000,4,0,1,6944211,198741,357048,0,31258,3749,276,360,7832562,0,0,0,0,58,476,1256,1,0,0,0,0,0,0,
5000,1,false,false,0,10,0,0,0,false,9,6750000,48,5,0,6744967,318,0,0,0,12877,25684,0,6883302,731,4715,2,2203,0,0,0,0,0,1,1859,1859,114,0,entry:LeverageInitialMarginTooLow
5000,1,false,false,0,10,0,0,0,true,9,6750000,48,2,3,6745117,168,0,4618,1835,13486,18472,0,6883302,731,4715,2,2203,104,283,700,0,0,1,1859,1859,114,0,entry:LeverageInitialMarginTooLow
5000,1,false,false,0,10,0,2500,100,false,8,6000000,41,4,0,5996192,1022,0,0,0,11000,31747,477,6127166,209,2786,3,2180,0,0,0,0,0,0,0,1226,354,0,entry:LeverageInitialMarginTooLow
5000,1,false,false,0,10,0,2500,100,true,8,6000000,38,1,4,5998428,12,0,8896,3508,11839,18445,478,6129341,209,1560,2,954,79,348,700,2,0,0,0,753,309,0,entry:LeverageInitialMarginTooLow
5000,1,false,false,0,10,1,0,0,false,9,6750000,0,0,9,5149870,500000,1100130,0,33864,0,0,0,6918594,0,0,0,0,16,223,700,0,0,0,0,0,0,0,entry:LeverageInitialMarginTooLow
5000,1,false,false,0,10,1,0,0,true,9,6750000,0,0,9,5149870,500000,1100130,0,33864,0,0,0,6918594,0,0,0,0,16,223,700,0,0,0,0,0,0,0,entry:LeverageInitialMarginTooLow
5000,1,false,false,0,10,1,2500,100,false,8,6000000,0,0,8,4512542,494998,992460,0,33958,0,0,348,6104754,0,0,0,0,17,266,700,0,0,0,0,0,0,0,entry:LeverageInitialMarginTooLow
5000,1,false,false,0,10,1,2500,100,true,8,6000000,0,0,8,4512542,494998,992460,0,33958,0,0,348,6104754,0,0,0,0,17,266,700,0,0,0,0,0,0,0,entry:LeverageInitialMarginTooLow
5000,1,false,false,0,10,2,0,0,false,9,6750000,2,1,7,5381472,500558,736882,0,38410,1239,28024,0,6465568,19855,131088,0,0,3,310,700,0,0,0,0,0,0,0,entry:LeverageInitialMarginTooLow
5000,1,false,false,0,10,2,0,0,true,9,6750000,2,0,8,5385941,500558,732424,0,45546,1239,16419,0,6465572,19866,131077,0,0,3,310,700,0,0,0,0,0,0,0,entry:LeverageInitialMarginTooLow
5000,1,false,false,0,10,2,2500,100,false,8,6000000,0,1,7,4798895,494998,706107,0,38746,0,58181,983,5772647,0,0,0,0,3,112,700,0,0,0,0,0,0,0,entry:LeverageInitialMarginTooLow
5000,1,false,false,0,10,2,2500,100,true,8,6000000,0,0,8,4848832,494998,656170,0,46258,1231,0,484,5772647,0,0,0,0,3,112,700,0,0,0,0,0,0,0,entry:LeverageInitialMarginTooLow
5000,1,false,false,0,10,3,0,0,false,9,6750000,18,0,0,2678816,0,0,0,0,5361,5685,0,2731681,2933017,4071184,0,0,0,0,0,0,0,0,0,0,0,0,entry:LeverageInitialMarginTooLow
5000,1,false,false,0,10,3,0,0,true,9,6750000,18,0,0,2678816,0,0,0,0,5361,5685,0,2731681,2933017,4071184,0,0,0,0,0,0,0,0,0,0,0,0,entry:LeverageInitialMarginTooLow
5000,1,false,false,0,10,3,2500,100,false,8,6000000,15,1,0,2565021,21,0,0,0,5072,7210,140,2618713,2491617,3434958,0,0,0,0,0,0,0,0,0,0,0,0,entry:LeverageInitialMarginTooLow
5000,1,false,false,0,10,3,2500,100,true,8,6000000,13,0,2,2566188,0,0,627,1023,5066,5701,140,2620077,2490821,3433812,0,0,60,316,700,2,0,0,0,0,0,0,entry:LeverageInitialMarginTooLow
5000,1,false,false,1,1,0,0,0,false,1,7500000,18,0,0,7499582,0,0,0,0,15021,63153,0,7674052,0,418,1,418,0,0,0,0,0,0,0,418,14,0,
5000,1,false,false,1,1,0,0,0,true,1,7500000,18,0,0,7499582,0,0,0,0,15021,63153,0,7674052,0,418,1,418,0,0,0,0,0,0,0,418,14,0,
5000,1,false,false,1,1,0,2500,100,false,1,7500000,6,1,0,7421253,78747,0,0,0,11480,169631,1835,7683239,0,0,0,0,0,0,0,0,0,0,0,0,0,0,
5000,1,false,false,1,1,0,2500,100,true,1,7500000,5,0,1,7295265,199239,5496,0,25320,6264,5109,375,7783286,0,0,0,0,68,437,1134,1,0,0,0,0,0,0,
5000,1,false,false,1,1,1,0,0,false,1,7500000,0,0,1,5160478,200000,2139522,0,28489,0,0,0,7992550,0,0,0,0,22,616,1366,0,0,0,0,0,0,0,
5000,1,false,false,1,1,1,0,0,true,1,7500000,0,0,1,5160478,200000,2139522,0,28489,0,0,0,7992550,0,0,0,0,22,616,1366,0,0,0,0,0,0,0,
5000,1,false,false,1,1,1,2500,100,false,1,7500000,0,0,1,4983692,198000,2318308,0,25103,0,0,254,8041440,0,0,0,0,21,673,1363,0,0,0,0,0,0,0,
5000,1,false,false,1,1,1,2500,100,true,1,7500000,0,0,1,4983692,198000,2318308,0,25103,0,0,254,8041440,0,0,0,0,21,673,1363,0,0,0,0,0,0,0,
5000,1,false,false,1,1,2,0,0,false,1,7500000,0,0,1,5347027,200000,1952973,0,47189,0,0,0,7631139,0,0,0,0,4,171,1366,0,0,0,0,0,0,0,
5000,1,false,false,1,1,2,0,0,true,1,7500000,0,0,1,5347027,200000,1952973,0,47189,0,0,0,7631139,0,0,0,0,4,171,1366,0,0,0,0,0,0,0,
5000,1,false,false,1,1,2,2500,100,false,1,7500000,0,0,1,5010386,198000,2291614,0,50102,0,0,507,7479279,0,0,0,0,4,0,1363,0,0,0,0,0,0,0,
5000,1,false,false,1,1,2,2500,100,true,1,7500000,0,0,1,5010386,198000,2291614,0,50102,0,0,507,7479279,0,0,0,0,4,0,1363,0,0,0,0,0,0,0,
5000,1,false,false,1,1,3,0,0,false,1,7500000,7,0,0,7213990,0,0,0,0,14453,96436,0,7431085,213152,286010,0,0,0,0,0,0,0,0,0,0,0,0,
5000,1,false,false,1,1,3,0,0,true,1,7500000,4,0,1,7179203,200763,120034,0,27051,3816,1260,0,7916815,0,0,0,0,61,617,1260,1,0,0,0,0,0,0,
5000,1,false,false,1,1,3,2500,100,false,1,7500000,5,0,1,7312416,187584,0,0,31725,7470,1341,414,7660494,0,0,0,0,59,108,1037,0,0,0,0,0,0,0,
5000,1,false,false,1,1,3,2500,100,true,1,7500000,4,0,1,6944211,198741,357048,0,31258,3749,276,360,7832562,0,0,0,0,58,476,1256,1,0,0,0,0,0,0,
5000,1,false,false,1,10,0,0,0,false,9,6750000,48,5,0,6744967,318,0,0,0,12877,25684,0,6883302,731,4715,2,2203,0,0,0,0,0,1,1859,1859,114,0,entry:LeverageInitialMarginTooLow
5000,1,false,false,1,10,0,0,0,true,9,6750000,48,2,3,6745117,168,0,4618,1835,13486,18472,0,6883302,731,4715,2,2203,104,283,700,0,0,1,1859,1859,114,0,entry:LeverageInitialMarginTooLow
5000,1,false,false,1,10,0,2500,100,false,8,6000000,41,4,0,5996192,1022,0,0,0,11000,31747,477,6127166,209,2786,3,2180,0,0,0,0,0,0,0,1226,354,0,entry:LeverageInitialMarginTooLow
5000,1,false,false,1,10,0,2500,100,true,8,6000000,38,1,4,5998428,12,0,8896,3508,11839,18445,478,6129341,209,1560,2,954,79,348,700,2,0,0,0,753,309,0,entry:LeverageInitialMarginTooLow
5000,1,false,false,1,10,1,0,0,false,9,6750000,0,0,9,5149870,500000,1100130,0,33864,0,0,0,6918594,0,0,0,0,16,223,700,0,0,0,0,0,0,0,entry:LeverageInitialMarginTooLow
5000,1,false,false,1,10,1,0,0,true,9,6750000,0,0,9,5149870,500000,1100130,0,33864,0,0,0,6918594,0,0,0,0,16,223,700,0,0,0,0,0,0,0,entry:LeverageInitialMarginTooLow
5000,1,false,false,1,10,1,2500,100,false,8,6000000,0,0,8,4512542,494998,992460,0,33958,0,0,348,6104754,0,0,0,0,17,266,700,0,0,0,0,0,0,0,entry:LeverageInitialMarginTooLow
5000,1,false,false,1,10,1,2500,100,true,8,6000000,0,0,8,4512542,494998,992460,0,33958,0,0,348,6104754,0,0,0,0,17,266,700,0,0,0,0,0,0,0,entry:LeverageInitialMarginTooLow
5000,1,false,false,1,10,2,0,0,false,9,6750000,2,1,7,5381472,500558,736882,0,38410,1239,28024,0,6465568,19855,131088,0,0,3,310,700,0,0,0,0,0,0,0,entry:LeverageInitialMarginTooLow
5000,1,false,false,1,10,2,0,0,true,9,6750000,2,0,8,5385941,500558,732424,0,45546,1239,16419,0,6465572,19866,131077,0,0,3,310,700,0,0,0,0,0,0,0,entry:LeverageInitialMarginTooLow
5000,1,false,false,1,10,2,2500,100,false,8,6000000,0,1,7,4798895,494998,706107,0,38746,0,58181,983,5772647,0,0,0,0,3,112,700,0,0,0,0,0,0,0,entry:LeverageInitialMarginTooLow
5000,1,false,false,1,10,2,2500,100,true,8,6000000,0,0,8,4848832,494998,656170,0,46258,1231,0,484,5772647,0,0,0,0,3,112,700,0,0,0,0,0,0,0,entry:LeverageInitialMarginTooLow
5000,1,false,false,1,10,3,0,0,false,9,6750000,18,0,0,2678815,0,0,0,0,5361,5686,0,2731680,2933016,4071185,0,0,0,0,0,0,0,0,0,0,0,0,entry:LeverageInitialMarginTooLow
5000,1,false,false,1,10,3,0,0,true,9,6750000,18,0,0,2678815,0,0,0,0,5361,5686,0,2731680,2933016,4071185,0,0,0,0,0,0,0,0,0,0,0,0,entry:LeverageInitialMarginTooLow
5000,1,false,false,1,10,3,2500,100,false,8,6000000,15,1,0,2565021,21,0,0,0,5072,7210,140,2618713,2491617,3434958,0,0,0,0,0,0,0,0,0,0,0,0,entry:LeverageInitialMarginTooLow
5000,1,false,false,1,10,3,2500,100,true,8,6000000,13,0,2,2566188,0,0,627,1023,5066,5701,140,2620077,2490821,3433812,0,0,60,316,700,2,0,0,0,0,0,0,entry:LeverageInitialMarginTooLow
5000,1,false,true,0,1,0,0,0,false,1,7500000,6,1,0,7481918,18082,0,0,0,12109,140576,0,7712521,0,0,0,0,0,0,0,0,0,0,0,0,0,0,
5000,1,false,true,0,1,0,0,0,true,1,7500000,5,0,1,7376025,123975,0,0,22768,6685,1992,0,7793607,0,0,0,0,61,472,1074,1,0,0,0,0,0,0,
5000,1,false,true,0,1,0,2500,100,false,1,7500000,5,0,1,6414669,199040,886291,0,21267,5255,6313,338,7836853,0,0,0,0,57,496,1147,0,0,0,0,0,0,0,
5000,1,false,true,0,1,0,2500,100,true,1,7500000,4,0,1,6410225,198526,891249,0,31858,2660,2718,381,7836855,0,0,0,0,57,466,1263,1,0,0,0,0,0,0,
5000,1,false,true,0,1,1,0,0,false,1,7500000,0,0,1,5028146,200000,2271854,0,28696,0,0,0,7962044,0,0,0,0,20,580,1341,0,0,0,0,0,0,0,
5000,1,false,true,0,1,1,0,0,true,1,7500000,0,0,1,5028146,200000,2271854,0,28696,0,0,0,7962044,0,0,0,0,20,580,1341,0,0,0,0,0,0,0,
5000,1,false,true,0,1,1,2500,100,false,1,7500000,0,0,1,4620381,198000,2681619,0,24366,0,0,247,8004147,0,0,0,0,19,629,1338,0,0,0,0,0,0,0,
5000,1,false,true,0,1,1,2500,100,true,1,7500000,0,0,1,4620381,198000,2681619,0,24366,0,0,247,8004147,0,0,0,0,19,629,1338,0,0,0,0,0,0,0,
5000,1,false,true,0,1,2,0,0,false,1,7500000,0,0,1,4919402,200000,2380598,0,49690,0,0,0,7217058,0,0,0,0,4,0,1341,0,0,0,0,0,0,0,
5000,1,false,true,0,1,2,0,0,true,1,7500000,0,0,1,4919402,200000,2380598,0,49690,0,0,0,7217058,0,0,0,0,4,0,1341,0,0,0,0,0,0,0,
5000,1,false,true,0,1,2,2500,100,false,1,7500000,0,0,1,4392940,198000,2909060,0,43929,0,0,444,7073438,0,0,0,0,4,0,1338,0,0,0,0,0,0,0,
5000,1,false,true,0,1,2,2500,100,true,1,7500000,0,0,1,4392940,198000,2909060,0,43929,0,0,444,7073438,0,0,0,0,4,0,1338,0,0,0,0,0,0,0,
5000,1,false,true,0,1,3,0,0,false,1,7500000,5,0,1,6997278,201586,301136,0,16823,7934,4376,0,7800758,0,0,0,0,53,455,1013,0,0,0,0,0,0,0,
5000,1,false,true,0,1,3,0,0,true,1,7500000,3,0,1,6720827,200339,578834,0,30428,1697,1795,0,7968908,0,0,0,0,52,629,1298,1,0,0,0,0,0,0,
5000,1,false,true,0,1,3,2500,100,false,1,7500000,4,0,1,6136230,198650,1165120,0,24695,3288,3642,325,7893503,0,0,0,0,49,552,1238,0,0,0,0,0,0,0,
5000,1,false,true,0,1,3,2500,100,true,1,7500000,3,0,1,6132688,198299,1169013,0,31867,1518,1748,359,7893503,0,0,0,0,49,524,1298,1,0,0,0,0,0,0,
5000,1,false,true,0,10,0,0,0,false,7,5250000,41,5,0,5247146,662,0,0,0,10271,16070,0,5350147,538,2192,1,979,0,0,0,0,0,1,979,979,0,0,entry:LeverageInitialMarginTooLow
5000,1,false,true,0,10,0,0,0,true,7,5250000,40,1,4,5247795,13,0,2597,1722,10489,11082,0,5350386,538,2192,1,979,70,322,700,1,0,1,979,979,0,0,entry:LeverageInitialMarginTooLow
5000,1,false,true,0,10,0,2500,100,false,6,4500000,24,2,3,4491343,8510,0,0,1953,7998,22048,352,4608434,9,147,1,147,79,296,700,0,0,1,147,147,0,0,entry:LeverageInitialMarginTooLow
5000,1,false,true,0,10,0,2500,100,true,6,4500000,23,0,5,4493018,6835,0,5104,3374,8237,13687,337,4608515,9,147,1,147,67,222,700,1,0,1,147,147,0,0,entry:LeverageInitialMarginTooLow
5000,1,false,true,0,10,1,0,0,false,7,5250000,0,0,7,3978090,500000,771910,0,26563,0,0,0,5377073,0,0,0,0,17,167,700,0,0,0,0,0,0,0,entry:LeverageInitialMarginTooLow
5000,1,false,true,0,10,1,0,0,true,7,5250000,0,0,7,3978090,500000,771910,0,26563,0,0,0,5377073,0,0,0,0,17,167,700,0,0,0,0,0,0,0,entry:LeverageInitialMarginTooLow
5000,1,false,true,0,10,1,2500,100,false,6,4500000,0,0,6,3378021,494998,626981,0,21304,0,0,218,4618711,0,0,0,0,18,329,700,0,0,0,0,0,0,0,entry:LeverageInitialMarginTooLow
5000,1,false,true,0,10,1,2500,100,true,6,4500000,0,0,6,3378021,494998,626981,0,21304,0,0,218,4618711,0,0,0,0,18,329,700,0,0,0,0,0,0,0,entry:LeverageInitialMarginTooLow
5000,1,false,true,0,10,2,0,0,false,7,5250000,0,1,6,4289850,500000,460150,0,32353,0,26905,0,5146146,0,0,0,0,3,12,700,0,0,0,0,0,0,0,entry:LeverageInitialMarginTooLow
5000,1,false,true,0,10,2,0,0,true,7,5250000,0,0,7,4296876,500000,453124,13408,37324,1500,0,0,5146146,0,0,0,0,3,12,700,0,0,0,0,0,0,0,entry:LeverageInitialMarginTooLow
5000,1,false,true,0,10,2,2500,100,false,6,4500000,0,1,5,3570706,494998,434296,0,27676,0,52211,811,4284796,0,0,0,0,4,129,700,0,0,0,0,0,0,0,entry:LeverageInitialMarginTooLow
5000,1,false,true,0,10,2,2500,100,true,6,4500000,0,0,6,3616013,494998,388989,0,35033,0,0,358,4284796,0,0,0,0,4,129,700,0,0,0,0,0,0,0,entry:LeverageInitialMarginTooLow
5000,1,false,true,0,10,3,0,0,false,7,5250000,10,2,0,2114732,2052,0,0,0,3904,7831,0,2164900,2279720,3133216,0,0,0,0,0,0,0,0,0,0,0,0,entry:LeverageInitialMarginTooLow
5000,1,false,true,0,10,3,0,0,true,7,5250000,9,0,2,2116782,0,0,727,1812,4235,3674,0,2165877,2279718,3133218,0,0,49,350,700,1,0,0,0,0,0,0,entry:LeverageInitialMarginTooLow
5000,1,false,true,0,10,3,2500,100,false,6,4500000,11,0,0,1725135,0,0,0,0,3412,6517,109,1759145,2011195,2774865,0,0,0,0,0,0,0,0,0,0,0,0,entry:LeverageInitialMarginTooLow
5000,1,false,true,0,10,3,2500,100,true,6,4500000,11,0,0,1725135,0,0,0,0,3412,6517,109,1759145,2011195,2774865,0,0,0,0,0,0,0,0,0,0,0,0,entry:LeverageInitialMarginTooLow
5000,1,false,true,1,1,0,0,0,false,1,7500000,6,1,0,7481918,18082,0,0,0,12109,140576,0,7712521,0,0,0,0,0,0,0,0,0,0,0,0,0,0,
5000,1,false,true,1,1,0,0,0,true,1,7500000,5,0,1,7376025,123975,0,0,22768,6685,1992,0,7793607,0,0,0,0,61,472,1074,1,0,0,0,0,0,0,
5000,1,false,true,1,1,0,2500,100,false,1,7500000,5,0,1,6414669,199040,886291,0,21267,5255,6313,338,7836853,0,0,0,0,57,496,1147,0,0,0,0,0,0,0,
5000,1,false,true,1,1,0,2500,100,true,1,7500000,4,0,1,6410225,198526,891249,0,31858,2660,2718,381,7836855,0,0,0,0,57,466,1263,1,0,0,0,0,0,0,
5000,1,false,true,1,1,1,0,0,false,1,7500000,0,0,1,5028146,200000,2271854,0,28696,0,0,0,7962044,0,0,0,0,20,580,1341,0,0,0,0,0,0,0,
5000,1,false,true,1,1,1,0,0,true,1,7500000,0,0,1,5028146,200000,2271854,0,28696,0,0,0,7962044,0,0,0,0,20,580,1341,0,0,0,0,0,0,0,
5000,1,false,true,1,1,1,2500,100,false,1,7500000,0,0,1,4620381,198000,2681619,0,24366,0,0,247,8004147,0,0,0,0,19,629,1338,0,0,0,0,0,0,0,
5000,1,false,true,1,1,1,2500,100,true,1,7500000,0,0,1,4620381,198000,2681619,0,24366,0,0,247,8004147,0,0,0,0,19,629,1338,0,0,0,0,0,0,0,
5000,1,false,true,1,1,2,0,0,false,1,7500000,0,0,1,4919402,200000,2380598,0,49690,0,0,0,7217058,0,0,0,0,4,0,1341,0,0,0,0,0,0,0,
5000,1,false,true,1,1,2,0,0,true,1,7500000,0,0,1,4919402,200000,2380598,0,49690,0,0,0,7217058,0,0,0,0,4,0,1341,0,0,0,0,0,0,0,
5000,1,false,true,1,1,2,2500,100,false,1,7500000,0,0,1,4392940,198000,2909060,0,43929,0,0,444,7073438,0,0,0,0,4,0,1338,0,0,0,0,0,0,0,
5000,1,false,true,1,1,2,2500,100,true,1,7500000,0,0,1,4392940,198000,2909060,0,43929,0,0,444,7073438,0,0,0,0,4,0,1338,0,0,0,0,0,0,0,
5000,1,false,true,1,1,3,0,0,false,1,7500000,5,0,1,6997278,201586,301136,0,16823,7934,4376,0,7800758,0,0,0,0,53,455,1013,0,0,0,0,0,0,0,
5000,1,false,true,1,1,3,0,0,true,1,7500000,3,0,1,6720827,200339,578834,0,30428,1697,1795,0,7968908,0,0,0,0,52,629,1298,1,0,0,0,0,0,0,
5000,1,false,true,1,1,3,2500,100,false,1,7500000,4,0,1,6136230,198650,1165120,0,24695,3288,3642,325,7893503,0,0,0,0,49,552,1238,0,0,0,0,0,0,0,
5000,1,false,true,1,1,3,2500,100,true,1,7500000,3,0,1,6132688,198299,1169013,0,31867,1518,1748,359,7893503,0,0,0,0,49,524,1298,1,0,0,0,0,0,0,
5000,1,false,true,1,10,0,0,0,false,7,5250000,41,5,0,5247146,662,0,0,0,10271,16070,0,5350147,538,2192,1,979,0,0,0,0,0,1,979,979,0,0,entry:LeverageInitialMarginTooLow
5000,1,false,true,1,10,0,0,0,true,7,5250000,40,1,4,5247795,13,0,2597,1722,10489,11082,0,5350386,538,2192,1,979,70,322,700,1,0,1,979,979,0,0,entry:LeverageInitialMarginTooLow
5000,1,false,true,1,10,0,2500,100,false,6,4500000,24,2,3,4491343,8510,0,0,1953,7998,22048,352,4608434,9,147,1,147,79,296,700,0,0,1,147,147,0,0,entry:LeverageInitialMarginTooLow
5000,1,false,true,1,10,0,2500,100,true,6,4500000,23,0,5,4493018,6835,0,5104,3374,8237,13687,337,4608515,9,147,1,147,67,222,700,1,0,1,147,147,0,0,entry:LeverageInitialMarginTooLow
5000,1,false,true,1,10,1,0,0,false,7,5250000,0,0,7,3978090,500000,771910,0,26563,0,0,0,5377073,0,0,0,0,17,167,700,0,0,0,0,0,0,0,entry:LeverageInitialMarginTooLow
5000,1,false,true,1,10,1,0,0,true,7,5250000,0,0,7,3978090,500000,771910,0,26563,0,0,0,5377073,0,0,0,0,17,167,700,0,0,0,0,0,0,0,entry:LeverageInitialMarginTooLow
5000,1,false,true,1,10,1,2500,100,false,6,4500000,0,0,6,3378021,494998,626981,0,21304,0,0,218,4618711,0,0,0,0,18,329,700,0,0,0,0,0,0,0,entry:LeverageInitialMarginTooLow
5000,1,false,true,1,10,1,2500,100,true,6,4500000,0,0,6,3378021,494998,626981,0,21304,0,0,218,4618711,0,0,0,0,18,329,700,0,0,0,0,0,0,0,entry:LeverageInitialMarginTooLow
5000,1,false,true,1,10,2,0,0,false,7,5250000,0,1,6,4289850,500000,460150,0,32353,0,26905,0,5146145,0,0,0,0,3,12,700,0,0,0,0,0,0,0,entry:LeverageInitialMarginTooLow
5000,1,false,true,1,10,2,0,0,true,7,5250000,0,0,7,4296876,500000,453124,13408,37324,1500,0,0,5146145,0,0,0,0,3,12,700,0,0,0,0,0,0,0,entry:LeverageInitialMarginTooLow
5000,1,false,true,1,10,2,2500,100,false,6,4500000,0,1,5,3570706,494998,434296,0,27676,0,52211,811,4284796,0,0,0,0,4,129,700,0,0,0,0,0,0,0,entry:LeverageInitialMarginTooLow
5000,1,false,true,1,10,2,2500,100,true,6,4500000,0,0,6,3616013,494998,388989,0,35033,0,0,358,4284796,0,0,0,0,4,129,700,0,0,0,0,0,0,0,entry:LeverageInitialMarginTooLow
5000,1,false,true,1,10,3,0,0,false,7,5250000,10,2,0,2114732,2052,0,0,0,3904,7831,0,2164900,2279720,3133216,0,0,0,0,0,0,0,0,0,0,0,0,entry:LeverageInitialMarginTooLow
5000,1,false,true,1,10,3,0,0,true,7,5250000,9,0,2,2116782,0,0,727,1812,4235,3674,0,2165877,2279718,3133218,0,0,49,350,700,1,0,0,0,0,0,0,entry:LeverageInitialMarginTooLow
5000,1,false,true,1,10,3,2500,100,false,6,4500000,11,0,0,1725135,0,0,0,0,3412,6517,109,1759145,2011195,2774865,0,0,0,0,0,0,0,0,0,0,0,0,entry:LeverageInitialMarginTooLow
5000,1,false,true,1,10,3,2500,100,true,6,4500000,11,0,0,1725135,0,0,0,0,3412,6517,109,1759145,2011195,2774865,0,0,0,0,0,0,0,0,0,0,0,0,entry:LeverageInitialMarginTooLow
5000,1,true,false,0,1,0,0,0,false,1,7500000,0,0,1,5494413,200000,1805587,0,29602,0,0,0,7975009,0,0,0,0,41,595,1282,0,0,0,0,0,0,0,
5000,1,true,false,0,1,0,0,0,true,1,7500000,0,0,1,5494413,200000,1805587,0,29602,0,0,0,7975009,0,0,0,0,41,595,1282,0,0,0,0,0,0,0,
5000,1,true,false,0,1,0,2500,100,false,1,7500000,0,0,1,5287589,198000,2014411,0,28125,0,0,285,7974605,0,0,0,0,37,595,1278,0,0,0,0,0,0,0,
5000,1,true,false,0,1,0,2500,100,true,1,7500000,0,0,1,5287589,198000,2014411,0,28125,0,0,285,7974605,0,0,0,0,37,595,1278,0,0,0,0,0,0,0,
5000,1,true,false,0,1,1,0,0,false,1,7500000,0,0,1,4440902,200000,2859098,0,24276,0,0,0,7966136,0,0,0,0,15,585,1282,0,0,0,0,0,0,0,
5000,1,true,false,0,1,1,0,0,true,1,7500000,0,0,1,4440902,200000,2859098,0,24276,0,0,0,7966136,0,0,0,0,15,585,1282,0,0,0,0,0,0,0,
5000,1,true,false,0,1,1,2500,100,false,1,7500000,0,0,1,4331468,198000,2970532,0,22667,0,0,229,7984368,0,0,0,0,14,606,1278,0,0,0,0,0,0,0,
5000,1,true,false,0,1,1,2500,100,true,1,7500000,0,0,1,4331468,198000,2970532,0,22667,0,0,229,7984368,0,0,0,0,14,606,1278,0,0,0,0,0,0,0,
5000,1,true,false,0,1,2,0,0,false,1,7500000,0,0,1,3758313,200000,3541687,0,37962,0,0,0,7483254,0,0,0,0,3,0,1282,0,0,0,0,0,0,0,
5000,1,true,false,0,1,2,0,0,true,1,7500000,0,0,1,3758313,200000,3541687,0,37962,0,0,0,7483254,0,0,0,0,3,0,1282,0,0,0,0,0,0,0,
5000,1,true,false,0,1,2,2500,100,false,1,7500000,0,0,1,3571348,198000,3730652,0,35713,0,0,361,7334337,0,0,0,0,3,0,1278,0,0,0,0,0,0,0,
5000,1,true,false,0,1,2,2500,100,true,1,7500000,0,0,1,3571348,198000,3730652,0,35713,0,0,361,7334337,0,0,0,0,3,0,1278,0,0,0,0,0,0,0,
5000,1,true,false,0,1,3,0,0,false,1,7500000,0,0,1,5505847,200000,1794153,0,28058,0,0,0,8006393,0,0,0,0,34,632,1282,0,0,0,0,0,0,0,
5000,1,true,false,0,1,3,0,0,true,1,7500000,0,0,1,5505847,200000,1794153,0,28058,0,0,0,8006393,0,0,0,0,34,632,1282,0,0,0,0,0,0,0,
5000,1,true,false,0,1,3,2500,100,false,1,7500000,0,0,1,5287895,198000,2014105,0,27382,0,0,277,7990024,0,0,0,0,31,613,1278,0,0,0,0,0,0,0,
5000,1,true,false,0,1,3,2500,100,true,1,7500000,0,0,1,5287895,198000,2014105,0,27382,0,0,277,7990024,0,0,0,0,31,613,1278,0,0,0,0,0,0,0,
5000,1,true,false,0,10,0,0,0,false,6,4500000,0,0,6,3598032,500000,401968,0,19351,0,0,0,4651627,0,0,0,0,37,313,700,0,0,0,0,0,0,0,entry:LeverageInitialMarginTooLow
5000,1,true,false,0,10,0,0,0,true,6,4500000,0,0,6,3598032,500000,401968,0,19351,0,0,0,4651627,0,0,0,0,37,313,700,0,0,0,0,0,0,0,entry:LeverageInitialMarginTooLow
5000,1,true,false,0,10,0,2500,100,false,6,4500000,0,0,6,3581245,494998,423757,0,19098,0,0,196,4651347,0,0,0,0,33,313,700,0,0,0,0,0,0,0,entry:LeverageInitialMarginTooLow
5000,1,true,false,0,10,0,2500,100,true,6,4500000,0,0,6,3581245,494998,423757,0,19098,0,0,196,4651347,0,0,0,0,33,313,700,0,0,0,0,0,0,0,entry:LeverageInitialMarginTooLow
5000,1,true,false,0,10,1,0,0,false,6,4500000,0,0,6,2786721,500000,1213279,0,17653,0,0,0,4619794,0,0,0,0,14,323,700,0,0,0,0,0,0,0,entry:LeverageInitialMarginTooLow
5000,1,true,false,0,10,1,0,0,true,6,4500000,0,0,6,2786721,500000,1213279,0,17653,0,0,0,4619794,0,0,0,0,14,323,700,0,0,0,0,0,0,0,entry:LeverageInitialMarginTooLow
5000,1,true,false,0,10,1,2500,100,false,6,4500000,0,0,6,2790302,495000,1214698,0,17751,0,0,182,4616128,0,0,0,0,13,337,700,0,0,0,0,0,0,0,entry:LeverageInitialMarginTooLow
5000,1,true,false,0,10,1,2500,100,true,6,4500000,0,0,6,2790302,495000,1214698,0,17751,0,0,182,4616128,0,0,0,0,13,337,700,0,0,0,0,0,0,0,entry:LeverageInitialMarginTooLow
5000,1,true,false,0,10,2,0,0,false,6,4500000,0,0,5,2200426,500000,1049574,0,20167,0,0,0,3652468,39653,750000,1,750000,3,329,700,0,0,1,750000,750000,133051,0,entry:LeverageInitialMarginTooLow
5000,1,true,false,0,10,2,0,0,true,6,4500000,0,0,5,2200426,500000,1049574,0,20167,0,0,0,3652468,39653,750000,1,750000,3,329,700,0,0,1,750000,750000,133051,0,entry:LeverageInitialMarginTooLow
5000,1,true,false,0,10,2,2500,100,false,6,4500000,0,0,6,2737619,495000,1267381,0,23548,0,0,242,4342185,0,0,0,0,3,133,700,0,0,0,0,0,0,0,entry:LeverageInitialMarginTooLow
5000,1,true,false,0,10,2,2500,100,true,6,4500000,0,0,6,2737619,495000,1267381,0,23548,0,0,242,4342185,0,0,0,0,3,133,700,0,0,0,0,0,0,0,entry:LeverageInitialMarginTooLow
5000,1,true,false,0,10,3,0,0,false,6,4500000,0,0,4,2397333,500000,102667,0,12728,0,0,0,3102634,1203503,1500000,0,0,31,332,700,0,0,0,0,0,0,0,entry:LeverageInitialMarginTooLow
5000,1,true,false,0,10,3,0,0,true,6,4500000,0,0,4,2397333,500000,102667,0,12728,0,0,0,3102634,1203503,1500000,0,0,31,332,700,0,0,0,0,0,0,0,entry:LeverageInitialMarginTooLow
5000,1,true,false,0,10,3,2500,100,false,6,4500000,0,0,4,2381385,494999,123616,0,13195,0,0,136,3096178,1149704,1500000,0,0,28,312,700,0,0,0,0,0,0,0,entry:LeverageInitialMarginTooLow
5000,1,true,false,0,10,3,2500,100,true,6,4500000,0,0,4,2381385,494999,123616,0,13195,0,0,136,3096178,1149704,1500000,0,0,28,312,700,0,0,0,0,0,0,0,entry:LeverageInitialMarginTooLow
5000,1,true,false,1,1,0,0,0,false,1,7500000,0,0,1,5494413,200000,1805587,0,29602,0,0,0,7975009,0,0,0,0,41,595,1282,0,0,0,0,0,0,0,
5000,1,true,false,1,1,0,0,0,true,1,7500000,0,0,1,5494413,200000,1805587,0,29602,0,0,0,7975009,0,0,0,0,41,595,1282,0,0,0,0,0,0,0,
5000,1,true,false,1,1,0,2500,100,false,1,7500000,0,0,1,5287589,198000,2014411,0,28125,0,0,285,7974605,0,0,0,0,37,595,1278,0,0,0,0,0,0,0,
5000,1,true,false,1,1,0,2500,100,true,1,7500000,0,0,1,5287589,198000,2014411,0,28125,0,0,285,7974605,0,0,0,0,37,595,1278,0,0,0,0,0,0,0,
5000,1,true,false,1,1,1,0,0,false,1,7500000,0,0,1,4440902,200000,2859098,0,24276,0,0,0,7966136,0,0,0,0,15,585,1282,0,0,0,0,0,0,0,
5000,1,true,false,1,1,1,0,0,true,1,7500000,0,0,1,4440902,200000,2859098,0,24276,0,0,0,7966136,0,0,0,0,15,585,1282,0,0,0,0,0,0,0,
5000,1,true,false,1,1,1,2500,100,false,1,7500000,0,0,1,4331468,198000,2970532,0,22667,0,0,229,7984368,0,0,0,0,14,606,1278,0,0,0,0,0,0,0,
5000,1,true,false,1,1,1,2500,100,true,1,7500000,0,0,1,4331468,198000,2970532,0,22667,0,0,229,7984368,0,0,0,0,14,606,1278,0,0,0,0,0,0,0,
5000,1,true,false,1,1,2,0,0,false,1,7500000,0,0,1,3758313,200000,3541687,0,37962,0,0,0,7483254,0,0,0,0,3,0,1282,0,0,0,0,0,0,0,
5000,1,true,false,1,1,2,0,0,true,1,7500000,0,0,1,3758313,200000,3541687,0,37962,0,0,0,7483254,0,0,0,0,3,0,1282,0,0,0,0,0,0,0,
5000,1,true,false,1,1,2,2500,100,false,1,7500000,0,0,1,3571348,198000,3730652,0,35713,0,0,361,7334337,0,0,0,0,3,0,1278,0,0,0,0,0,0,0,
5000,1,true,false,1,1,2,2500,100,true,1,7500000,0,0,1,3571348,198000,3730652,0,35713,0,0,361,7334337,0,0,0,0,3,0,1278,0,0,0,0,0,0,0,
5000,1,true,false,1,1,3,0,0,false,1,7500000,0,0,1,5505847,200000,1794153,0,28058,0,0,0,8006393,0,0,0,0,34,632,1282,0,0,0,0,0,0,0,
5000,1,true,false,1,1,3,0,0,true,1,7500000,0,0,1,5505847,200000,1794153,0,28058,0,0,0,8006393,0,0,0,0,34,632,1282,0,0,0,0,0,0,0,
5000,1,true,false,1,1,3,2500,100,false,1,7500000,0,0,1,5287895,198000,2014105,0,27382,0,0,277,7990024,0,0,0,0,31,613,1278,0,0,0,0,0,0,0,
5000,1,true,false,1,1,3,2500,100,true,1,7500000,0,0,1,5287895,198000,2014105,0,27382,0,0,277,7990024,0,0,0,0,31,613,1278,0,0,0,0,0,0,0,
5000,1,true,false,1,10,0,0,0,false,6,4500000,0,0,6,3598032,500000,401968,0,19351,0,0,0,4651627,0,0,0,0,37,313,700,0,0,0,0,0,0,0,entry:LeverageInitialMarginTooLow
5000,1,true,false,1,10,0,0,0,true,6,4500000,0,0,6,3598032,500000,401968,0,19351,0,0,0,4651627,0,0,0,0,37,313,700,0,0,0,0,0,0,0,entry:LeverageInitialMarginTooLow
5000,1,true,false,1,10,0,2500,100,false,6,4500000,0,0,6,3581245,494998,423757,0,19098,0,0,196,4651347,0,0,0,0,33,313,700,0,0,0,0,0,0,0,entry:LeverageInitialMarginTooLow
5000,1,true,false,1,10,0,2500,100,true,6,4500000,0,0,6,3581245,494998,423757,0,19098,0,0,196,4651347,0,0,0,0,33,313,700,0,0,0,0,0,0,0,entry:LeverageInitialMarginTooLow
5000,1,true,false,1,10,1,0,0,false,6,4500000,0,0,6,2786721,500000,1213279,0,17653,0,0,0,4619794,0,0,0,0,14,323,700,0,0,0,0,0,0,0,entry:LeverageInitialMarginTooLow
5000,1,true,false,1,10,1,0,0,true,6,4500000,0,0,6,2786721,500000,1213279,0,17653,0,0,0,4619794,0,0,0,0,14,323,700,0,0,0,0,0,0,0,entry:LeverageInitialMarginTooLow
5000,1,true,false,1,10,1,2500,100,false,6,4500000,0,0,6,2790302,495000,1214698,0,17751,0,0,182,4616128,0,0,0,0,13,337,700,0,0,0,0,0,0,0,entry:LeverageInitialMarginTooLow
5000,1,true,false,1,10,1,2500,100,true,6,4500000,0,0,6,2790302,495000,1214698,0,17751,0,0,182,4616128,0,0,0,0,13,337,700,0,0,0,0,0,0,0,entry:LeverageInitialMarginTooLow
5000,1,true,false,1,10,2,0,0,false,6,4500000,0,0,5,2200426,500000,1049574,0,20167,0,0,0,3652468,39653,750000,1,750000,3,329,700,0,0,1,750000,750000,133051,0,entry:LeverageInitialMarginTooLow
5000,1,true,false,1,10,2,0,0,true,6,4500000,0,0,5,2200426,500000,1049574,0,20167,0,0,0,3652468,39653,750000,1,750000,3,329,700,0,0,1,750000,750000,133051,0,entry:LeverageInitialMarginTooLow
5000,1,true,false,1,10,2,2500,100,false,6,4500000,0,0,6,2737619,495000,1267381,0,23548,0,0,242,4342185,0,0,0,0,3,133,700,0,0,0,0,0,0,0,entry:LeverageInitialMarginTooLow
5000,1,true,false,1,10,2,2500,100,true,6,4500000,0,0,6,2737619,495000,1267381,0,23548,0,0,242,4342185,0,0,0,0,3,133,700,0,0,0,0,0,0,0,entry:LeverageInitialMarginTooLow
5000,1,true,false,1,10,3,0,0,false,6,4500000,0,0,4,2397333,500000,102667,0,12728,0,0,0,3102634,1203503,1500000,0,0,31,332,700,0,0,0,0,0,0,0,entry:LeverageInitialMarginTooLow
5000,1,true,false,1,10,3,0,0,true,6,4500000,0,0,4,2397333,500000,102667,0,12728,0,0,0,3102634,1203503,1500000,0,0,31,332,700,0,0,0,0,0,0,0,entry:LeverageInitialMarginTooLow
5000,1,true,false,1,10,3,2500,100,false,6,4500000,0,0,4,2381385,494999,123616,0,13195,0,0,136,3096178,1149702,1500000,0,0,28,312,700,0,0,0,0,0,0,0,entry:LeverageInitialMarginTooLow
5000,1,true,false,1,10,3,2500,100,true,6,4500000,0,0,4,2381385,494999,123616,0,13195,0,0,136,3096178,1149702,1500000,0,0,28,312,700,0,0,0,0,0,0,0,entry:LeverageInitialMarginTooLow
5000,1,true,true,0,1,0,0,0,false,1,7500000,0,0,1,5366742,200000,1933258,0,27205,0,0,0,7999067,0,0,0,0,31,623,1257,0,0,0,0,0,0,0,
5000,1,true,true,0,1,0,0,0,true,1,7500000,0,0,1,5366742,200000,1933258,0,27205,0,0,0,7999067,0,0,0,0,31,623,1257,0,0,0,0,0,0,0,
5000,1,true,true,0,1,0,2500,100,false,1,7500000,0,0,1,4946612,198000,2355388,0,24746,0,0,250,7998662,0,0,0,0,27,623,1253,0,0,0,0,0,0,0,
5000,1,true,true,0,1,0,2500,100,true,1,7500000,0,0,1,4946612,198000,2355388,0,24746,0,0,250,7998662,0,0,0,0,27,623,1253,0,0,0,0,0,0,0,
5000,1,true,true,0,1,1,0,0,false,1,7500000,0,0,1,4390733,200000,2909267,0,24588,0,0,0,7942842,0,0,0,0,13,557,1257,0,0,0,0,0,0,0,
5000,1,true,true,0,1,1,0,0,true,1,7500000,0,0,1,4390733,200000,2909267,0,24588,0,0,0,7942842,0,0,0,0,13,557,1257,0,0,0,0,0,0,0,
5000,1,true,true,0,1,1,2500,100,false,1,7500000,0,0,1,4113852,198000,3188148,0,22551,0,0,228,7947907,0,0,0,0,12,563,1253,0,0,0,0,0,0,0,
5000,1,true,true,0,1,1,2500,100,true,1,7500000,0,0,1,4113852,198000,3188148,0,22551,0,0,228,7947907,0,0,0,0,12,563,1253,0,0,0,0,0,0,0,
5000,1,true,true,0,1,2,0,0,false,1,7500000,0,0,1,3516069,200000,3783931,0,35515,0,0,0,7140480,0,0,0,0,3,0,1257,0,0,0,0,0,0,0,
5000,1,true,true,0,1,2,0,0,true,1,7500000,0,0,1,3516069,200000,3783931,0,35515,0,0,0,7140480,0,0,0,0,3,0,1257,0,0,0,0,0,0,0,
5000,1,true,true,0,1,2,2500,100,false,1,7500000,0,0,1,3221472,198000,4080528,0,32214,0,0,326,6998383,0,0,0,0,3,0,1253,0,0,0,0,0,0,0,
5000,1,true,true,0,1,2,2500,100,true,1,7500000,0,0,1,3221472,198000,4080528,0,32214,0,0,326,6998383,0,0,0,0,3,0,1253,0,0,0,0,0,0,0,
5000,1,true,true,0,1,3,0,0,false,1,7500000,0,0,1,5334877,200000,1965123,0,28673,0,0,0,7966566,0,0,0,0,27,585,1257,0,0,0,0,0,0,0,
5000,1,true,true,0,1,3,0,0,true,1,7500000,0,0,1,5334877,200000,1965123,0,28673,0,0,0,7966566,0,0,0,0,27,585,1257,0,0,0,0,0,0,0,
5000,1,true,true,0,1,3,2500,100,false,1,7500000,0,0,1,4937420,198000,2364580,0,24740,0,0,250,7998268,0,0,0,0,23,622,1253,0,0,0,0,0,0,0,
5000,1,true,true,0,1,3,2500,100,true,1,7500000,0,0,1,4937420,198000,2364580,0,24740,0,0,250,7998268,0,0,0,0,23,622,1253,0,0,0,0,0,0,0,
5000,1,true,true,0,10,0,0,0,false,5,3750000,0,0,5,2989310,500000,260690,0,15882,0,0,0,3878193,0,0,0,0,36,307,700,0,0,0,0,0,0,0,entry:LeverageInitialMarginTooLow
5000,1,true,true,0,10,0,0,0,true,5,3750000,0,0,5,2989310,500000,260690,0,15882,0,0,0,3878193,0,0,0,0,36,307,700,0,0,0,0,0,0,0,entry:LeverageInitialMarginTooLow
5000,1,true,true,0,10,0,2500,100,false,5,3750000,0,0,5,2958151,494998,296851,0,15582,0,0,160,3877971,0,0,0,0,32,307,700,0,0,0,0,0,0,0,entry:LeverageInitialMarginTooLow
5000,1,true,true,0,10,0,2500,100,true,5,3750000,0,0,5,2958151,494998,296851,0,15582,0,0,160,3877971,0,0,0,0,32,307,700,0,0,0,0,0,0,0,entry:LeverageInitialMarginTooLow
5000,1,true,true,0,10,1,0,0,false,5,3750000,0,0,5,2299182,500000,950818,0,16605,0,0,0,3825439,0,0,0,0,14,268,700,0,0,0,0,0,0,0,entry:LeverageInitialMarginTooLow
5000,1,true,true,0,10,1,0,0,true,5,3750000,0,0,5,2299182,500000,950818,0,16605,0,0,0,3825439,0,0,0,0,14,268,700,0,0,0,0,0,0,0,entry:LeverageInitialMarginTooLow
5000,1,true,true,0,10,1,2500,100,false,5,3750000,0,0,5,2302592,495000,952408,0,15481,0,0,159,3837172,0,0,0,0,13,282,700,0,0,0,0,0,0,0,entry:LeverageInitialMarginTooLow
5000,1,true,true,0,10,1,2500,100,true,5,3750000,0,0,5,2302592,495000,952408,0,15481,0,0,159,3837172,0,0,0,0,13,282,700,0,0,0,0,0,0,0,entry:LeverageInitialMarginTooLow
5000,1,true,true,0,10,2,0,0,false,5,3750000,0,0,4,1717474,500000,782526,0,15668,0,0,0,2877617,29140,750000,1,750000,3,0,700,0,0,1,750000,750000,144701,0,entry:LeverageInitialMarginTooLow
5000,1,true,true,0,10,2,0,0,true,5,3750000,0,0,4,1717474,500000,782526,0,15668,0,0,0,2877617,29140,750000,1,750000,3,0,700,0,0,1,750000,750000,144701,0,entry:LeverageInitialMarginTooLow
5000,1,true,true,0,10,2,2500,100,false,5,3750000,0,0,5,2223783,495000,1031217,0,17641,0,0,180,3698731,0,0,0,0,3,290,700,0,0,0,0,0,0,0,entry:LeverageInitialMarginTooLow
5000,1,true,true,0,10,2,2500,100,true,5,3750000,0,0,5,2223783,495000,1031217,0,17641,0,0,180,3698731,0,0,0,0,3,290,700,0,0,0,0,0,0,0,entry:LeverageInitialMarginTooLow
5000,1,true,true,0,10,3,0,0,false,5,3750000,0,0,3,1791582,444124,14294,0,9570,0,0,0,2326416,1105935,1500000,0,0,30,336,700,0,0,0,0,0,0,0,entry:LeverageInitialMarginTooLow
5000,1,true,true,0,10,3,0,0,true,5,3750000,0,0,3,1791582,444124,14294,0,9570,0,0,0,2326416,1105935,1500000,0,0,30,336,700,0,0,0,0,0,0,0,entry:LeverageInitialMarginTooLow
5000,1,true,true,0,10,3,2500,100,false,5,3750000,0,0,3,1770055,453488,26457,0,9865,0,0,101,2321599,1054074,1500000,0,0,27,316,700,0,0,0,0,0,0,0,entry:LeverageInitialMarginTooLow
5000,1,true,true,0,10,3,2500,100,true,5,3750000,0,0,3,1770055,453488,26457,0,9865,0,0,101,2321599,1054074,1500000,0,0,27,316,700,0,0,0,0,0,0,0,entry:LeverageInitialMarginTooLow
5000,1,true,true,1,1,0,0,0,false,1,7500000,0,0,1,5366742,200000,1933258,0,27205,0,0,0,7999067,0,0,0,0,31,623,1257,0,0,0,0,0,0,0,
5000,1,true,true,1,1,0,0,0,true,1,7500000,0,0,1,5366742,200000,1933258,0,27205,0,0,0,7999067,0,0,0,0,31,623,1257,0,0,0,0,0,0,0,
5000,1,true,true,1,1,0,2500,100,false,1,7500000,0,0,1,4946612,198000,2355388,0,24746,0,0,250,7998662,0,0,0,0,27,623,1253,0,0,0,0,0,0,0,
5000,1,true,true,1,1,0,2500,100,true,1,7500000,0,0,1,4946612,198000,2355388,0,24746,0,0,250,7998662,0,0,0,0,27,623,1253,0,0,0,0,0,0,0,
5000,1,true,true,1,1,1,0,0,false,1,7500000,0,0,1,4390733,200000,2909267,0,24588,0,0,0,7942842,0,0,0,0,13,557,1257,0,0,0,0,0,0,0,
5000,1,true,true,1,1,1,0,0,true,1,7500000,0,0,1,4390733,200000,2909267,0,24588,0,0,0,7942842,0,0,0,0,13,557,1257,0,0,0,0,0,0,0,
5000,1,true,true,1,1,1,2500,100,false,1,7500000,0,0,1,4113852,198000,3188148,0,22551,0,0,228,7947907,0,0,0,0,12,563,1253,0,0,0,0,0,0,0,
5000,1,true,true,1,1,1,2500,100,true,1,7500000,0,0,1,4113852,198000,3188148,0,22551,0,0,228,7947907,0,0,0,0,12,563,1253,0,0,0,0,0,0,0,
5000,1,true,true,1,1,2,0,0,false,1,7500000,0,0,1,3516069,200000,3783931,0,35515,0,0,0,7140480,0,0,0,0,3,0,1257,0,0,0,0,0,0,0,
5000,1,true,true,1,1,2,0,0,true,1,7500000,0,0,1,3516069,200000,3783931,0,35515,0,0,0,7140480,0,0,0,0,3,0,1257,0,0,0,0,0,0,0,
5000,1,true,true,1,1,2,2500,100,false,1,7500000,0,0,1,3221472,198000,4080528,0,32214,0,0,326,6998383,0,0,0,0,3,0,1253,0,0,0,0,0,0,0,
5000,1,true,true,1,1,2,2500,100,true,1,7500000,0,0,1,3221472,198000,4080528,0,32214,0,0,326,6998383,0,0,0,0,3,0,1253,0,0,0,0,0,0,0,
5000,1,true,true,1,1,3,0,0,false,1,7500000,0,0,1,5334877,200000,1965123,0,28673,0,0,0,7966566,0,0,0,0,27,585,1257,0,0,0,0,0,0,0,
5000,1,true,true,1,1,3,0,0,true,1,7500000,0,0,1,5334877,200000,1965123,0,28673,0,0,0,7966566,0,0,0,0,27,585,1257,0,0,0,0,0,0,0,
5000,1,true,true,1,1,3,2500,100,false,1,7500000,0,0,1,4937420,198000,2364580,0,24740,0,0,250,7998268,0,0,0,0,23,622,1253,0,0,0,0,0,0,0,
5000,1,true,true,1,1,3,2500,100,true,1,7500000,0,0,1,4937420,198000,2364580,0,24740,0,0,250,7998268,0,0,0,0,23,622,1253,0,0,0,0,0,0,0,
5000,1,true,true,1,10,0,0,0,false,5,3750000,0,0,5,2989309,500000,260691,0,15882,0,0,0,3878193,0,0,0,0,36,307,700,0,0,0,0,0,0,0,entry:LeverageInitialMarginTooLow
5000,1,true,true,1,10,0,0,0,true,5,3750000,0,0,5,2989309,500000,260691,0,15882,0,0,0,3878193,0,0,0,0,36,307,700,0,0,0,0,0,0,0,entry:LeverageInitialMarginTooLow
5000,1,true,true,1,10,0,2500,100,false,5,3750000,0,0,5,2958151,494998,296851,0,15582,0,0,160,3877971,0,0,0,0,32,307,700,0,0,0,0,0,0,0,entry:LeverageInitialMarginTooLow
5000,1,true,true,1,10,0,2500,100,true,5,3750000,0,0,5,2958151,494998,296851,0,15582,0,0,160,3877971,0,0,0,0,32,307,700,0,0,0,0,0,0,0,entry:LeverageInitialMarginTooLow
5000,1,true,true,1,10,1,0,0,false,5,3750000,0,0,5,2299182,500000,950818,0,16605,0,0,0,3825439,0,0,0,0,14,268,700,0,0,0,0,0,0,0,entry:LeverageInitialMarginTooLow
5000,1,true,true,1,10,1,0,0,true,5,3750000,0,0,5,2299182,500000,950818,0,16605,0,0,0,3825439,0,0,0,0,14,268,700,0,0,0,0,0,0,0,entry:LeverageInitialMarginTooLow
5000,1,true,true,1,10,1,2500,100,false,5,3750000,0,0,5,2302592,495000,952408,0,15481,0,0,159,3837172,0,0,0,0,13,282,700,0,0,0,0,0,0,0,entry:LeverageInitialMarginTooLow
5000,1,true,true,1,10,1,2500,100,true,5,3750000,0,0,5,2302592,495000,952408,0,15481,0,0,159,3837172,0,0,0,0,13,282,700,0,0,0,0,0,0,0,entry:LeverageInitialMarginTooLow
5000,1,true,true,1,10,2,0,0,false,5,3750000,0,0,4,1717474,500000,782526,0,15668,0,0,0,2877617,29140,750000,1,750000,3,0,700,0,0,1,750000,750000,144701,0,entry:LeverageInitialMarginTooLow
5000,1,true,true,1,10,2,0,0,true,5,3750000,0,0,4,1717474,500000,782526,0,15668,0,0,0,2877617,29140,750000,1,750000,3,0,700,0,0,1,750000,750000,144701,0,entry:LeverageInitialMarginTooLow
5000,1,true,true,1,10,2,2500,100,false,5,3750000,0,0,5,2223783,495000,1031217,0,17641,0,0,180,3698731,0,0,0,0,3,290,700,0,0,0,0,0,0,0,entry:LeverageInitialMarginTooLow
5000,1,true,true,1,10,2,2500,100,true,5,3750000,0,0,5,2223783,495000,1031217,0,17641,0,0,180,3698731,0,0,0,0,3,290,700,0,0,0,0,0,0,0,entry:LeverageInitialMarginTooLow
5000,1,true,true,1,10,3,0,0,false,5,3750000,0,0,3,1791582,444124,14294,0,9570,0,0,0,2326416,1105937,1500000,0,0,30,336,700,0,0,0,0,0,0,0,entry:LeverageInitialMarginTooLow
5000,1,true,true,1,10,3,0,0,true,5,3750000,0,0,3,1791582,444124,14294,0,9570,0,0,0,2326416,1105937,1500000,0,0,30,336,700,0,0,0,0,0,0,0,entry:LeverageInitialMarginTooLow
5000,1,true,true,1,10,3,2500,100,false,5,3750000,0,0,3,1770055,453488,26457,0,9865,0,0,101,2321599,1054074,1500000,0,0,27,316,700,0,0,0,0,0,0,0,entry:LeverageInitialMarginTooLow
5000,1,true,true,1,10,3,2500,100,true,5,3750000,0,0,3,1770055,453488,26457,0,9865,0,0,101,2321599,1054074,1500000,0,0,27,316,700,0,0,0,0,0,0,0,entry:LeverageInitialMarginTooLow
5000,4,false,false,0,1,0,0,0,false,1,7500000,16,0,0,7498659,0,0,0,0,15020,66276,0,7686916,173,1341,0,0,0,0,0,0,0,0,0,0,0,0,
5000,4,false,false,0,1,0,0,0,true,1,7500000,16,0,0,7498659,0,0,0,0,15020,66276,0,7686916,173,1341,0,0,0,0,0,0,0,0,0,0,0,0,
5000,4,false,false,0,1,0,2500,100,false,1,7500000,6,1,0,7375105,124895,0,0,0,9969,154133,1664,7657267,0,0,0,0,0,0,0,0,0,0,0,0,0,0,
5000,4,false,false,0,1,0,2500,100,true,1,7500000,5,0,1,7147500,199060,153440,0,28234,5358,3669,382,7796322,0,0,0,0,80,444,1225,1,0,0,0,0,0,0,
5000,4,false,false,0,1,1,0,0,false,1,7500000,0,0,1,5108280,200000,2191720,0,25855,0,0,0,8057320,0,0,0,0,24,691,1392,0,0,0,0,0,0,0,
5000,4,false,false,0,1,1,0,0,true,1,7500000,0,0,1,5108280,200000,2191720,0,25855,0,0,0,8057320,0,0,0,0,24,691,1392,0,0,0,0,0,0,0,
5000,4,false,false,0,1,1,2500,100,false,1,7500000,0,0,1,4776359,198000,2525641,0,30390,0,0,307,7896978,0,0,0,0,24,502,1389,0,0,0,0,0,0,0,
5000,4,false,false,0,1,1,2500,100,true,1,7500000,0,0,1,4776359,198000,2525641,0,30390,0,0,307,7896978,0,0,0,0,24,502,1389,0,0,0,0,0,0,0,
5000,4,false,false,0,1,2,0,0,false,1,7500000,0,0,1,5587771,200000,1712229,0,56442,0,0,0,7424357,0,0,0,0,5,0,1392,0,0,0,0,0,0,0,
5000,4,false,false,0,1,2,0,0,true,1,7500000,0,0,1,5587771,200000,1712229,0,56442,0,0,0,7424357,0,0,0,0,5,0,1392,0,0,0,0,0,0,0,
5000,4,false,false,0,1,2,2500,100,false,1,7500000,0,0,1,5243095,198000,2058905,0,30787,0,0,311,7953650,0,0,0,0,4,570,1389,0,0,0,0,0,0,0,
5000,4,false,false,0,1,2,2500,100,true,1,7500000,0,0,1,5243095,198000,2058905,0,30787,0,0,311,7953650,0,0,0,0,4,570,1389,0,0,0,0,0,0,0,
5000,4,false,false,0,1,3,0,0,false,1,7500000,3,0,0,1971039,0,0,0,0,3949,1981,0,1992696,3843880,5528961,0,0,0,0,0,0,0,0,0,0,0,0,
5000,4,false,false,0,1,3,0,0,true,1,7500000,3,0,0,1971039,0,0,0,0,3949,1981,0,1992696,3843880,5528961,0,0,0,0,0,0,0,0,0,0,0,0,
5000,4,false,false,0,1,3,2500,100,false,1,7500000,4,0,0,4579347,0,0,0,0,9082,71140,815,4669843,2154157,2920653,0,0,0,0,0,0,0,0,0,0,0,0,
5000,4,false,false,0,1,3,2500,100,true,1,7500000,4,0,0,4579347,0,0,0,0,9082,71140,815,4669843,2154157,2920653,0,0,0,0,0,0,0,0,0,0,0,0,
5000,4,false,false,0,10,0,0,0,false,10,7500000,51,6,0,7497169,319,0,139,0,14864,25512,0,7648047,374,2512,2,863,0,0,0,0,0,0,0,569,248,0,
5000,4,false,false,0,10,0,0,0,true,10,7500000,50,1,6,7498736,0,0,4079,3307,14901,18085,0,7649523,375,1264,1,569,75,274,700,2,0,0,0,569,162,0,
5000,4,false,false,0,10,0,2500,100,false,9,6750000,49,2,1,6745045,1100,0,0,196,12814,34303,523,6889460,100,3855,5,3827,116,322,700,0,0,1,2388,2388,325,0,entry:LeverageInitialMarginTooLow
5000,4,false,false,0,10,0,2500,100,true,9,6750000,43,1,5,6745841,1268,0,5548,3719,12922,27663,548,6891711,100,2891,2,2863,60,345,700,3,0,1,2388,2388,139,0,entry:LeverageInitialMarginTooLow
5000,4,false,false,0,10,1,0,0,false,10,7500000,0,0,10,5730008,500000,1269992,0,34512,0,0,0,7717125,0,0,0,0,16,289,700,0,0,0,0,0,0,0,
5000,4,false,false,0,10,1,0,0,true,10,7500000,0,0,10,5730008,500000,1269992,0,34512,0,0,0,7717125,0,0,0,0,16,289,700,0,0,0,0,0,0,0,
5000,4,false,false,0,10,1,2500,100,false,9,6750000,0,0,9,5096720,494997,1158283,0,29957,0,0,307,6948641,0,0,0,0,18,117,700,0,0,0,0,0,0,0,entry:LeverageInitialMarginTooLow
5000,4,false,false,0,10,1,2500,100,true,9,6750000,0,0,9,5096720,494997,1158283,0,29957,0,0,307,6948641,0,0,0,0,18,117,700,0,0,0,0,0,0,0,entry:LeverageInitialMarginTooLow
5000,4,false,false,0,10,2,0,0,false,10,7500000,4,1,7,6058451,501047,713471,0,38012,2548,34034,0,7113805,39372,227031,0,0,3,0,700,0,0,0,0,0,0,0,
5000,4,false,false,0,10,2,0,0,true,10,7500000,2,0,9,6091918,501118,723034,6496,48920,2634,25325,0,7163126,32312,183930,0,0,3,0,700,1,0,0,0,0,0,0,
5000,4,false,false,0,10,2,2500,100,false,9,6750000,0,2,7,5567025,494998,687977,0,35857,0,79892,1174,6594564,0,0,0,0,3,202,700,0,0,0,0,0,0,0,entry:LeverageInitialMarginTooLow
5000,4,false,false,0,10,2,2500,100,true,9,6750000,0,0,9,5617831,495732,636437,14499,50587,1485,0,678,6594564,0,0,0,0,3,202,700,0,0,0,0,0,0,0,entry:LeverageInitialMarginTooLow
5000,4,false,false,0,10,3,0,0,false,10,7500000,16,0,0,2735545,0,0,0,0,5475,16224,0,2796969,3751540,4764455,0,0,0,0,0,0,0,0,0,0,0,0,
5000,4,false,false,0,10,3,0,0,true,10,7500000,16,0,0,2735545,0,0,0,0,5475,16224,0,2796969,3751540,4764455,0,0,0,0,0,0,0,0,0,0,0,0,
5000,4,false,false,0,10,3,2500,100,false,9,6750000,12,0,0,1908716,0,0,0,0,3776,3649,86,1945871,3627030,4841284,0,0,0,0,0,0,0,0,0,0,0,0,entry:LeverageInitialMarginTooLow
5000,4,false,false,0,10,3,2500,100,true,9,6750000,9,0,1,1849163,0,0,310,372,3660,3288,86,1886373,3652734,4900837,0,0,55,342,700,1,0,0,0,0,0,0,entry:LeverageInitialMarginTooLow
5000,4,false,false,1,1,0,0,0,false,1,7500000,16,0,0,7498659,0,0,0,0,15020,66276,0,7686916,173,1341,0,0,0,0,0,0,0,0,0,0,0,0,
5000,4,false,false,1,1,0,0,0,true,1,7500000,16,0,0,7498659,0,0,0,0,15020,66276,0,7686916,173,1341,0,0,0,0,0,0,0,0,0,0,0,0,
5000,4,false,false,1,1,0,2500,100,false,1,7500000,6,1,0,7375105,124895,0,0,0,9969,154133,1664,7657267,0,0,0,0,0,0,0,0,0,0,0,0,0,0,
5000,4,false,false,1,1,0,2500,100,true,1,7500000,5,0,1,7147500,199060,153440,0,28234,5358,3669,382,7796322,0,0,0,0,80,444,1225,1,0,0,0,0,0,0,
5000,4,false,false,1,1,1,0,0,false,1,7500000,0,0,1,5108280,200000,2191720,0,25855,0,0,0,8057320,0,0,0,0,24,691,1392,0,0,0,0,0,0,0,
5000,4,false,false,1,1,1,0,0,true,1,7500000,0,0,1,5108280,200000,2191720,0,25855,0,0,0,8057320,0,0,0,0,24,691,1392,0,0,0,0,0,0,0,
5000,4,false,false,1,1,1,2500,100,false,1,7500000,0,0,1,4776359,198000,2525641,0,30390,0,0,307,7896978,0,0,0,0,24,502,1389,0,0,0,0,0,0,0,
5000,4,false,false,1,1,1,2500,100,true,1,7500000,0,0,1,4776359,198000,2525641,0,30390,0,0,307,7896978,0,0,0,0,24,502,1389,0,0,0,0,0,0,0,
5000,4,false,false,1,1,2,0,0,false,1,7500000,0,0,1,5587771,200000,1712229,0,56442,0,0,0,7424357,0,0,0,0,5,0,1392,0,0,0,0,0,0,0,
5000,4,false,false,1,1,2,0,0,true,1,7500000,0,0,1,5587771,200000,1712229,0,56442,0,0,0,7424357,0,0,0,0,5,0,1392,0,0,0,0,0,0,0,
5000,4,false,false,1,1,2,2500,100,false,1,7500000,0,0,1,5243095,198000,2058905,0,30787,0,0,311,7953650,0,0,0,0,4,570,1389,0,0,0,0,0,0,0,
5000,4,false,false,1,1,2,2500,100,true,1,7500000,0,0,1,5243095,198000,2058905,0,30787,0,0,311,7953650,0,0,0,0,4,570,1389,0,0,0,0,0,0,0,
5000,4,false,false,1,1,3,0,0,false,1,7500000,3,0,0,1971039,0,0,0,0,3949,1981,0,1992696,3843880,5528961,0,0,0,0,0,0,0,0,0,0,0,0,
5000,4,false,false,1,1,3,0,0,true,1,7500000,3,0,0,1971039,0,0,0,0,3949,1981,0,1992696,3843880,5528961,0,0,0,0,0,0,0,0,0,0,0,0,
5000,4,false,false,1,1,3,2500,100,false,1,7500000,4,0,0,4579347,0,0,0,0,9082,71140,815,4669843,2154157,2920653,0,0,0,0,0,0,0,0,0,0,0,0,
5000,4,false,false,1,1,3,2500,100,true,1,7500000,4,0,0,4579347,0,0,0,0,9082,71140,815,4669843,2154157,2920653,0,0,0,0,0,0,0,0,0,0,0,0,
5000,4,false,false,1,10,0,0,0,false,10,7500000,51,6,0,7497169,319,0,139,0,14864,25512,0,7648047,374,2512,2,863,0,0,0,0,0,0,0,569,248,0,
5000,4,false,false,1,10,0,0,0,true,10,7500000,50,1,6,7498736,0,0,4079,3307,14901,18085,0,7649523,375,1264,1,569,75,274,700,2,0,0,0,569,162,0,
5000,4,false,false,1,10,0,2500,100,false,9,6750000,49,2,1,6745045,1100,0,0,196,12814,34303,523,6889460,100,3855,5,3827,116,322,700,0,0,1,2388,2388,325,0,entry:LeverageInitialMarginTooLow
5000,4,false,false,1,10,0,2500,100,true,9,6750000,43,1,5,6745841,1268,0,5548,3719,12922,27663,548,6891711,100,2891,2,2863,60,345,700,3,0,1,2388,2388,139,0,entry:LeverageInitialMarginTooLow
5000,4,false,false,1,10,1,0,0,false,10,7500000,0,0,10,5730008,500000,1269992,0,34512,0,0,0,7717125,0,0,0,0,16,289,700,0,0,0,0,0,0,0,
5000,4,false,false,1,10,1,0,0,true,10,7500000,0,0,10,5730008,500000,1269992,0,34512,0,0,0,7717125,0,0,0,0,16,289,700,0,0,0,0,0,0,0,
5000,4,false,false,1,10,1,2500,100,false,9,6750000,0,0,9,5096720,494997,1158283,0,29957,0,0,307,6948641,0,0,0,0,18,117,700,0,0,0,0,0,0,0,entry:LeverageInitialMarginTooLow
5000,4,false,false,1,10,1,2500,100,true,9,6750000,0,0,9,5096720,494997,1158283,0,29957,0,0,307,6948641,0,0,0,0,18,117,700,0,0,0,0,0,0,0,entry:LeverageInitialMarginTooLow
5000,4,false,false,1,10,2,0,0,false,10,7500000,4,1,7,6058451,501047,713471,0,38012,2548,34034,0,7113805,39372,227031,0,0,3,0,700,0,0,0,0,0,0,0,
5000,4,false,false,1,10,2,0,0,true,10,7500000,2,0,9,6091918,501118,723034,6496,48920,2634,25325,0,7163126,32312,183930,0,0,3,0,700,1,0,0,0,0,0,0,
5000,4,false,false,1,10,2,2500,100,false,9,6750000,0,2,7,5567025,494998,687977,0,35857,0,79892,1174,6594564,0,0,0,0,3,202,700,0,0,0,0,0,0,0,entry:LeverageInitialMarginTooLow
5000,4,false,false,1,10,2,2500,100,true,9,6750000,0,0,9,5617831,495732,636437,14499,50587,1485,0,678,6594564,0,0,0,0,3,202,700,0,0,0,0,0,0,0,entry:LeverageInitialMarginTooLow
5000,4,false,false,1,10,3,0,0,false,10,7500000,16,0,0,2735545,0,0,0,0,5475,16224,0,2796969,3751540,4764455,0,0,0,0,0,0,0,0,0,0,0,0,
5000,4,false,false,1,10,3,0,0,true,10,7500000,16,0,0,2735545,0,0,0,0,5475,16224,0,2796969,3751540,4764455,0,0,0,0,0,0,0,0,0,0,0,0,
5000,4,false,false,1,10,3,2500,100,false,9,6750000,12,0,0,1908716,0,0,0,0,3776,3649,86,1945871,3627039,4841284,0,0,0,0,0,0,0,0,0,0,0,0,entry:LeverageInitialMarginTooLow
5000,4,false,false,1,10,3,2500,100,true,9,6750000,9,0,1,1849163,0,0,310,372,3660,3288,86,1886373,3652742,4900837,0,0,55,342,700,1,0,0,0,0,0,0,entry:LeverageInitialMarginTooLow
5000,4,false,true,0,1,0,0,0,false,1,7500000,5,0,1,7368557,131443,0,0,25571,7196,3192,0,7744379,0,0,0,0,73,354,1081,0,0,0,0,0,0,0,
5000,4,false,true,0,1,0,0,0,true,1,7500000,4,0,1,7004225,200737,295038,0,27167,3685,1885,0,7909687,0,0,0,0,72,604,1267,1,0,0,0,0,0,0,
5000,4,false,true,0,1,0,2500,100,false,1,7500000,5,0,1,6317683,199059,983258,0,22759,5352,3990,330,7808584,0,0,0,0,69,435,1181,0,0,0,0,0,0,0,
5000,4,false,true,0,1,0,2500,100,true,1,7500000,3,0,1,6032951,198244,1268805,0,27510,1236,1146,306,7996237,0,0,0,0,68,653,1336,1,0,0,0,0,0,0,
5000,4,false,true,0,1,1,0,0,false,1,7500000,0,0,1,4958651,200000,2341349,0,26162,0,0,0,8021508,0,0,0,0,22,650,1368,0,0,0,0,0,0,0,
5000,4,false,true,0,1,1,0,0,true,1,7500000,0,0,1,4958651,200000,2341349,0,26162,0,0,0,8021508,0,0,0,0,22,650,1368,0,0,0,0,0,0,0,
5000,4,false,true,0,1,1,2500,100,false,1,7500000,0,0,1,4403626,198000,2898374,0,29086,0,0,294,7861880,0,0,0,0,22,460,1364,0,0,0,0,0,0,0,
5000,4,false,true,0,1,1,2500,100,true,1,7500000,0,0,1,4403626,198000,2898374,0,29086,0,0,294,7861880,0,0,0,0,22,460,1364,0,0,0,0,0,0,0,
5000,4,false,true,0,1,2,0,0,false,1,7500000,0,0,1,5134047,200000,2165953,0,43944,0,0,0,7659044,0,0,0,0,4,207,1368,0,0,0,0,0,0,0,
5000,4,false,true,0,1,2,0,0,true,1,7500000,0,0,1,5134047,200000,2165953,0,43944,0,0,0,7659044,0,0,0,0,4,207,1368,0,0,0,0,0,0,0,
5000,4,false,true,0,1,2,2500,100,false,1,7500000,0,0,1,4535878,198000,2766122,0,45089,0,0,456,7506628,0,0,0,0,4,8,1364,0,0,0,0,0,0,0,
5000,4,false,true,0,1,2,2500,100,true,1,7500000,0,0,1,4535878,198000,2766122,0,45089,0,0,456,7506628,0,0,0,0,4,8,1364,0,0,0,0,0,0,0,
5000,4,false,true,0,1,3,0,0,false,1,7500000,5,1,0,7367238,132762,0,0,0,8227,111528,0,7659026,0,0,0,0,0,0,0,0,0,0,0,0,0,0,
5000,4,false,true,0,1,3,0,0,true,1,7500000,4,0,1,7003186,200757,296057,0,32124,3786,889,0,7831373,0,0,0,0,62,474,1262,1,0,0,0,0,0,0,
5000,4,false,true,0,1,3,2500,100,false,1,7500000,4,0,1,6027051,198648,1274301,0,25850,3279,4187,340,7872952,0,0,0,0,59,517,1272,0,0,0,0,0,0,0,
5000,4,false,true,0,1,3,2500,100,true,1,7500000,2,0,1,5854047,198123,1447830,0,27590,626,329,290,8027970,0,0,0,0,58,674,1350,1,0,0,0,0,0,0,
5000,4,false,true,0,10,0,0,0,false,8,6000000,61,2,0,5995006,217,0,0,0,11949,18835,0,6106224,319,4777,4,2997,0,0,0,0,0,0,0,1206,310,0,entry:LeverageInitialMarginTooLow
5000,4,false,true,0,10,0,0,0,true,8,6000000,59,1,2,5994743,77,0,244,318,11972,18251,0,6105982,309,5180,3,2720,124,347,700,1,0,0,0,1206,282,0,entry:LeverageInitialMarginTooLow
5000,4,false,true,0,10,0,2500,100,false,7,5250000,28,3,4,5233055,16945,0,0,1930,8710,32937,471,5369348,0,0,0,0,66,329,700,0,0,0,0,0,0,0,entry:LeverageInitialMarginTooLow
5000,4,false,true,0,10,0,2500,100,true,7,5250000,28,1,6,5237693,12307,0,2366,5571,8876,22172,425,5369348,0,0,0,0,66,329,700,0,0,0,0,0,0,0,entry:LeverageInitialMarginTooLow
5000,4,false,true,0,10,1,0,0,false,8,6000000,0,0,8,4519269,500000,980731,0,31958,0,0,0,6127687,0,0,0,0,16,350,700,0,0,0,0,0,0,0,entry:LeverageInitialMarginTooLow
5000,4,false,true,0,10,1,0,0,true,8,6000000,0,0,8,4519269,500000,980731,0,31958,0,0,0,6127687,0,0,0,0,16,350,700,0,0,0,0,0,0,0,entry:LeverageInitialMarginTooLow
5000,4,false,true,0,10,1,2500,100,false,7,5250000,0,0,7,3918726,494998,836276,0,26115,0,0,268,5374879,0,0,0,0,18,307,700,0,0,0,0,0,0,0,entry:LeverageInitialMarginTooLow
5000,4,false,true,0,10,1,2500,100,true,7,5250000,0,0,7,3918726,494998,836276,0,26115,0,0,268,5374879,0,0,0,0,18,307,700,0,0,0,0,0,0,0,entry:LeverageInitialMarginTooLow
5000,4,false,true,0,10,2,0,0,false,8,6000000,2,1,6,4869880,500500,464146,0,31393,1170,27161,0,5743407,28235,165474,0,0,3,0,700,0,0,0,0,0,0,0,entry:LeverageInitialMarginTooLow
5000,4,false,true,0,10,2,0,0,true,8,6000000,2,0,7,4868922,500500,465102,0,36844,1170,22668,0,5743405,28233,165476,0,0,3,0,700,0,0,0,0,0,0,0,entry:LeverageInitialMarginTooLow
5000,4,false,true,0,10,2,2500,100,false,7,5250000,1,2,5,4252500,495155,502345,0,27125,317,63823,928,5030745,0,0,0,0,4,166,700,0,0,0,0,0,0,0,entry:LeverageInitialMarginTooLow
5000,4,false,true,0,10,2,2500,100,true,7,5250000,1,0,7,4302392,495890,451718,1376,39998,1802,109,443,5030745,0,0,0,0,4,166,700,0,0,0,0,0,0,0,entry:LeverageInitialMarginTooLow
5000,4,false,true,0,10,3,0,0,false,8,6000000,9,2,0,2118211,2113,0,0,0,3670,9297,0,2168955,3031112,3879676,0,0,0,0,0,0,0,0,0,0,0,0,entry:LeverageInitialMarginTooLow
5000,4,false,true,0,10,3,0,0,true,8,6000000,9,0,2,2120324,0,0,635,1819,4025,4375,0,2168955,3031112,3879676,0,0,49,238,700,0,0,0,0,0,0,0,entry:LeverageInitialMarginTooLow
5000,4,false,true,0,10,3,2500,100,false,7,5250000,10,0,0,1647419,0,0,0,0,3260,10674,149,1685227,2762552,3602581,0,0,0,0,0,0,0,0,0,0,0,0,entry:LeverageInitialMarginTooLow
5000,4,false,true,0,10,3,2500,100,true,7,5250000,9,0,1,1801909,0,0,3665,1882,3566,6182,164,1841371,2691355,3448091,0,0,46,330,700,1,0,0,0,0,0,0,entry:LeverageInitialMarginTooLow
5000,4,false,true,1,1,0,0,0,false,1,7500000,5,0,1,7368557,131443,0,0,25571,7196,3192,0,7744379,0,0,0,0,73,354,1081,0,0,0,0,0,0,0,
5000,4,false,true,1,1,0,0,0,true,1,7500000,4,0,1,7004225,200737,295038,0,27167,3685,1885,0,7909687,0,0,0,0,72,604,1267,1,0,0,0,0,0,0,
5000,4,false,true,1,1,0,2500,100,false,1,7500000,5,0,1,6317683,199059,983258,0,22759,5352,3990,330,7808584,0,0,0,0,69,435,1181,0,0,0,0,0,0,0,
5000,4,false,true,1,1,0,2500,100,true,1,7500000,3,0,1,6032951,198244,1268805,0,27510,1236,1146,306,7996237,0,0,0,0,68,653,1336,1,0,0,0,0,0,0,
5000,4,false,true,1,1,1,0,0,false,1,7500000,0,0,1,4958651,200000,2341349,0,26162,0,0,0,8021508,0,0,0,0,22,650,1368,0,0,0,0,0,0,0,
5000,4,false,true,1,1,1,0,0,true,1,7500000,0,0,1,4958651,200000,2341349,0,26162,0,0,0,8021508,0,0,0,0,22,650,1368,0,0,0,0,0,0,0,
5000,4,false,true,1,1,1,2500,100,false,1,7500000,0,0,1,4403626,198000,2898374,0,29086,0,0,294,7861880,0,0,0,0,22,460,1364,0,0,0,0,0,0,0,
5000,4,false,true,1,1,1,2500,100,true,1,7500000,0,0,1,4403626,198000,2898374,0,29086,0,0,294,7861880,0,0,0,0,22,460,1364,0,0,0,0,0,0,0,
5000,4,false,true,1,1,2,0,0,false,1,7500000,0,0,1,5134047,200000,2165953,0,43944,0,0,0,7659044,0,0,0,0,4,207,1368,0,0,0,0,0,0,0,
5000,4,false,true,1,1,2,0,0,true,1,7500000,0,0,1,5134047,200000,2165953,0,43944,0,0,0,7659044,0,0,0,0,4,207,1368,0,0,0,0,0,0,0,
5000,4,false,true,1,1,2,2500,100,false,1,7500000,0,0,1,4535878,198000,2766122,0,45089,0,0,456,7506628,0,0,0,0,4,8,1364,0,0,0,0,0,0,0,
5000,4,false,true,1,1,2,2500,100,true,1,7500000,0,0,1,4535878,198000,2766122,0,45089,0,0,456,7506628,0,0,0,0,4,8,1364,0,0,0,0,0,0,0,
5000,4,false,true,1,1,3,0,0,false,1,7500000,5,1,0,7367238,132762,0,0,0,8227,111528,0,7659026,0,0,0,0,0,0,0,0,0,0,0,0,0,0,
5000,4,false,true,1,1,3,0,0,true,1,7500000,4,0,1,7003186,200757,296057,0,32124,3786,889,0,7831373,0,0,0,0,62,474,1262,1,0,0,0,0,0,0,
5000,4,false,true,1,1,3,2500,100,false,1,7500000,4,0,1,6027051,198648,1274301,0,25850,3279,4187,340,7872952,0,0,0,0,59,517,1272,0,0,0,0,0,0,0,
5000,4,false,true,1,1,3,2500,100,true,1,7500000,2,0,1,5854047,198123,1447830,0,27590,626,329,290,8027970,0,0,0,0,58,674,1350,1,0,0,0,0,0,0,
5000,4,false,true,1,10,0,0,0,false,8,6000000,61,2,0,5995006,217,0,0,0,11949,18835,0,6106224,319,4777,4,2997,0,0,0,0,0,0,0,1206,310,0,entry:LeverageInitialMarginTooLow
5000,4,false,true,1,10,0,0,0,true,8,6000000,59,1,2,5994743,77,0,244,318,11972,18251,0,6105982,309,5180,3,2720,124,347,700,1,0,0,0,1206,282,0,entry:LeverageInitialMarginTooLow
5000,4,false,true,1,10,0,2500,100,false,7,5250000,28,3,4,5233055,16945,0,0,1930,8710,32937,471,5369348,0,0,0,0,66,329,700,0,0,0,0,0,0,0,entry:LeverageInitialMarginTooLow
5000,4,false,true,1,10,0,2500,100,true,7,5250000,28,1,6,5237693,12307,0,2366,5571,8876,22172,425,5369348,0,0,0,0,66,329,700,0,0,0,0,0,0,0,entry:LeverageInitialMarginTooLow
5000,4,false,true,1,10,1,0,0,false,8,6000000,0,0,8,4519269,500000,980731,0,31958,0,0,0,6127687,0,0,0,0,16,350,700,0,0,0,0,0,0,0,entry:LeverageInitialMarginTooLow
5000,4,false,true,1,10,1,0,0,true,8,6000000,0,0,8,4519269,500000,980731,0,31958,0,0,0,6127687,0,0,0,0,16,350,700,0,0,0,0,0,0,0,entry:LeverageInitialMarginTooLow
5000,4,false,true,1,10,1,2500,100,false,7,5250000,0,0,7,3918726,494998,836276,0,26115,0,0,268,5374879,0,0,0,0,18,307,700,0,0,0,0,0,0,0,entry:LeverageInitialMarginTooLow
5000,4,false,true,1,10,1,2500,100,true,7,5250000,0,0,7,3918726,494998,836276,0,26115,0,0,268,5374879,0,0,0,0,18,307,700,0,0,0,0,0,0,0,entry:LeverageInitialMarginTooLow
5000,4,false,true,1,10,2,0,0,false,8,6000000,2,1,6,4869880,500500,464146,0,31393,1170,27161,0,5743407,28236,165474,0,0,3,0,700,0,0,0,0,0,0,0,entry:LeverageInitialMarginTooLow
5000,4,false,true,1,10,2,0,0,true,8,6000000,2,0,7,4868922,500500,465102,0,36844,1170,22668,0,5743405,28234,165476,0,0,3,0,700,0,0,0,0,0,0,0,entry:LeverageInitialMarginTooLow
5000,4,false,true,1,10,2,2500,100,false,7,5250000,1,2,5,4252500,495155,502345,0,27125,317,63823,928,5030745,0,0,0,0,4,166,700,0,0,0,0,0,0,0,entry:LeverageInitialMarginTooLow
5000,4,false,true,1,10,2,2500,100,true,7,5250000,1,0,7,4302392,495890,451718,1376,39998,1802,109,443,5030745,0,0,0,0,4,166,700,0,0,0,0,0,0,0,entry:LeverageInitialMarginTooLow
5000,4,false,true,1,10,3,0,0,false,8,6000000,9,2,0,2118211,2113,0,0,0,3670,9297,0,2168955,3031118,3879676,0,0,0,0,0,0,0,0,0,0,0,0,entry:LeverageInitialMarginTooLow
5000,4,false,true,1,10,3,0,0,true,8,6000000,9,0,2,2120324,0,0,635,1819,4025,4375,0,2168955,3031118,3879676,0,0,49,238,700,0,0,0,0,0,0,0,entry:LeverageInitialMarginTooLow
5000,4,false,true,1,10,3,2500,100,false,7,5250000,10,0,0,1647419,0,0,0,0,3260,10674,149,1685227,2762559,3602581,0,0,0,0,0,0,0,0,0,0,0,0,entry:LeverageInitialMarginTooLow
5000,4,false,true,1,10,3,2500,100,true,7,5250000,9,0,1,1801909,0,0,3665,1882,3566,6182,164,1841371,2691361,3448091,0,0,46,330,700,1,0,0,0,0,0,0,entry:LeverageInitialMarginTooLow
5000,4,true,false,0,1,0,0,0,false,1,7500000,0,0,1,5463379,200000,1836621,0,29050,0,0,0,7995323,0,0,0,0,53,619,1314,0,0,0,0,0,0,0,
5000,4,true,false,0,1,0,0,0,true,1,7500000,0,0,1,5463379,200000,1836621,0,29050,0,0,0,7995323,0,0,0,0,53,619,1314,0,0,0,0,0,0,0,
5000,4,true,false,0,1,0,2500,100,false,1,7500000,0,0,1,5245171,198000,2056829,0,27534,0,0,279,7994919,0,0,0,0,49,619,1310,0,0,0,0,0,0,0,
5000,4,true,false,0,1,0,2500,100,true,1,7500000,0,0,1,5245171,198000,2056829,0,27534,0,0,279,7994919,0,0,0,0,49,619,1310,0,0,0,0,0,0,0,
5000,4,true,false,0,1,1,0,0,false,1,7500000,0,0,1,4294362,200000,3005638,0,26636,0,0,0,7898179,0,0,0,0,18,504,1314,0,0,0,0,0,0,0,
5000,4,true,false,0,1,1,0,0,true,1,7500000,0,0,1,4294362,200000,3005638,0,26636,0,0,0,7898179,0,0,0,0,18,504,1314,0,0,0,0,0,0,0,
5000,4,true,false,0,1,1,2500,100,false,1,7500000,0,0,1,4183400,198000,3118600,0,24358,0,0,247,7931644,0,0,0,0,17,544,1310,0,0,0,0,0,0,0,
5000,4,true,false,0,1,1,2500,100,true,1,7500000,0,0,1,4183400,198000,3118600,0,24358,0,0,247,7931644,0,0,0,0,17,544,1310,0,0,0,0,0,0,0,
5000,4,true,false,0,1,2,0,0,false,1,7500000,0,0,1,3988307,200000,3311693,0,22250,0,0,0,7966386,0,0,0,0,3,585,1314,0,0,0,0,0,0,0,
5000,4,true,false,0,1,2,0,0,true,1,7500000,0,0,1,3988307,200000,3311693,0,22250,0,0,0,7966386,0,0,0,0,3,585,1314,0,0,0,0,0,0,0,
5000,4,true,false,0,1,2,2500,100,false,1,7500000,0,0,1,3782280,198000,3519720,0,26366,0,0,267,7807854,0,0,0,0,3,394,1310,0,0,0,0,0,0,0,
5000,4,true,false,0,1,2,2500,100,true,1,7500000,0,0,1,3782280,198000,3519720,0,26366,0,0,267,7807854,0,0,0,0,3,394,1310,0,0,0,0,0,0,0,
5000,4,true,false,0,1,3,0,0,false,1,7500000,0,0,1,5474584,200000,1825416,0,27552,0,0,0,8026544,0,0,0,0,44,656,1314,0,0,0,0,0,0,0,
5000,4,true,false,0,1,3,0,0,true,1,7500000,0,0,1,5474584,200000,1825416,0,27552,0,0,0,8026544,0,0,0,0,44,656,1314,0,0,0,0,0,0,0,
5000,4,true,false,0,1,3,2500,100,false,1,7500000,0,0,1,5245431,198000,2056569,0,26855,0,0,272,8010135,0,0,0,0,41,636,1310,0,0,0,0,0,0,0,
5000,4,true,false,0,1,3,2500,100,true,1,7500000,0,0,1,5245431,198000,2056569,0,26855,0,0,272,8010135,0,0,0,0,41,636,1310,0,0,0,0,0,0,0,
5000,4,true,false,0,10,0,0,0,false,6,4500000,0,0,6,3600244,500000,399756,0,18825,0,0,0,4656594,0,0,0,0,51,338,700,0,0,0,0,0,0,0,entry:LeverageInitialMarginTooLow
5000,4,true,false,0,10,0,0,0,true,6,4500000,0,0,6,3600244,500000,399756,0,18825,0,0,0,4656594,0,0,0,0,51,338,700,0,0,0,0,0,0,0,entry:LeverageInitialMarginTooLow
5000,4,true,false,0,10,0,2500,100,false,6,4500000,0,0,6,3583112,494999,421889,0,18579,0,0,191,4656332,0,0,0,0,47,338,700,0,0,0,0,0,0,0,entry:LeverageInitialMarginTooLow
5000,4,true,false,0,10,0,2500,100,true,6,4500000,0,0,6,3583112,494999,421889,0,18579,0,0,191,4656332,0,0,0,0,47,338,700,0,0,0,0,0,0,0,entry:LeverageInitialMarginTooLow
5000,4,true,false,0,10,1,0,0,false,6,4500000,0,0,6,2736787,500000,1263213,0,18823,0,0,0,4602260,0,0,0,0,18,119,700,0,0,0,0,0,0,0,entry:LeverageInitialMarginTooLow
5000,4,true,false,0,10,1,0,0,true,6,4500000,0,0,6,2736787,500000,1263213,0,18823,0,0,0,4602260,0,0,0,0,18,119,700,0,0,0,0,0,0,0,entry:LeverageInitialMarginTooLow
5000,4,true,false,0,10,1,2500,100,false,6,4500000,0,0,6,2756879,495000,1248121,0,16747,0,0,173,4626611,0,0,0,0,17,160,700,0,0,0,0,0,0,0,entry:LeverageInitialMarginTooLow
5000,4,true,false,0,10,1,2500,100,true,6,4500000,0,0,6,2756879,495000,1248121,0,16747,0,0,173,4626611,0,0,0,0,17,160,700,0,0,0,0,0,0,0,entry:LeverageInitialMarginTooLow
5000,4,true,false,0,10,2,0,0,false,6,4500000,0,0,5,2360885,500000,889115,0,19626,0,0,0,3681423,56651,750000,0,0,3,202,700,0,0,0,0,0,0,0,entry:LeverageInitialMarginTooLow
5000,4,true,false,0,10,2,0,0,true,6,4500000,0,0,5,2360885,500000,889115,0,19626,0,0,0,3681423,56651,750000,0,0,3,202,700,0,0,0,0,0,0,0,entry:LeverageInitialMarginTooLow
5000,4,true,false,0,10,2,2500,100,false,6,4500000,0,0,5,2273361,495000,981639,0,22711,0,0,232,3548955,40599,750000,1,750000,3,3,700,0,0,1,750000,750000,135288,0,entry:LeverageInitialMarginTooLow
5000,4,true,false,0,10,2,2500,100,true,6,4500000,0,0,5,2273361,495000,981639,0,22711,0,0,232,3548955,40599,750000,1,750000,3,3,700,0,0,1,750000,750000,135288,0,entry:LeverageInitialMarginTooLow
5000,4,true,false,0,10,3,0,0,false,6,4500000,0,0,3,1794507,442024,13469,0,9819,0,0,0,2324259,1705278,2250000,0,0,43,337,700,0,0,0,0,0,0,0,entry:LeverageInitialMarginTooLow
5000,4,true,false,0,10,3,0,0,true,6,4500000,0,0,3,1794507,442024,13469,0,9819,0,0,0,2324259,1705278,2250000,0,0,43,337,700,0,0,0,0,0,0,0,entry:LeverageInitialMarginTooLow
5000,4,true,false,0,10,3,2500,100,false,6,4500000,0,0,3,1786402,446462,17136,0,9710,0,0,99,2323997,1626565,2250000,0,0,40,317,700,0,0,0,0,0,0,0,entry:LeverageInitialMarginTooLow
5000,4,true,false,0,10,3,2500,100,true,6,4500000,0,0,3,1786402,446462,17136,0,9710,0,0,99,2323997,1626565,2250000,0,0,40,317,700,0,0,0,0,0,0,0,entry:LeverageInitialMarginTooLow
5000,4,true,false,1,1,0,0,0,false,1,7500000,0,0,1,5463379,200000,1836621,0,29050,0,0,0,7995323,0,0,0,0,53,619,1314,0,0,0,0,0,0,0,
5000,4,true,false,1,1,0,0,0,true,1,7500000,0,0,1,5463379,200000,1836621,0,29050,0,0,0,7995323,0,0,0,0,53,619,1314,0,0,0,0,0,0,0,
5000,4,true,false,1,1,0,2500,100,false,1,7500000,0,0,1,5245171,198000,2056829,0,27534,0,0,279,7994919,0,0,0,0,49,619,1310,0,0,0,0,0,0,0,
5000,4,true,false,1,1,0,2500,100,true,1,7500000,0,0,1,5245171,198000,2056829,0,27534,0,0,279,7994919,0,0,0,0,49,619,1310,0,0,0,0,0,0,0,
5000,4,true,false,1,1,1,0,0,false,1,7500000,0,0,1,4294362,200000,3005638,0,26636,0,0,0,7898179,0,0,0,0,18,504,1314,0,0,0,0,0,0,0,
5000,4,true,false,1,1,1,0,0,true,1,7500000,0,0,1,4294362,200000,3005638,0,26636,0,0,0,7898179,0,0,0,0,18,504,1314,0,0,0,0,0,0,0,
5000,4,true,false,1,1,1,2500,100,false,1,7500000,0,0,1,4183400,198000,3118600,0,24358,0,0,247,7931644,0,0,0,0,17,544,1310,0,0,0,0,0,0,0,
5000,4,true,false,1,1,1,2500,100,true,1,7500000,0,0,1,4183400,198000,3118600,0,24358,0,0,247,7931644,0,0,0,0,17,544,1310,0,0,0,0,0,0,0,
5000,4,true,false,1,1,2,0,0,false,1,7500000,0,0,1,3988307,200000,3311693,0,22250,0,0,0,7966386,0,0,0,0,3,585,1314,0,0,0,0,0,0,0,
5000,4,true,false,1,1,2,0,0,true,1,7500000,0,0,1,3988307,200000,3311693,0,22250,0,0,0,7966386,0,0,0,0,3,585,1314,0,0,0,0,0,0,0,
5000,4,true,false,1,1,2,2500,100,false,1,7500000,0,0,1,3782280,198000,3519720,0,26366,0,0,267,7807854,0,0,0,0,3,394,1310,0,0,0,0,0,0,0,
5000,4,true,false,1,1,2,2500,100,true,1,7500000,0,0,1,3782280,198000,3519720,0,26366,0,0,267,7807854,0,0,0,0,3,394,1310,0,0,0,0,0,0,0,
5000,4,true,false,1,1,3,0,0,false,1,7500000,0,0,1,5474584,200000,1825416,0,27552,0,0,0,8026544,0,0,0,0,44,656,1314,0,0,0,0,0,0,0,
5000,4,true,false,1,1,3,0,0,true,1,7500000,0,0,1,5474584,200000,1825416,0,27552,0,0,0,8026544,0,0,0,0,44,656,1314,0,0,0,0,0,0,0,
5000,4,true,false,1,1,3,2500,100,false,1,7500000,0,0,1,5245431,198000,2056569,0,26855,0,0,272,8010135,0,0,0,0,41,636,1310,0,0,0,0,0,0,0,
5000,4,true,false,1,1,3,2500,100,true,1,7500000,0,0,1,5245431,198000,2056569,0,26855,0,0,272,8010135,0,0,0,0,41,636,1310,0,0,0,0,0,0,0,
5000,4,true,false,1,10,0,0,0,false,6,4500000,0,0,6,3600245,500000,399755,0,18825,0,0,0,4656595,0,0,0,0,51,338,700,0,0,0,0,0,0,0,entry:LeverageInitialMarginTooLow
5000,4,true,false,1,10,0,0,0,true,6,4500000,0,0,6,3600245,500000,399755,0,18825,0,0,0,4656595,0,0,0,0,51,338,700,0,0,0,0,0,0,0,entry:LeverageInitialMarginTooLow
5000,4,true,false,1,10,0,2500,100,false,6,4500000,0,0,6,3583113,494999,421888,0,18579,0,0,191,4656332,0,0,0,0,47,338,700,0,0,0,0,0,0,0,entry:LeverageInitialMarginTooLow
5000,4,true,false,1,10,0,2500,100,true,6,4500000,0,0,6,3583113,494999,421888,0,18579,0,0,191,4656332,0,0,0,0,47,338,700,0,0,0,0,0,0,0,entry:LeverageInitialMarginTooLow
5000,4,true,false,1,10,1,0,0,false,6,4500000,0,0,6,2736787,500000,1263213,0,18823,0,0,0,4602261,0,0,0,0,18,119,700,0,0,0,0,0,0,0,entry:LeverageInitialMarginTooLow
5000,4,true,false,1,10,1,0,0,true,6,4500000,0,0,6,2736787,500000,1263213,0,18823,0,0,0,4602261,0,0,0,0,18,119,700,0,0,0,0,0,0,0,entry:LeverageInitialMarginTooLow
5000,4,true,false,1,10,1,2500,100,false,6,4500000,0,0,6,2756879,495000,1248121,0,16747,0,0,173,4626611,0,0,0,0,17,160,700,0,0,0,0,0,0,0,entry:LeverageInitialMarginTooLow
5000,4,true,false,1,10,1,2500,100,true,6,4500000,0,0,6,2756879,495000,1248121,0,16747,0,0,173,4626611,0,0,0,0,17,160,700,0,0,0,0,0,0,0,entry:LeverageInitialMarginTooLow
5000,4,true,false,1,10,2,0,0,false,6,4500000,0,0,5,2360885,500000,889115,0,19626,0,0,0,3681423,56651,750000,0,0,3,202,700,0,0,0,0,0,0,0,entry:LeverageInitialMarginTooLow
5000,4,true,false,1,10,2,0,0,true,6,4500000,0,0,5,2360885,500000,889115,0,19626,0,0,0,3681423,56651,750000,0,0,3,202,700,0,0,0,0,0,0,0,entry:LeverageInitialMarginTooLow
5000,4,true,false,1,10,2,2500,100,false,6,4500000,0,0,5,2273362,495000,981638,0,22711,0,0,232,3548955,40599,750000,1,750000,3,3,700,0,0,1,750000,750000,135288,0,entry:LeverageInitialMarginTooLow
5000,4,true,false,1,10,2,2500,100,true,6,4500000,0,0,5,2273362,495000,981638,0,22711,0,0,232,3548955,40599,750000,1,750000,3,3,700,0,0,1,750000,750000,135288,0,entry:LeverageInitialMarginTooLow
5000,4,true,false,1,10,3,0,0,false,6,4500000,0,0,3,1794507,442024,13469,0,9819,0,0,0,2324259,1705279,2250000,0,0,43,337,700,0,0,0,0,0,0,0,entry:LeverageInitialMarginTooLow
5000,4,true,false,1,10,3,0,0,true,6,4500000,0,0,3,1794507,442024,13469,0,9819,0,0,0,2324259,1705279,2250000,0,0,43,337,700,0,0,0,0,0,0,0,entry:LeverageInitialMarginTooLow
5000,4,true,false,1,10,3,2500,100,false,6,4500000,0,0,3,1786402,446462,17136,0,9710,0,0,99,2323997,1626566,2250000,0,0,40,317,700,0,0,0,0,0,0,0,entry:LeverageInitialMarginTooLow
5000,4,true,false,1,10,3,2500,100,true,6,4500000,0,0,3,1786402,446462,17136,0,9710,0,0,99,2323997,1626566,2250000,0,0,40,317,700,0,0,0,0,0,0,0,entry:LeverageInitialMarginTooLow
5000,4,true,true,0,1,0,0,0,false,1,7500000,0,0,1,5332978,200000,1967022,0,27132,0,0,0,8010467,0,0,0,0,43,637,1290,0,0,0,0,0,0,0,
5000,4,true,true,0,1,0,0,0,true,1,7500000,0,0,1,5332978,200000,1967022,0,27132,0,0,0,8010467,0,0,0,0,43,637,1290,0,0,0,0,0,0,0,
5000,4,true,true,0,1,0,2500,100,false,1,7500000,0,0,1,4906916,198000,2395084,0,24677,0,0,250,8010062,0,0,0,0,39,636,1286,0,0,0,0,0,0,0,
5000,4,true,true,0,1,0,2500,100,true,1,7500000,0,0,1,4906916,198000,2395084,0,24677,0,0,250,8010062,0,0,0,0,39,636,1286,0,0,0,0,0,0,0,
5000,4,true,true,0,1,1,0,0,false,1,7500000,0,0,1,4240756,200000,3059244,0,25997,0,0,0,7898126,0,0,0,0,16,504,1290,0,0,0,0,0,0,0,
5000,4,true,true,0,1,1,0,0,true,1,7500000,0,0,1,4240756,200000,3059244,0,25997,0,0,0,7898126,0,0,0,0,16,504,1290,0,0,0,0,0,0,0,
5000,4,true,true,0,1,1,2500,100,false,1,7500000,0,0,1,3971295,198000,3330705,0,23186,0,0,235,7921917,0,0,0,0,15,532,1286,0,0,0,0,0,0,0,
5000,4,true,true,0,1,1,2500,100,true,1,7500000,0,0,1,3971295,198000,3330705,0,23186,0,0,235,7921917,0,0,0,0,15,532,1286,0,0,0,0,0,0,0,
5000,4,true,true,0,1,2,0,0,false,1,7500000,0,0,1,3777107,200000,3522893,0,34511,0,0,0,7593003,0,0,0,0,3,122,1290,0,0,0,0,0,0,0,
5000,4,true,true,0,1,2,0,0,true,1,7500000,0,0,1,3777107,200000,3522893,0,34511,0,0,0,7593003,0,0,0,0,3,122,1290,0,0,0,0,0,0,0,
5000,4,true,true,0,1,2,2500,100,false,1,7500000,0,0,1,3402257,198000,3899743,0,34022,0,0,344,7441902,0,0,0,0,3,0,1286,0,0,0,0,0,0,0,
5000,4,true,true,0,1,2,2500,100,true,1,7500000,0,0,1,3402257,198000,3899743,0,34022,0,0,344,7441902,0,0,0,0,3,0,1286,0,0,0,0,0,0,0,
5000,4,true,true,0,1,3,0,0,false,1,7500000,0,0,1,5301295,200000,1998705,0,28591,0,0,0,7977678,0,0,0,0,37,598,1290,0,0,0,0,0,0,0,
5000,4,true,true,0,1,3,0,0,true,1,7500000,0,0,1,5301295,200000,1998705,0,28591,0,0,0,7977678,0,0,0,0,37,598,1290,0,0,0,0,0,0,0,
5000,4,true,true,0,1,3,2500,100,false,1,7500000,0,0,1,4897738,198000,2404262,0,24632,0,0,249,8009425,0,0,0,0,33,636,1286,0,0,0,0,0,0,0,
5000,4,true,true,0,1,3,2500,100,true,1,7500000,0,0,1,4897738,198000,2404262,0,24632,0,0,249,8009425,0,0,0,0,33,636,1286,0,0,0,0,0,0,0,
5000,4,true,true,0,10,0,0,0,false,6,4500000,0,0,6,3586022,500000,413978,0,18914,0,0,0,4655064,0,0,0,0,39,320,700,0,0,0,0,0,0,0,entry:LeverageInitialMarginTooLow
5000,4,true,true,0,10,0,0,0,true,6,4500000,0,0,6,3586022,500000,413978,0,18914,0,0,0,4655064,0,0,0,0,39,320,700,0,0,0,0,0,0,0,entry:LeverageInitialMarginTooLow
5000,4,true,true,0,10,0,2500,100,false,6,4500000,0,0,6,3547653,494997,457350,0,18548,0,0,190,4654806,0,0,0,0,35,320,700,0,0,0,0,0,0,0,entry:LeverageInitialMarginTooLow
5000,4,true,true,0,10,0,2500,100,true,6,4500000,0,0,6,3547653,494997,457350,0,18548,0,0,190,4654806,0,0,0,0,35,320,700,0,0,0,0,0,0,0,entry:LeverageInitialMarginTooLow
5000,4,true,true,0,10,1,0,0,false,6,4500000,0,0,6,2750775,500000,1249225,0,19204,0,0,0,4598591,0,0,0,0,15,209,700,0,0,0,0,0,0,0,entry:LeverageInitialMarginTooLow
5000,4,true,true,0,10,1,0,0,true,6,4500000,0,0,6,2750775,500000,1249225,0,19204,0,0,0,4598591,0,0,0,0,15,209,700,0,0,0,0,0,0,0,entry:LeverageInitialMarginTooLow
5000,4,true,true,0,10,1,2500,100,false,6,4500000,0,0,6,2754199,495000,1250801,0,17905,0,0,183,4611978,0,0,0,0,14,232,700,0,0,0,0,0,0,0,entry:LeverageInitialMarginTooLow
5000,4,true,true,0,10,1,2500,100,true,6,4500000,0,0,6,2754199,495000,1250801,0,17905,0,0,183,4611978,0,0,0,0,14,232,700,0,0,0,0,0,0,0,entry:LeverageInitialMarginTooLow
5000,4,true,true,0,10,2,0,0,false,6,4500000,0,0,5,2245522,500000,1004478,0,21805,0,0,0,3595979,49475,750000,1,750000,3,143,700,0,0,1,750000,750000,127101,0,entry:LeverageInitialMarginTooLow
5000,4,true,true,0,10,2,0,0,true,6,4500000,0,0,5,2245522,500000,1004478,0,21805,0,0,0,3595979,49475,750000,1,750000,3,143,700,0,0,1,750000,750000,127101,0,entry:LeverageInitialMarginTooLow
5000,4,true,true,0,10,2,2500,100,false,6,4500000,0,0,6,2763973,495000,1241027,0,25949,0,0,267,4248977,0,0,0,0,3,0,700,0,0,0,0,0,0,0,entry:LeverageInitialMarginTooLow
5000,4,true,true,0,10,2,2500,100,true,6,4500000,0,0,6,2763973,495000,1241027,0,25949,0,0,267,4248977,0,0,0,0,3,0,700,0,0,0,0,0,0,0,entry:LeverageInitialMarginTooLow
5000,4,true,true,0,10,3,0,0,false,6,4500000,0,0,4,2390536,500000,109464,0,13185,0,0,0,3098071,1225288,1500000,0,0,33,319,700,0,0,0,0,0,0,0,entry:LeverageInitialMarginTooLow
5000,4,true,true,0,10,3,0,0,true,6,4500000,0,0,4,2390536,500000,109464,0,13185,0,0,0,3098071,1225288,1500000,0,0,33,319,700,0,0,0,0,0,0,0,entry:LeverageInitialMarginTooLow
5000,4,true,true,0,10,3,2500,100,false,6,4500000,0,0,4,2361798,494998,143204,0,12598,0,0,128,3100952,1171052,1500000,0,0,30,299,700,0,0,0,0,0,0,0,entry:LeverageInitialMarginTooLow
5000,4,true,true,0,10,3,2500,100,true,6,4500000,0,0,4,2361798,494998,143204,0,12598,0,0,128,3100952,1171052,1500000,0,0,30,299,700,0,0,0,0,0,0,0,entry:LeverageInitialMarginTooLow
5000,4,true,true,1,1,0,0,0,false,1,7500000,0,0,1,5332978,200000,1967022,0,27132,0,0,0,8010467,0,0,0,0,43,637,1290,0,0,0,0,0,0,0,
5000,4,true,true,1,1,0,0,0,true,1,7500000,0,0,1,5332978,200000,1967022,0,27132,0,0,0,8010467,0,0,0,0,43,637,1290,0,0,0,0,0,0,0,
5000,4,true,true,1,1,0,2500,100,false,1,7500000,0,0,1,4906916,198000,2395084,0,24677,0,0,250,8010062,0,0,0,0,39,636,1286,0,0,0,0,0,0,0,
5000,4,true,true,1,1,0,2500,100,true,1,7500000,0,0,1,4906916,198000,2395084,0,24677,0,0,250,8010062,0,0,0,0,39,636,1286,0,0,0,0,0,0,0,
5000,4,true,true,1,1,1,0,0,false,1,7500000,0,0,1,4240756,200000,3059244,0,25997,0,0,0,7898126,0,0,0,0,16,504,1290,0,0,0,0,0,0,0,
5000,4,true,true,1,1,1,0,0,true,1,7500000,0,0,1,4240756,200000,3059244,0,25997,0,0,0,7898126,0,0,0,0,16,504,1290,0,0,0,0,0,0,0,
5000,4,true,true,1,1,1,2500,100,false,1,7500000,0,0,1,3971295,198000,3330705,0,23186,0,0,235,7921917,0,0,0,0,15,532,1286,0,0,0,0,0,0,0,
5000,4,true,true,1,1,1,2500,100,true,1,7500000,0,0,1,3971295,198000,3330705,0,23186,0,0,235,7921917,0,0,0,0,15,532,1286,0,0,0,0,0,0,0,
5000,4,true,true,1,1,2,0,0,false,1,7500000,0,0,1,3777107,200000,3522893,0,34511,0,0,0,7593003,0,0,0,0,3,122,1290,0,0,0,0,0,0,0,
5000,4,true,true,1,1,2,0,0,true,1,7500000,0,0,1,3777107,200000,3522893,0,34511,0,0,0,7593003,0,0,0,0,3,122,1290,0,0,0,0,0,0,0,
5000,4,true,true,1,1,2,2500,100,false,1,7500000,0,0,1,3402257,198000,3899743,0,34022,0,0,344,7441902,0,0,0,0,3,0,1286,0,0,0,0,0,0,0,
5000,4,true,true,1,1,2,2500,100,true,1,7500000,0,0,1,3402257,198000,3899743,0,34022,0,0,344,7441902,0,0,0,0,3,0,1286,0,0,0,0,0,0,0,
5000,4,true,true,1,1,3,0,0,false,1,7500000,0,0,1,5301295,200000,1998705,0,28591,0,0,0,7977678,0,0,0,0,37,598,1290,0,0,0,0,0,0,0,
5000,4,true,true,1,1,3,0,0,true,1,7500000,0,0,1,5301295,200000,1998705,0,28591,0,0,0,7977678,0,0,0,0,37,598,1290,0,0,0,0,0,0,0,
5000,4,true,true,1,1,3,2500,100,false,1,7500000,0,0,1,4897738,198000,2404262,0,24632,0,0,249,8009425,0,0,0,0,33,636,1286,0,0,0,0,0,0,0,
5000,4,true,true,1,1,3,2500,100,true,1,7500000,0,0,1,4897738,198000,2404262,0,24632,0,0,249,8009425,0,0,0,0,33,636,1286,0,0,0,0,0,0,0,
5000,4,true,true,1,10,0,0,0,false,6,4500000,0,0,6,3586023,500000,413977,0,18914,0,0,0,4655064,0,0,0,0,39,320,700,0,0,0,0,0,0,0,entry:LeverageInitialMarginTooLow
5000,4,true,true,1,10,0,0,0,true,6,4500000,0,0,6,3586023,500000,413977,0,18914,0,0,0,4655064,0,0,0,0,39,320,700,0,0,0,0,0,0,0,entry:LeverageInitialMarginTooLow
5000,4,true,true,1,10,0,2500,100,false,6,4500000,0,0,6,3547654,494997,457349,0,18548,0,0,190,4654807,0,0,0,0,35,320,700,0,0,0,0,0,0,0,entry:LeverageInitialMarginTooLow
5000,4,true,true,1,10,0,2500,100,true,6,4500000,0,0,6,3547654,494997,457349,0,18548,0,0,190,4654807,0,0,0,0,35,320,700,0,0,0,0,0,0,0,entry:LeverageInitialMarginTooLow
5000,4,true,true,1,10,1,0,0,false,6,4500000,0,0,6,2750775,500000,1249225,0,19204,0,0,0,4598592,0,0,0,0,15,209,700,0,0,0,0,0,0,0,entry:LeverageInitialMarginTooLow
5000,4,true,true,1,10,1,0,0,true,6,4500000,0,0,6,2750775,500000,1249225,0,19204,0,0,0,4598592,0,0,0,0,15,209,700,0,0,0,0,0,0,0,entry:LeverageInitialMarginTooLow
5000,4,true,true,1,10,1,2500,100,false,6,4500000,0,0,6,2754200,495000,1250800,0,17905,0,0,183,4611979,0,0,0,0,14,232,700,0,0,0,0,0,0,0,entry:LeverageInitialMarginTooLow
5000,4,true,true,1,10,1,2500,100,true,6,4500000,0,0,6,2754200,495000,1250800,0,17905,0,0,183,4611979,0,0,0,0,14,232,700,0,0,0,0,0,0,0,entry:LeverageInitialMarginTooLow
5000,4,true,true,1,10,2,0,0,false,6,4500000,0,0,5,2245522,500000,1004478,0,21805,0,0,0,3595979,49475,750000,1,750000,3,143,700,0,0,1,750000,750000,127101,0,entry:LeverageInitialMarginTooLow
5000,4,true,true,1,10,2,0,0,true,6,4500000,0,0,5,2245522,500000,1004478,0,21805,0,0,0,3595979,49475,750000,1,750000,3,143,700,0,0,1,750000,750000,127101,0,entry:LeverageInitialMarginTooLow
5000,4,true,true,1,10,2,2500,100,false,6,4500000,0,0,6,2763973,495000,1241027,0,25949,0,0,267,4248977,0,0,0,0,3,0,700,0,0,0,0,0,0,0,entry:LeverageInitialMarginTooLow
5000,4,true,true,1,10,2,2500,100,true,6,4500000,0,0,6,2763973,495000,1241027,0,25949,0,0,267,4248977,0,0,0,0,3,0,700,0,0,0,0,0,0,0,entry:LeverageInitialMarginTooLow
5000,4,true,true,1,10,3,0,0,false,6,4500000,0,0,4,2390536,500000,109464,0,13185,0,0,0,3098071,1225287,1500000,0,0,33,319,700,0,0,0,0,0,0,0,entry:LeverageInitialMarginTooLow
5000,4,true,true,1,10,3,0,0,true,6,4500000,0,0,4,2390536,500000,109464,0,13185,0,0,0,3098071,1225287,1500000,0,0,33,319,700,0,0,0,0,0,0,0,entry:LeverageInitialMarginTooLow
5000,4,true,true,1,10,3,2500,100,false,6,4500000,0,0,4,2361798,494998,143204,0,12598,0,0,128,3100953,1171055,1500000,0,0,30,299,700,0,0,0,0,0,0,0,entry:LeverageInitialMarginTooLow
5000,4,true,true,1,10,3,2500,100,true,6,4500000,0,0,4,2361798,494998,143204,0,12598,0,0,128,3100953,1171055,1500000,0,0,30,299,700,0,0,0,0,0,0,0,entry:LeverageInitialMarginTooLow
5000,10,false,false,0,1,0,0,0,false,1,7500000,13,0,0,7498924,0,0,0,0,15020,122960,0,7716101,301,1076,0,0,0,0,0,0,0,0,0,0,0,0,
5000,10,false,false,0,1,0,0,0,true,1,7500000,5,0,1,7370358,129642,0,0,22929,6374,4219,0,7842668,0,0,0,0,103,568,1247,1,0,0,0,0,0,0,
5000,10,false,false,0,1,0,2500,100,false,1,7500000,5,0,1,6757501,199316,543183,0,16947,6654,2039,265,7872193,0,0,0,0,99,608,1218,0,0,0,0,0,0,0,
5000,10,false,false,0,1,0,2500,100,true,1,7500000,4,0,1,6747484,198666,553850,0,30475,3367,1717,363,7872194,0,0,0,0,99,533,1353,1,0,0,0,0,0,0,
5000,10,false,false,0,1,1,0,0,false,1,7500000,0,0,1,4880444,200000,2419556,0,29059,0,0,0,7965442,0,0,0,0,28,584,1431,0,0,0,0,0,0,0,
5000,10,false,false,0,1,1,0,0,true,1,7500000,0,0,1,4880444,200000,2419556,0,29059,0,0,0,7965442,0,0,0,0,28,584,1431,0,0,0,0,0,0,0,
5000,10,false,false,0,1,1,2500,100,false,1,7500000,0,0,1,4672964,198000,2629036,0,25113,0,0,254,8028158,0,0,0,0,27,657,1428,0,0,0,0,0,0,0,
5000,10,false,false,0,1,1,2500,100,true,1,7500000,0,0,1,4672964,198000,2629036,0,25113,0,0,254,8028158,0,0,0,0,27,657,1428,0,0,0,0,0,0,0,
5000,10,false,false,0,1,2,0,0,false,1,7500000,0,0,1,5980028,200000,1319972,0,43312,0,0,0,7814696,0,0,0,0,6,402,1431,0,0,0,0,0,0,0,
5000,10,false,false,0,1,2,0,0,true,1,7500000,0,0,1,5980028,200000,1319972,0,43312,0,0,0,7814696,0,0,0,0,6,402,1431,0,0,0,0,0,0,0,
5000,10,false,false,0,1,2,2500,100,false,1,7500000,0,0,1,5552739,198000,1749261,0,29646,0,0,300,8032541,0,0,0,0,5,662,1428,0,0,0,0,0,0,0,
5000,10,false,false,0,1,2,2500,100,true,1,7500000,0,0,1,5552739,198000,1749261,0,29646,0,0,300,8032541,0,0,0,0,5,662,1428,0,0,0,0,0,0,0,
5000,10,false,false,0,1,3,0,0,false,1,7500000,0,0,0,0,0,0,0,0,0,0,0,0,6015922,7500000,0,0,0,0,0,0,0,0,0,0,0,0,
5000,10,false,false,0,1,3,0,0,true,1,7500000,0,0,0,0,0,0,0,0,0,0,0,0,6015922,7500000,0,0,0,0,0,0,0,0,0,0,0,0,
5000,10,false,false,0,1,3,2500,100,false,1,7500000,0,0,0,0,0,0,0,0,0,0,0,0,5746953,7500000,0,0,0,0,0,0,0,0,0,0,0,0,
5000,10,false,false,0,1,3,2500,100,true,1,7500000,0,0,0,0,0,0,0,0,0,0,0,0,5746953,7500000,0,0,0,0,0,0,0,0,0,0,0,0,
5000,10,false,false,0,10,0,0,0,false,10,7500000,50,4,2,7490955,5746,0,0,1186,14150,47090,0,7642603,499,3299,0,0,137,325,700,0,0,0,0,0,0,0,
5000,10,false,false,0,10,0,0,0,true,10,7500000,40,1,7,7490852,1968,0,8129,6978,13998,28498,0,7641350,576,7180,1,5653,81,330,700,3,0,1,5653,5653,0,0,
5000,10,false,false,0,10,0,2500,100,false,10,7500000,43,3,3,7451732,43552,0,0,4948,11816,86595,1089,7638432,389,4716,2,2253,116,326,700,0,0,1,2142,2142,32,0,
5000,10,false,false,0,10,0,2500,100,true,10,7500000,38,0,8,7474213,21415,0,6392,12614,13163,50605,879,7640575,362,4372,1,2141,77,345,700,2,0,1,2141,2141,0,0,
5000,10,false,false,0,10,1,0,0,false,10,7500000,0,0,10,5502958,500000,1497042,0,37650,0,0,0,7671137,0,0,0,0,21,346,700,0,0,0,0,0,0,0,
5000,10,false,false,0,10,1,0,0,true,10,7500000,0,0,10,5502958,500000,1497042,0,37650,0,0,0,7671137,0,0,0,0,21,346,700,0,0,0,0,0,0,0,
5000,10,false,false,0,10,1,2500,100,false,10,7500000,0,0,10,5392808,494998,1612194,0,36428,0,0,373,7670539,0,0,0,0,21,150,700,0,0,0,0,0,0,0,
5000,10,false,false,0,10,1,2500,100,true,10,7500000,0,0,10,5392808,494998,1612194,0,36428,0,0,373,7670539,0,0,0,0,21,150,700,0,0,0,0,0,0,0,
5000,10,false,false,0,10,2,0,0,false,10,7500000,7,1,7,6796894,501904,118984,0,35033,3808,116281,0,7483244,17501,82218,0,0,4,222,700,0,0,0,0,0,0,0,
5000,10,false,false,0,10,2,0,0,true,10,7500000,7,0,8,6816339,501580,99863,24378,39710,4769,66820,0,7483244,17501,82218,0,0,4,222,700,0,0,0,0,0,0,0,
5000,10,false,false,0,10,2,2500,100,false,10,7500000,1,2,8,6388266,495552,616182,0,45009,1120,155576,2043,7369019,0,0,0,0,4,23,700,0,0,0,0,0,0,0,
5000,10,false,false,0,10,2,2500,100,true,10,7500000,1,0,10,6504215,495555,500230,19101,54552,1485,12300,889,7369019,0,0,0,0,4,23,700,0,0,0,0,0,0,0,
5000,10,false,false,0,10,3,0,0,false,10,7500000,3,0,0,601869,0,0,0,0,1205,581,0,614866,5758475,6898131,0,0,0,0,0,0,0,0,0,0,0,0,
5000,10,false,false,0,10,3,0,0,true,10,7500000,3,0,0,601869,0,0,0,0,1205,581,0,614866,5758475,6898131,0,0,0,0,0,0,0,0,0,0,0,0,
5000,10,false,false,0,10,3,2500,100,false,10,7500000,5,0,0,988007,0,0,0,0,1957,3269,55,1009444,5328515,6511993,0,0,0,0,0,0,0,0,0,0,0,0,
5000,10,false,false,0,10,3,2500,100,true,10,7500000,5,0,0,988007,0,0,0,0,1957,3269,55,1009444,5328515,6511993,0,0,0,0,0,0,0,0,0,0,0,0,
5000,10,false,false,1,1,0,0,0,false,1,7500000,13,0,0,7498924,0,0,0,0,15020,122960,0,7716101,301,1076,0,0,0,0,0,0,0,0,0,0,0,0,
5000,10,false,false,1,1,0,0,0,true,1,7500000,5,0,1,7370358,129642,0,0,22929,6374,4219,0,7842668,0,0,0,0,103,568,1247,1,0,0,0,0,0,0,
5000,10,false,false,1,1,0,2500,100,false,1,7500000,5,0,1,6757501,199316,543183,0,16947,6654,2039,265,7872193,0,0,0,0,99,608,1218,0,0,0,0,0,0,0,
5000,10,false,false,1,1,0,2500,100,true,1,7500000,4,0,1,6747484,198666,553850,0,30475,3367,1717,363,7872194,0,0,0,0,99,533,1353,1,0,0,0,0,0,0,
5000,10,false,false,1,1,1,0,0,false,1,7500000,0,0,1,4880444,200000,2419556,0,29059,0,0,0,7965442,0,0,0,0,28,584,1431,0,0,0,0,0,0,0,
5000,10,false,false,1,1,1,0,0,true,1,7500000,0,0,1,4880444,200000,2419556,0,29059,0,0,0,7965442,0,0,0,0,28,584,1431,0,0,0,0,0,0,0,
5000,10,false,false,1,1,1,2500,100,false,1,7500000,0,0,1,4672964,198000,2629036,0,25113,0,0,254,8028158,0,0,0,0,27,657,1428,0,0,0,0,0,0,0,
5000,10,false,false,1,1,1,2500,100,true,1,7500000,0,0,1,4672964,198000,2629036,0,25113,0,0,254,8028158,0,0,0,0,27,657,1428,0,0,0,0,0,0,0,
5000,10,false,false,1,1,2,0,0,false,1,7500000,0,0,1,5980028,200000,1319972,0,43312,0,0,0,7814696,0,0,0,0,6,402,1431,0,0,0,0,0,0,0,
5000,10,false,false,1,1,2,0,0,true,1,7500000,0,0,1,5980028,200000,1319972,0,43312,0,0,0,7814696,0,0,0,0,6,402,1431,0,0,0,0,0,0,0,
5000,10,false,false,1,1,2,2500,100,false,1,7500000,0,0,1,5552739,198000,1749261,0,29646,0,0,300,8032541,0,0,0,0,5,662,1428,0,0,0,0,0,0,0,
5000,10,false,false,1,1,2,2500,100,true,1,7500000,0,0,1,5552739,198000,1749261,0,29646,0,0,300,8032541,0,0,0,0,5,662,1428,0,0,0,0,0,0,0,
5000,10,false,false,1,1,3,0,0,false,1,7500000,0,0,0,0,0,0,0,0,0,0,0,0,6015921,7500000,0,0,0,0,0,0,0,0,0,0,0,0,
5000,10,false,false,1,1,3,0,0,true,1,7500000,0,0,0,0,0,0,0,0,0,0,0,0,6015921,7500000,0,0,0,0,0,0,0,0,0,0,0,0,
5000,10,false,false,1,1,3,2500,100,false,1,7500000,0,0,0,0,0,0,0,0,0,0,0,0,5746954,7500000,0,0,0,0,0,0,0,0,0,0,0,0,
5000,10,false,false,1,1,3,2500,100,true,1,7500000,0,0,0,0,0,0,0,0,0,0,0,0,5746954,7500000,0,0,0,0,0,0,0,0,0,0,0,0,
5000,10,false,false,1,10,0,0,0,false,10,7500000,50,4,2,7490955,5746,0,0,1186,14150,47090,0,7642603,499,3299,0,0,137,325,700,0,0,0,0,0,0,0,
5000,10,false,false,1,10,0,0,0,true,10,7500000,40,1,7,7490852,1968,0,8129,6978,13998,28498,0,7641350,576,7180,1,5653,81,330,700,3,0,1,5653,5653,0,0,
5000,10,false,false,1,10,0,2500,100,false,10,7500000,43,3,3,7451732,43552,0,0,4948,11816,86595,1089,7638432,389,4716,2,2253,116,326,700,0,0,1,2142,2142,32,0,
5000,10,false,false,1,10,0,2500,100,true,10,7500000,38,0,8,7474213,21415,0,6392,12614,13163,50605,879,7640575,362,4372,1,2141,77,345,700,2,0,1,2141,2141,0,0,
5000,10,false,false,1,10,1,0,0,false,10,7500000,0,0,10,5502958,500000,1497042,0,37650,0,0,0,7671137,0,0,0,0,21,346,700,0,0,0,0,0,0,0,
5000,10,false,false,1,10,1,0,0,true,10,7500000,0,0,10,5502958,500000,1497042,0,37650,0,0,0,7671137,0,0,0,0,21,346,700,0,0,0,0,0,0,0,
5000,10,false,false,1,10,1,2500,100,false,10,7500000,0,0,10,5392808,494998,1612194,0,36428,0,0,373,7670539,0,0,0,0,21,150,700,0,0,0,0,0,0,0,
5000,10,false,false,1,10,1,2500,100,true,10,7500000,0,0,10,5392808,494998,1612194,0,36428,0,0,373,7670539,0,0,0,0,21,150,700,0,0,0,0,0,0,0,
5000,10,false,false,1,10,2,0,0,false,10,7500000,7,1,7,6796894,501904,118984,0,35033,3808,116281,0,7483244,17501,82218,0,0,4,222,700,0,0,0,0,0,0,0,
5000,10,false,false,1,10,2,0,0,true,10,7500000,7,0,8,6816339,501580,99863,24378,39710,4769,66820,0,7483244,17501,82218,0,0,4,222,700,0,0,0,0,0,0,0,
5000,10,false,false,1,10,2,2500,100,false,10,7500000,1,2,8,6388266,495552,616182,0,45009,1120,155576,2043,7369019,0,0,0,0,4,23,700,0,0,0,0,0,0,0,
5000,10,false,false,1,10,2,2500,100,true,10,7500000,1,0,10,6504215,495555,500230,19101,54552,1485,12300,889,7369019,0,0,0,0,4,23,700,0,0,0,0,0,0,0,
5000,10,false,false,1,10,3,0,0,false,10,7500000,3,0,0,601869,0,0,0,0,1205,581,0,614866,5758485,6898131,0,0,0,0,0,0,0,0,0,0,0,0,
5000,10,false,false,1,10,3,0,0,true,10,7500000,3,0,0,601869,0,0,0,0,1205,581,0,614866,5758485,6898131,0,0,0,0,0,0,0,0,0,0,0,0,
5000,10,false,false,1,10,3,2500,100,false,10,7500000,5,0,0,988007,0,0,0,0,1957,3269,55,1009444,5328525,6511993,0,0,0,0,0,0,0,0,0,0,0,0,
5000,10,false,false,1,10,3,2500,100,true,10,7500000,5,0,0,988007,0,0,0,0,1957,3269,55,1009444,5328525,6511993,0,0,0,0,0,0,0,0,0,0,0,0,
5000,10,false,true,0,1,0,0,0,false,1,7500000,5,0,1,7225228,201325,73447,0,30875,6628,5381,0,7709923,0,0,0,0,93,260,1193,0,0,0,0,0,0,0,
5000,10,false,true,0,1,0,0,0,true,1,7500000,4,0,1,6831728,200681,467591,0,29443,3409,1896,0,7895074,0,0,0,0,92,571,1330,1,0,0,0,0,0,0,
5000,10,false,true,0,1,0,2500,100,false,1,7500000,4,0,1,5815813,198523,1485664,0,22588,2645,2955,291,7977560,0,0,0,0,88,664,1346,0,0,0,0,0,0,0,
5000,10,false,true,0,1,0,2500,100,true,1,7500000,3,0,1,5813657,198244,1488099,0,28142,1236,946,311,7977560,0,0,0,0,88,629,1382,1,0,0,0,0,0,0,
5000,10,false,true,0,1,1,0,0,false,1,7500000,0,0,1,4730481,200000,2569519,0,27793,0,0,0,7967693,0,0,0,0,26,586,1409,0,0,0,0,0,0,0,
5000,10,false,true,0,1,1,0,0,true,1,7500000,0,0,1,4730481,200000,2569519,0,27793,0,0,0,7967693,0,0,0,0,26,586,1409,0,0,0,0,0,0,0,
5000,10,false,true,0,1,1,2500,100,false,1,7500000,0,0,1,4271525,198000,3030475,0,22692,0,0,230,8026614,0,0,0,0,25,656,1407,0,0,0,0,0,0,0,
5000,10,false,true,0,1,1,2500,100,true,1,7500000,0,0,1,4271525,198000,3030475,0,22692,0,0,230,8026614,0,0,0,0,25,656,1407,0,0,0,0,0,0,0,
5000,10,false,true,0,1,2,0,0,false,1,7500000,0,0,1,5467661,200000,1832339,0,42312,0,0,0,7754250,0,0,0,0,5,327,1409,0,0,0,0,0,0,0,
5000,10,false,true,0,1,2,0,0,true,1,7500000,0,0,1,5467661,200000,1832339,0,42312,0,0,0,7754250,0,0,0,0,5,327,1409,0,0,0,0,0,0,0,
5000,10,false,true,0,1,2,2500,100,false,1,7500000,0,0,1,4734451,198000,2567549,0,42895,0,0,434,7599940,0,0,0,0,5,131,1407,0,0,0,0,0,0,0,
5000,10,false,true,0,1,2,2500,100,true,1,7500000,0,0,1,4734451,198000,2567549,0,42895,0,0,434,7599940,0,0,0,0,5,131,1407,0,0,0,0,0,0,0,
5000,10,false,true,0,1,3,0,0,false,1,7500000,0,0,0,0,0,0,0,0,0,0,0,0,5286717,7500000,0,0,0,0,0,0,0,0,0,0,0,0,
5000,10,false,true,0,1,3,0,0,true,1,7500000,0,0,0,0,0,0,0,0,0,0,0,0,5286717,7500000,0,0,0,0,0,0,0,0,0,0,0,0,
5000,10,false,true,0,1,3,2500,100,false,1,7500000,0,0,0,0,0,0,0,0,0,0,0,0,5032260,7500000,0,0,0,0,0,0,0,0,0,0,0,0,
5000,10,false,true,0,1,3,2500,100,true,1,7500000,0,0,0,0,0,0,0,0,0,0,0,0,5032260,7500000,0,0,0,0,0,0,0,0,0,0,0,0,
5000,10,false,true,0,10,0,0,0,false,10,7500000,47,7,2,7399525,100358,0,0,5747,11007,66995,0,7626553,973,117,0,0,128,326,700,0,0,0,0,0,0,0,
5000,10,false,true,0,10,0,0,0,true,10,7500000,47,4,5,7429851,70032,0,0,14808,11007,27608,0,7626553,973,117,0,0,128,326,700,0,0,0,0,0,0,0,
5000,10,false,true,0,10,0,2500,100,false,9,6750000,26,2,7,6633643,116357,0,0,11224,8753,92414,1164,6887152,0,0,0,0,67,328,700,0,0,0,0,0,0,0,entry:LeverageInitialMarginTooLow
5000,10,false,true,0,10,0,2500,100,true,9,6750000,22,1,8,6649339,100661,0,4463,20662,8423,54872,921,6889932,0,0,0,0,67,328,700,2,0,0,0,0,0,0,entry:LeverageInitialMarginTooLow
5000,10,false,true,0,10,1,0,0,false,10,7500000,0,0,10,5566768,500000,1433232,0,39004,0,0,0,7663204,0,0,0,0,16,240,700,0,0,0,0,0,0,0,
5000,10,false,true,0,10,1,0,0,true,10,7500000,0,0,10,5566768,500000,1433232,0,39004,0,0,0,7663204,0,0,0,0,16,240,700,0,0,0,0,0,0,0,
5000,10,false,true,0,10,1,2500,100,false,9,6750000,0,0,9,4867127,494998,1387875,0,33167,0,0,341,6899974,0,0,0,0,18,257,700,0,0,0,0,0,0,0,entry:LeverageInitialMarginTooLow
5000,10,false,true,0,10,1,2500,100,true,9,6750000,0,0,9,4867127,494998,1387875,0,33167,0,0,341,6899974,0,0,0,0,18,257,700,0,0,0,0,0,0,0,entry:LeverageInitialMarginTooLow
5000,10,false,true,0,10,2,0,0,false,10,7500000,4,1,8,6455854,501389,535972,0,43803,2779,88229,0,7405832,1409,6785,0,0,3,0,700,0,0,0,0,0,0,0,
5000,10,false,true,0,10,2,0,0,true,10,7500000,3,0,10,6472928,501375,525697,69333,51222,3402,3421,0,7412580,0,0,0,0,3,0,700,1,0,0,0,0,0,0,
5000,10,false,true,0,10,2,2500,100,false,9,6750000,1,1,8,5491958,495065,762977,0,43613,136,60607,1061,6582451,0,0,0,0,3,341,700,0,0,0,0,0,0,0,entry:LeverageInitialMarginTooLow
5000,10,false,true,0,10,2,2500,100,true,9,6750000,1,0,9,5546742,495799,707459,2516,51205,1621,67,567,6582451,0,0,0,0,3,341,700,0,0,0,0,0,0,0,entry:LeverageInitialMarginTooLow
5000,10,false,true,0,10,3,0,0,false,10,7500000,12,1,0,2094518,24,0,0,0,4183,4927,0,2143820,4553629,5405458,0,0,0,0,0,0,0,0,0,0,0,0,
5000,10,false,true,0,10,3,0,0,true,10,7500000,11,0,1,2094541,0,0,266,538,4192,4379,0,2144217,4553628,5405459,0,0,48,337,700,1,0,0,0,0,0,0,
5000,10,false,true,0,10,3,2500,100,false,9,6750000,6,1,0,1495679,95,0,0,0,2955,5255,88,1539886,4273321,5254226,0,0,0,0,0,0,0,0,0,0,0,0,entry:LeverageInitialMarginTooLow
5000,10,false,true,0,10,3,2500,100,true,9,6750000,8,0,1,1771299,0,0,859,2316,3506,6597,142,1811468,4148926,4978701,0,0,45,320,700,1,0,0,0,0,0,0,entry:LeverageInitialMarginTooLow
5000,10,false,true,1,1,0,0,0,false,1,7500000,5,0,1,7225227,201325,73448,0,30875,6628,5381,0,7709923,0,0,0,0,93,260,1193,0,0,0,0,0,0,0,
5000,10,false,true,1,1,0,0,0,true,1,7500000,4,0,1,6831728,200681,467591,0,29443,3409,1896,0,7895074,0,0,0,0,92,571,1330,1,0,0,0,0,0,0,
5000,10,false,true,1,1,0,2500,100,false,1,7500000,4,0,1,5815813,198523,1485664,0,22588,2645,2955,291,7977560,0,0,0,0,88,664,1346,0,0,0,0,0,0,0,
5000,10,false,true,1,1,0,2500,100,true,1,7500000,3,0,1,5813657,198244,1488099,0,28142,1236,946,311,7977561,0,0,0,0,88,629,1382,1,0,0,0,0,0,0,
5000,10,false,true,1,1,1,0,0,false,1,7500000,0,0,1,4730481,200000,2569519,0,27793,0,0,0,7967693,0,0,0,0,26,586,1409,0,0,0,0,0,0,0,
5000,10,false,true,1,1,1,0,0,true,1,7500000,0,0,1,4730481,200000,2569519,0,27793,0,0,0,7967693,0,0,0,0,26,586,1409,0,0,0,0,0,0,0,
5000,10,false,true,1,1,1,2500,100,false,1,7500000,0,0,1,4271525,198000,3030475,0,22692,0,0,230,8026614,0,0,0,0,25,656,1407,0,0,0,0,0,0,0,
5000,10,false,true,1,1,1,2500,100,true,1,7500000,0,0,1,4271525,198000,3030475,0,22692,0,0,230,8026614,0,0,0,0,25,656,1407,0,0,0,0,0,0,0,
5000,10,false,true,1,1,2,0,0,false,1,7500000,0,0,1,5467661,200000,1832339,0,42312,0,0,0,7754251,0,0,0,0,5,327,1409,0,0,0,0,0,0,0,
5000,10,false,true,1,1,2,0,0,true,1,7500000,0,0,1,5467661,200000,1832339,0,42312,0,0,0,7754251,0,0,0,0,5,327,1409,0,0,0,0,0,0,0,
5000,10,false,true,1,1,2,2500,100,false,1,7500000,0,0,1,4734450,198000,2567550,0,42895,0,0,434,7599940,0,0,0,0,5,131,1407,0,0,0,0,0,0,0,
5000,10,false,true,1,1,2,2500,100,true,1,7500000,0,0,1,4734450,198000,2567550,0,42895,0,0,434,7599940,0,0,0,0,5,131,1407,0,0,0,0,0,0,0,
5000,10,false,true,1,1,3,0,0,false,1,7500000,0,0,0,0,0,0,0,0,0,0,0,0,5286718,7500000,0,0,0,0,0,0,0,0,0,0,0,0,
5000,10,false,true,1,1,3,0,0,true,1,7500000,0,0,0,0,0,0,0,0,0,0,0,0,5286718,7500000,0,0,0,0,0,0,0,0,0,0,0,0,
5000,10,false,true,1,1,3,2500,100,false,1,7500000,0,0,0,0,0,0,0,0,0,0,0,0,5032261,7500000,0,0,0,0,0,0,0,0,0,0,0,0,
5000,10,false,true,1,1,3,2500,100,true,1,7500000,0,0,0,0,0,0,0,0,0,0,0,0,5032261,7500000,0,0,0,0,0,0,0,0,0,0,0,0,
5000,10,false,true,1,10,0,0,0,false,10,7500000,47,7,2,7399525,100358,0,0,5747,11007,66995,0,7626553,973,117,0,0,128,326,700,0,0,0,0,0,0,0,
5000,10,false,true,1,10,0,0,0,true,10,7500000,47,4,5,7429851,70032,0,0,14808,11007,27608,0,7626553,973,117,0,0,128,326,700,0,0,0,0,0,0,0,
5000,10,false,true,1,10,0,2500,100,false,9,6750000,26,2,7,6633636,116364,0,0,11224,8753,92422,1164,6887150,0,0,0,0,67,328,700,0,0,0,0,0,0,0,entry:LeverageInitialMarginTooLow
5000,10,false,true,1,10,0,2500,100,true,9,6750000,22,1,8,6649339,100661,0,4463,20662,8423,54873,921,6889932,0,0,0,0,67,328,700,2,0,0,0,0,0,0,entry:LeverageInitialMarginTooLow
5000,10,false,true,1,10,1,0,0,false,10,7500000,0,0,10,5566768,500000,1433232,0,39004,0,0,0,7663204,0,0,0,0,16,240,700,0,0,0,0,0,0,0,
5000,10,false,true,1,10,1,0,0,true,10,7500000,0,0,10,5566768,500000,1433232,0,39004,0,0,0,7663204,0,0,0,0,16,240,700,0,0,0,0,0,0,0,
5000,10,false,true,1,10,1,2500,100,false,9,6750000,0,0,9,4867127,494998,1387875,0,33167,0,0,341,6899974,0,0,0,0,18,257,700,0,0,0,0,0,0,0,entry:LeverageInitialMarginTooLow
5000,10,false,true,1,10,1,2500,100,true,9,6750000,0,0,9,4867127,494998,1387875,0,33167,0,0,341,6899974,0,0,0,0,18,257,700,0,0,0,0,0,0,0,entry:LeverageInitialMarginTooLow
5000,10,false,true,1,10,2,0,0,false,10,7500000,4,1,8,6455854,501389,535972,0,43803,2779,88229,0,7405832,1409,6785,0,0,3,0,700,0,0,0,0,0,0,0,
5000,10,false,true,1,10,2,0,0,true,10,7500000,3,0,10,6472928,501375,525697,69333,51222,3402,3421,0,7412580,0,0,0,0,3,0,700,1,0,0,0,0,0,0,
5000,10,false,true,1,10,2,2500,100,false,9,6750000,1,1,8,5491958,495065,762977,0,43613,136,60607,1061,6582451,0,0,0,0,3,341,700,0,0,0,0,0,0,0,entry:LeverageInitialMarginTooLow
5000,10,false,true,1,10,2,2500,100,true,9,6750000,1,0,9,5546742,495799,707459,2516,51205,1621,67,567,6582451,0,0,0,0,3,341,700,0,0,0,0,0,0,0,entry:LeverageInitialMarginTooLow
5000,10,false,true,1,10,3,0,0,false,10,7500000,12,1,0,2094518,24,0,0,0,4183,4927,0,2143820,4553638,5405458,0,0,0,0,0,0,0,0,0,0,0,0,
5000,10,false,true,1,10,3,0,0,true,10,7500000,11,0,1,2094541,0,0,266,538,4192,4379,0,2144217,4553637,5405459,0,0,48,337,700,1,0,0,0,0,0,0,
5000,10,false,true,1,10,3,2500,100,false,9,6750000,6,1,0,1495679,95,0,0,0,2955,5255,88,1539886,4273329,5254226,0,0,0,0,0,0,0,0,0,0,0,0,entry:LeverageInitialMarginTooLow
5000,10,false,true,1,10,3,2500,100,true,9,6750000,8,0,1,1771299,0,0,859,2316,3506,6598,142,1811468,4148934,4978701,0,0,45,320,700,1,0,0,0,0,0,0,entry:LeverageInitialMarginTooLow
5000,10,true,false,0,1,0,0,0,false,1,7500000,0,0,1,5373501,200000,1926499,0,28724,0,0,0,8008717,0,0,0,0,71,635,1356,0,0,0,0,0,0,0,
5000,10,true,false,0,1,0,0,0,true,1,7500000,0,0,1,5373501,200000,1926499,0,28724,0,0,0,8008717,0,0,0,0,71,635,1356,0,0,0,0,0,0,0,
5000,10,true,false,0,1,0,2500,100,false,1,7500000,0,0,1,5134145,198000,2167855,0,27154,0,0,275,8008312,0,0,0,0,67,634,1353,0,0,0,0,0,0,0,
5000,10,true,false,0,1,0,2500,100,true,1,7500000,0,0,1,5134145,198000,2167855,0,27154,0,0,275,8008312,0,0,0,0,67,634,1353,0,0,0,0,0,0,0,
5000,10,true,false,0,1,1,0,0,false,1,7500000,0,0,1,4233410,200000,3066590,0,22093,0,0,0,8023403,0,0,0,0,21,652,1356,0,0,0,0,0,0,0,
5000,10,true,false,0,1,1,0,0,true,1,7500000,0,0,1,4233410,200000,3066590,0,22093,0,0,0,8023403,0,0,0,0,21,652,1356,0,0,0,0,0,0,0,
5000,10,true,false,0,1,1,2500,100,false,1,7500000,0,0,1,3988196,198000,3313804,0,26202,0,0,265,7862743,0,0,0,0,21,461,1353,0,0,0,0,0,0,0,
5000,10,true,false,0,1,1,2500,100,true,1,7500000,0,0,1,3988196,198000,3313804,0,26202,0,0,265,7862743,0,0,0,0,21,461,1353,0,0,0,0,0,0,0,
5000,10,true,false,0,1,2,0,0,false,1,7500000,0,0,1,4259146,200000,3040854,0,43021,0,0,0,7462150,0,0,0,0,4,0,1356,0,0,0,0,0,0,0,
5000,10,true,false,0,1,2,0,0,true,1,7500000,0,0,1,4259146,200000,3040854,0,43021,0,0,0,7462150,0,0,0,0,4,0,1356,0,0,0,0,0,0,0,
5000,10,true,false,0,1,2,2500,100,false,1,7500000,0,0,1,4024396,198000,3277604,0,40243,0,0,407,7313653,0,0,0,0,4,0,1353,0,0,0,0,0,0,0,
5000,10,true,false,0,1,2,2500,100,true,1,7500000,0,0,1,4024396,198000,3277604,0,40243,0,0,407,7313653,0,0,0,0,4,0,1353,0,0,0,0,0,0,0,
5000,10,true,false,0,1,3,0,0,false,1,7500000,0,0,1,5384441,200000,1915559,0,27338,0,0,0,8039626,0,0,0,0,59,671,1356,0,0,0,0,0,0,0,
5000,10,true,false,0,1,3,0,0,true,1,7500000,0,0,1,5384441,200000,1915559,0,27338,0,0,0,8039626,0,0,0,0,59,671,1356,0,0,0,0,0,0,0,
5000,10,true,false,0,1,3,2500,100,false,1,7500000,0,0,1,5134573,198000,2167427,0,26473,0,0,268,8023189,0,0,0,0,56,652,1353,0,0,0,0,0,0,0,
5000,10,true,false,0,1,3,2500,100,true,1,7500000,0,0,1,5134573,198000,2167427,0,26473,0,0,268,8023189,0,0,0,0,56,652,1353,0,0,0,0,0,0,0,
5000,10,true,false,0,10,0,0,0,false,10,7500000,0,0,10,6030674,500000,969326,0,32595,0,0,0,7751397,0,0,0,0,45,344,700,0,0,0,0,0,0,0,
5000,10,true,false,0,10,0,0,0,true,10,7500000,0,0,10,6030674,500000,969326,0,32595,0,0,0,7751397,0,0,0,0,45,344,700,0,0,0,0,0,0,0,
5000,10,true,false,0,10,0,2500,100,false,9,6750000,0,0,9,5401145,494997,853858,0,31392,0,0,321,6953461,0,0,0,0,51,343,700,0,0,0,0,0,0,0,entry:LeverageInitialMarginTooLow
5000,10,true,false,0,10,0,2500,100,true,9,6750000,0,0,9,5401145,494997,853858,0,31392,0,0,321,6953461,0,0,0,0,51,343,700,0,0,0,0,0,0,0,entry:LeverageInitialMarginTooLow
5000,10,true,false,0,10,1,0,0,false,10,7500000,0,0,10,4567688,500000,2432312,0,29263,0,0,0,7695351,0,0,0,0,16,301,700,0,0,0,0,0,0,0,
5000,10,true,false,0,10,1,0,0,true,10,7500000,0,0,10,4567688,500000,2432312,0,29263,0,0,0,7695351,0,0,0,0,16,301,700,0,0,0,0,0,0,0,
5000,10,true,false,0,10,1,2500,100,false,9,6750000,0,0,9,4085692,495000,2169308,0,28057,0,0,288,6900144,0,0,0,0,18,123,700,0,0,0,0,0,0,0,entry:LeverageInitialMarginTooLow
5000,10,true,false,0,10,1,2500,100,true,9,6750000,0,0,9,4085692,495000,2169308,0,28057,0,0,288,6900144,0,0,0,0,18,123,700,0,0,0,0,0,0,0,entry:LeverageInitialMarginTooLow
5000,10,true,false,0,10,2,0,0,false,10,7500000,0,0,9,4109921,500000,2140079,0,39434,0,0,0,6507198,60602,750000,0,0,3,0,700,0,0,0,0,0,0,0,
5000,10,true,false,0,10,2,0,0,true,10,7500000,0,0,9,4109921,500000,2140079,0,39434,0,0,0,6507198,60602,750000,0,0,3,0,700,0,0,0,0,0,0,0,
5000,10,true,false,0,10,2,2500,100,false,9,6750000,0,0,9,4136098,495000,2118902,0,37372,0,0,382,6596646,0,0,0,0,3,206,700,0,0,0,0,0,0,0,entry:LeverageInitialMarginTooLow
5000,10,true,false,0,10,2,2500,100,true,9,6750000,0,0,9,4136098,495000,2118902,0,37372,0,0,382,6596646,0,0,0,0,3,206,700,0,0,0,0,0,0,0,entry:LeverageInitialMarginTooLow
5000,10,true,false,0,10,3,0,0,false,10,7500000,0,0,3,1794255,443281,12464,0,9644,0,0,0,2325945,3364316,5250000,0,0,38,343,700,0,0,0,0,0,0,0,
5000,10,true,false,0,10,3,0,0,true,10,7500000,0,0,3,1794255,443281,12464,0,9644,0,0,0,2325945,3364316,5250000,0,0,38,343,700,0,0,0,0,0,0,0,
5000,10,true,false,0,10,3,2500,100,false,9,6750000,0,0,7,4237164,494998,517838,0,24307,0,0,248,5411149,1285027,1500000,0,0,43,341,700,0,0,0,0,0,0,0,entry:LeverageInitialMarginTooLow
5000,10,true,false,0,10,3,2500,100,true,9,6750000,0,0,7,4237164,494998,517838,0,24307,0,0,248,5411149,1285027,1500000,0,0,43,341,700,0,0,0,0,0,0,0,entry:LeverageInitialMarginTooLow
5000,10,true,false,1,1,0,0,0,false,1,7500000,0,0,1,5373501,200000,1926499,0,28724,0,0,0,8008717,0,0,0,0,71,635,1356,0,0,0,0,0,0,0,
5000,10,true,false,1,1,0,0,0,true,1,7500000,0,0,1,5373501,200000,1926499,0,28724,0,0,0,8008717,0,0,0,0,71,635,1356,0,0,0,0,0,0,0,
5000,10,true,false,1,1,0,2500,100,false,1,7500000,0,0,1,5134145,198000,2167855,0,27154,0,0,275,8008312,0,0,0,0,67,634,1353,0,0,0,0,0,0,0,
5000,10,true,false,1,1,0,2500,100,true,1,7500000,0,0,1,5134145,198000,2167855,0,27154,0,0,275,8008312,0,0,0,0,67,634,1353,0,0,0,0,0,0,0,
5000,10,true,false,1,1,1,0,0,false,1,7500000,0,0,1,4233410,200000,3066590,0,22093,0,0,0,8023402,0,0,0,0,21,652,1356,0,0,0,0,0,0,0,
5000,10,true,false,1,1,1,0,0,true,1,7500000,0,0,1,4233410,200000,3066590,0,22093,0,0,0,8023402,0,0,0,0,21,652,1356,0,0,0,0,0,0,0,
5000,10,true,false,1,1,1,2500,100,false,1,7500000,0,0,1,3988196,198000,3313804,0,26202,0,0,265,7862743,0,0,0,0,21,461,1353,0,0,0,0,0,0,0,
5000,10,true,false,1,1,1,2500,100,true,1,7500000,0,0,1,3988196,198000,3313804,0,26202,0,0,265,7862743,0,0,0,0,21,461,1353,0,0,0,0,0,0,0,
5000,10,true,false,1,1,2,0,0,false,1,7500000,0,0,1,4259146,200000,3040854,0,43021,0,0,0,7462150,0,0,0,0,4,0,1356,0,0,0,0,0,0,0,
5000,10,true,false,1,1,2,0,0,true,1,7500000,0,0,1,4259146,200000,3040854,0,43021,0,0,0,7462150,0,0,0,0,4,0,1356,0,0,0,0,0,0,0,
5000,10,true,false,1,1,2,2500,100,false,1,7500000,0,0,1,4024396,198000,3277604,0,40243,0,0,407,7313653,0,0,0,0,4,0,1353,0,0,0,0,0,0,0,
5000,10,true,false,1,1,2,2500,100,true,1,7500000,0,0,1,4024396,198000,3277604,0,40243,0,0,407,7313653,0,0,0,0,4,0,1353,0,0,0,0,0,0,0,
5000,10,true,false,1,1,3,0,0,false,1,7500000,0,0,1,5384441,200000,1915559,0,27338,0,0,0,8039626,0,0,0,0,59,671,1356,0,0,0,0,0,0,0,
5000,10,true,false,1,1,3,0,0,true,1,7500000,0,0,1,5384441,200000,1915559,0,27338,0,0,0,8039626,0,0,0,0,59,671,1356,0,0,0,0,0,0,0,
5000,10,true,false,1,1,3,2500,100,false,1,7500000,0,0,1,5134573,198000,2167427,0,26473,0,0,268,8023189,0,0,0,0,56,652,1353,0,0,0,0,0,0,0,
5000,10,true,false,1,1,3,2500,100,true,1,7500000,0,0,1,5134573,198000,2167427,0,26473,0,0,268,8023189,0,0,0,0,56,652,1353,0,0,0,0,0,0,0,
5000,10,true,false,1,10,0,0,0,false,10,7500000,0,0,10,6030675,500000,969325,0,32595,0,0,0,7751398,0,0,0,0,45,344,700,0,0,0,0,0,0,0,
5000,10,true,false,1,10,0,0,0,true,10,7500000,0,0,10,6030675,500000,969325,0,32595,0,0,0,7751398,0,0,0,0,45,344,700,0,0,0,0,0,0,0,
5000,10,true,false,1,10,0,2500,100,false,9,6750000,0,0,9,5401146,494997,853857,0,31392,0,0,321,6953461,0,0,0,0,51,343,700,0,0,0,0,0,0,0,entry:LeverageInitialMarginTooLow
5000,10,true,false,1,10,0,2500,100,true,9,6750000,0,0,9,5401146,494997,853857,0,31392,0,0,321,6953461,0,0,0,0,51,343,700,0,0,0,0,0,0,0,entry:LeverageInitialMarginTooLow
5000,10,true,false,1,10,1,0,0,false,10,7500000,0,0,10,4567688,500000,2432312,0,29263,0,0,0,7695351,0,0,0,0,16,301,700,0,0,0,0,0,0,0,
5000,10,true,false,1,10,1,0,0,true,10,7500000,0,0,10,4567688,500000,2432312,0,29263,0,0,0,7695351,0,0,0,0,16,301,700,0,0,0,0,0,0,0,
5000,10,true,false,1,10,1,2500,100,false,9,6750000,0,0,9,4085693,495000,2169307,0,28057,0,0,288,6900145,0,0,0,0,18,123,700,0,0,0,0,0,0,0,entry:LeverageInitialMarginTooLow
5000,10,true,false,1,10,1,2500,100,true,9,6750000,0,0,9,4085693,495000,2169307,0,28057,0,0,288,6900145,0,0,0,0,18,123,700,0,0,0,0,0,0,0,entry:LeverageInitialMarginTooLow
5000,10,true,false,1,10,2,0,0,false,10,7500000,0,0,9,4109921,500000,2140079,0,39434,0,0,0,6507198,60602,750000,0,0,3,0,700,0,0,0,0,0,0,0,
5000,10,true,false,1,10,2,0,0,true,10,7500000,0,0,9,4109921,500000,2140079,0,39434,0,0,0,6507198,60602,750000,0,0,3,0,700,0,0,0,0,0,0,0,
5000,10,true,false,1,10,2,2500,100,false,9,6750000,0,0,9,4136098,495000,2118902,0,37372,0,0,382,6596646,0,0,0,0,3,206,700,0,0,0,0,0,0,0,entry:LeverageInitialMarginTooLow
5000,10,true,false,1,10,2,2500,100,true,9,6750000,0,0,9,4136098,495000,2118902,0,37372,0,0,382,6596646,0,0,0,0,3,206,700,0,0,0,0,0,0,0,entry:LeverageInitialMarginTooLow
5000,10,true,false,1,10,3,0,0,false,10,7500000,0,0,3,1794255,443281,12464,0,9644,0,0,0,2325945,3364324,5250000,0,0,38,343,700,0,0,0,0,0,0,0,
5000,10,true,false,1,10,3,0,0,true,10,7500000,0,0,3,1794255,443281,12464,0,9644,0,0,0,2325945,3364324,5250000,0,0,38,343,700,0,0,0,0,0,0,0,
5000,10,true,false,1,10,3,2500,100,false,9,6750000,0,0,7,4237164,494998,517838,0,24307,0,0,248,5411150,1285025,1500000,0,0,43,341,700,0,0,0,0,0,0,0,entry:LeverageInitialMarginTooLow
5000,10,true,false,1,10,3,2500,100,true,9,6750000,0,0,7,4237164,494998,517838,0,24307,0,0,248,5411150,1285025,1500000,0,0,43,341,700,0,0,0,0,0,0,0,entry:LeverageInitialMarginTooLow
5000,10,true,true,0,1,0,0,0,false,1,7500000,0,0,1,5200895,200000,2099105,0,27902,0,0,0,7999731,0,0,0,0,63,624,1338,0,0,0,0,0,0,0,
5000,10,true,true,0,1,0,0,0,true,1,7500000,0,0,1,5200895,200000,2099105,0,27902,0,0,0,7999731,0,0,0,0,63,624,1338,0,0,0,0,0,0,0,
5000,10,true,true,0,1,0,2500,100,false,1,7500000,0,0,1,4735768,198000,2566232,0,25086,0,0,254,7999326,0,0,0,0,59,624,1334,0,0,0,0,0,0,0,
5000,10,true,true,0,1,0,2500,100,true,1,7500000,0,0,1,4735768,198000,2566232,0,25086,0,0,254,7999326,0,0,0,0,59,624,1334,0,0,0,0,0,0,0,
5000,10,true,true,0,1,1,0,0,false,1,7500000,0,0,1,4068374,200000,3231626,0,25394,0,0,0,7901692,0,0,0,0,20,508,1338,0,0,0,0,0,0,0,
5000,10,true,true,0,1,1,0,0,true,1,7500000,0,0,1,4068374,200000,3231626,0,25394,0,0,0,7901692,0,0,0,0,20,508,1338,0,0,0,0,0,0,0,
5000,10,true,true,0,1,1,2500,100,false,1,7500000,0,0,1,3777172,198000,3524828,0,21907,0,0,222,7943226,0,0,0,0,19,557,1334,0,0,0,0,0,0,0,
5000,10,true,true,0,1,1,2500,100,true,1,7500000,0,0,1,3777172,198000,3524828,0,21907,0,0,222,7943226,0,0,0,0,19,557,1334,0,0,0,0,0,0,0,
5000,10,true,true,0,1,2,0,0,false,1,7500000,0,0,1,3996108,200000,3303892,0,40364,0,0,0,7202195,0,0,0,0,4,0,1338,0,0,0,0,0,0,0,
5000,10,true,true,0,1,2,0,0,true,1,7500000,0,0,1,3996108,200000,3303892,0,40364,0,0,0,7202195,0,0,0,0,4,0,1338,0,0,0,0,0,0,0,
5000,10,true,true,0,1,2,2500,100,false,1,7500000,0,0,1,3608449,198000,3693551,0,36083,0,0,365,7036552,0,0,0,0,4,0,1334,0,0,0,0,0,0,0,
5000,10,true,true,0,1,2,2500,100,true,1,7500000,0,0,1,3608449,198000,3693551,0,36083,0,0,365,7036552,0,0,0,0,4,0,1334,0,0,0,0,0,0,0,
5000,10,true,true,0,1,3,0,0,false,1,7500000,0,0,1,5191057,200000,2108943,0,27888,0,0,0,7998612,0,0,0,0,53,623,1338,0,0,0,0,0,0,0,
5000,10,true,true,0,1,3,0,0,true,1,7500000,0,0,1,5191057,200000,2108943,0,27888,0,0,0,7998612,0,0,0,0,53,623,1338,0,0,0,0,0,0,0,
5000,10,true,true,0,1,3,2500,100,false,1,7500000,0,0,1,4745147,198000,2556853,0,23855,0,0,241,8030441,0,0,0,0,49,660,1334,0,0,0,0,0,0,0,
5000,10,true,true,0,1,3,2500,100,true,1,7500000,0,0,1,4745147,198000,2556853,0,23855,0,0,241,8030441,0,0,0,0,49,660,1334,0,0,0,0,0,0,0,
5000,10,true,true,0,10,0,0,0,false,8,6000000,0,0,8,4754981,500000,745019,0,27031,0,0,0,6188400,0,0,0,0,47,302,700,0,0,0,0,0,0,0,entry:LeverageInitialMarginTooLow
5000,10,true,true,0,10,0,0,0,true,8,6000000,0,0,8,4754981,500000,745019,0,27031,0,0,0,6188400,0,0,0,0,47,302,700,0,0,0,0,0,0,0,entry:LeverageInitialMarginTooLow
5000,10,true,true,0,10,0,2500,100,false,7,5250000,0,0,7,4094111,494998,660891,0,24739,0,0,253,5398532,0,0,0,0,55,328,700,0,0,0,0,0,0,0,entry:LeverageInitialMarginTooLow
5000,10,true,true,0,10,0,2500,100,true,7,5250000,0,0,7,4094111,494998,660891,0,24739,0,0,253,5398532,0,0,0,0,55,328,700,0,0,0,0,0,0,0,entry:LeverageInitialMarginTooLow
5000,10,true,true,0,10,1,0,0,false,8,6000000,0,0,8,3617107,500000,1882893,0,26023,0,0,0,6122590,0,0,0,0,17,125,700,0,0,0,0,0,0,0,entry:LeverageInitialMarginTooLow
5000,10,true,true,0,10,1,0,0,true,8,6000000,0,0,8,3617107,500000,1882893,0,26023,0,0,0,6122590,0,0,0,0,17,125,700,0,0,0,0,0,0,0,entry:LeverageInitialMarginTooLow
5000,10,true,true,0,10,1,2500,100,false,7,5250000,0,0,7,3116511,495000,1638489,0,22910,0,0,236,5347949,0,0,0,0,18,305,700,0,0,0,0,0,0,0,entry:LeverageInitialMarginTooLow
5000,10,true,true,0,10,1,2500,100,true,7,5250000,0,0,7,3116511,495000,1638489,0,22910,0,0,236,5347949,0,0,0,0,18,305,700,0,0,0,0,0,0,0,entry:LeverageInitialMarginTooLow
5000,10,true,true,0,10,2,0,0,false,8,6000000,0,0,7,3167163,500000,1582837,0,30299,0,0,0,5111811,54792,750000,1,750000,3,0,700,0,0,1,750000,750000,123752,0,entry:LeverageInitialMarginTooLow
5000,10,true,true,0,10,2,0,0,true,8,6000000,0,0,7,3167163,500000,1582837,0,30299,0,0,0,5111811,54792,750000,1,750000,3,0,700,0,0,1,750000,750000,123752,0,entry:LeverageInitialMarginTooLow
5000,10,true,true,0,10,2,2500,100,false,7,5250000,0,0,7,3142630,495000,1612370,0,31420,0,0,321,4950083,0,0,0,0,4,0,700,0,0,0,0,0,0,0,entry:LeverageInitialMarginTooLow
5000,10,true,true,0,10,2,2500,100,true,7,5250000,0,0,7,3142630,495000,1612370,0,31420,0,0,321,4950083,0,0,0,0,4,0,700,0,0,0,0,0,0,0,entry:LeverageInitialMarginTooLow
5000,10,true,true,0,10,3,0,0,false,8,6000000,0,0,3,1784057,447228,18715,0,9872,0,0,0,2323211,2485360,3750000,0,0,39,340,700,0,0,0,0,0,0,0,entry:LeverageInitialMarginTooLow
5000,10,true,true,0,10,3,0,0,true,8,6000000,0,0,3,1784057,447228,18715,0,9872,0,0,0,2323211,2485360,3750000,0,0,39,340,700,0,0,0,0,0,0,0,entry:LeverageInitialMarginTooLow
5000,10,true,true,0,10,3,2500,100,false,7,5250000,0,0,2,1178900,321100,0,0,6024,0,0,61,1552916,2361272,3750000,0,0,46,347,700,0,0,0,0,0,0,0,entry:LeverageInitialMarginTooLow
5000,10,true,true,0,10,3,2500,100,true,7,5250000,0,0,2,1178900,321100,0,0,6024,0,0,61,1552916,2361272,3750000,0,0,46,347,700,0,0,0,0,0,0,0,entry:LeverageInitialMarginTooLow
5000,10,true,true,1,1,0,0,0,false,1,7500000,0,0,1,5200896,200000,2099104,0,27902,0,0,0,7999731,0,0,0,0,63,624,1338,0,0,0,0,0,0,0,
5000,10,true,true,1,1,0,0,0,true,1,7500000,0,0,1,5200896,200000,2099104,0,27902,0,0,0,7999731,0,0,0,0,63,624,1338,0,0,0,0,0,0,0,
5000,10,true,true,1,1,0,2500,100,false,1,7500000,0,0,1,4735768,198000,2566232,0,25086,0,0,254,7999326,0,0,0,0,59,624,1334,0,0,0,0,0,0,0,
5000,10,true,true,1,1,0,2500,100,true,1,7500000,0,0,1,4735768,198000,2566232,0,25086,0,0,254,7999326,0,0,0,0,59,624,1334,0,0,0,0,0,0,0,
5000,10,true,true,1,1,1,0,0,false,1,7500000,0,0,1,4068374,200000,3231626,0,25394,0,0,0,7901692,0,0,0,0,20,508,1338,0,0,0,0,0,0,0,
5000,10,true,true,1,1,1,0,0,true,1,7500000,0,0,1,4068374,200000,3231626,0,25394,0,0,0,7901692,0,0,0,0,20,508,1338,0,0,0,0,0,0,0,
5000,10,true,true,1,1,1,2500,100,false,1,7500000,0,0,1,3777172,198000,3524828,0,21907,0,0,222,7943226,0,0,0,0,19,557,1334,0,0,0,0,0,0,0,
5000,10,true,true,1,1,1,2500,100,true,1,7500000,0,0,1,3777172,198000,3524828,0,21907,0,0,222,7943226,0,0,0,0,19,557,1334,0,0,0,0,0,0,0,
5000,10,true,true,1,1,2,0,0,false,1,7500000,0,0,1,3996109,200000,3303891,0,40364,0,0,0,7202195,0,0,0,0,4,0,1338,0,0,0,0,0,0,0,
5000,10,true,true,1,1,2,0,0,true,1,7500000,0,0,1,3996109,200000,3303891,0,40364,0,0,0,7202195,0,0,0,0,4,0,1338,0,0,0,0,0,0,0,
5000,10,true,true,1,1,2,2500,100,false,1,7500000,0,0,1,3608450,198000,3693550,0,36083,0,0,365,7019262,0,0,0,0,4,0,1334,0,0,0,0,0,0,0,
5000,10,true,true,1,1,2,2500,100,true,1,7500000,0,0,1,3608450,198000,3693550,0,36083,0,0,365,7019262,0,0,0,0,4,0,1334,0,0,0,0,0,0,0,
5000,10,true,true,1,1,3,0,0,false,1,7500000,0,0,1,5191057,200000,2108943,0,27888,0,0,0,7998612,0,0,0,0,53,623,1338,0,0,0,0,0,0,0,
5000,10,true,true,1,1,3,0,0,true,1,7500000,0,0,1,5191057,200000,2108943,0,27888,0,0,0,7998612,0,0,0,0,53,623,1338,0,0,0,0,0,0,0,
5000,10,true,true,1,1,3,2500,100,false,1,7500000,0,0,1,4745147,198000,2556853,0,23855,0,0,241,8030441,0,0,0,0,49,660,1334,0,0,0,0,0,0,0,
5000,10,true,true,1,1,3,2500,100,true,1,7500000,0,0,1,4745147,198000,2556853,0,23855,0,0,241,8030441,0,0,0,0,49,660,1334,0,0,0,0,0,0,0,
5000,10,true,true,1,10,0,0,0,false,8,6000000,0,0,8,4754981,500000,745019,0,27031,0,0,0,6188401,0,0,0,0,47,302,700,0,0,0,0,0,0,0,entry:LeverageInitialMarginTooLow
5000,10,true,true,1,10,0,0,0,true,8,6000000,0,0,8,4754981,500000,745019,0,27031,0,0,0,6188401,0,0,0,0,47,302,700,0,0,0,0,0,0,0,entry:LeverageInitialMarginTooLow
5000,10,true,true,1,10,0,2500,100,false,7,5250000,0,0,7,4094112,494998,660890,0,24739,0,0,253,5398533,0,0,0,0,55,328,700,0,0,0,0,0,0,0,entry:LeverageInitialMarginTooLow
5000,10,true,true,1,10,0,2500,100,true,7,5250000,0,0,7,4094112,494998,660890,0,24739,0,0,253,5398533,0,0,0,0,55,328,700,0,0,0,0,0,0,0,entry:LeverageInitialMarginTooLow
5000,10,true,true,1,10,1,0,0,false,8,6000000,0,0,8,3617107,500000,1882893,0,26023,0,0,0,6122591,0,0,0,0,17,125,700,0,0,0,0,0,0,0,entry:LeverageInitialMarginTooLow
5000,10,true,true,1,10,1,0,0,true,8,6000000,0,0,8,3617107,500000,1882893,0,26023,0,0,0,6122591,0,0,0,0,17,125,700,0,0,0,0,0,0,0,entry:LeverageInitialMarginTooLow
5000,10,true,true,1,10,1,2500,100,false,7,5250000,0,0,7,3116511,495000,1638489,0,22910,0,0,236,5347950,0,0,0,0,18,305,700,0,0,0,0,0,0,0,entry:LeverageInitialMarginTooLow
5000,10,true,true,1,10,1,2500,100,true,7,5250000,0,0,7,3116511,495000,1638489,0,22910,0,0,236,5347950,0,0,0,0,18,305,700,0,0,0,0,0,0,0,entry:LeverageInitialMarginTooLow
5000,10,true,true,1,10,2,0,0,false,8,6000000,0,0,7,3167164,500000,1582836,0,30299,0,0,0,5111811,54792,750000,1,750000,3,0,700,0,0,1,750000,750000,123752,0,entry:LeverageInitialMarginTooLow
5000,10,true,true,1,10,2,0,0,true,8,6000000,0,0,7,3167164,500000,1582836,0,30299,0,0,0,5111811,54792,750000,1,750000,3,0,700,0,0,1,750000,750000,123752,0,entry:LeverageInitialMarginTooLow
5000,10,true,true,1,10,2,2500,100,false,7,5250000,0,0,7,3144392,495000,1610608,0,29775,0,0,304,5061910,0,0,0,0,4,118,700,0,0,0,0,0,0,0,entry:LeverageInitialMarginTooLow
5000,10,true,true,1,10,2,2500,100,true,7,5250000,0,0,7,3144392,495000,1610608,0,29775,0,0,304,5061910,0,0,0,0,4,118,700,0,0,0,0,0,0,0,entry:LeverageInitialMarginTooLow
5000,10,true,true,1,10,3,0,0,false,8,6000000,0,0,3,1784057,447228,18715,0,9872,0,0,0,2323211,2485366,3750000,0,0,39,340,700,0,0,0,0,0,0,0,entry:LeverageInitialMarginTooLow
5000,10,true,true,1,10,3,0,0,true,8,6000000,0,0,3,1784057,447228,18715,0,9872,0,0,0,2323211,2485366,3750000,0,0,39,340,700,0,0,0,0,0,0,0,entry:LeverageInitialMarginTooLow
5000,10,true,true,1,10,3,2500,100,false,7,5250000,0,0,2,1178900,321100,0,0,6024,0,0,61,1552916,2361278,3750000,0,0,46,347,700,0,0,0,0,0,0,0,entry:LeverageInitialMarginTooLow
5000,10,true,true,1,10,3,2500,100,true,7,5250000,0,0,2,1178900,321100,0,0,6024,0,0,61,1552916,2361278,3750000,0,0,46,347,700,0,0,0,0,0,0,0,entry:LeverageInitialMarginTooLow
