variant,amplification,controller,hlp,pieces,path,wallet_bps,opened,original_debt,min_entry_health_bps,max_entry_requirement_bps,partial,flash,solvent,emergency,repaid,insurance,loss,owner,reward,contribution,remaining,eligible,eligible_debt,below_keeper_cost,failed_fills,blocked
baseline,1,false,false,1,0,1667,0,0,0,0,0,0,0,0,0,0,0,0,0,0,0,0,0,0,0,entry_margin
baseline,1,false,false,1,0,2000,0,0,0,0,0,0,0,0,0,0,0,0,0,0,0,0,0,0,0,entry_margin
baseline,1,false,false,1,0,5000,1,7500000,3484,1666,7,0,0,1,6858869,200829,440302,0,28741,4146,0,0,0,0,0,
baseline,1,false,false,1,1,1667,0,0,0,0,0,0,0,0,0,0,0,0,0,0,0,0,0,0,0,entry_margin
baseline,1,false,false,1,1,2000,0,0,0,0,0,0,0,0,0,0,0,0,0,0,0,0,0,0,0,entry_margin
baseline,1,false,false,1,1,5000,1,7500000,3484,1666,0,0,0,1,5160480,200000,2139520,0,28487,0,0,0,0,0,0,
baseline,1,false,false,1,2,1667,0,0,0,0,0,0,0,0,0,0,0,0,0,0,0,0,0,0,0,entry_margin
baseline,1,false,false,1,2,2000,0,0,0,0,0,0,0,0,0,0,0,0,0,0,0,0,0,0,0,entry_margin
baseline,1,false,false,1,2,5000,1,7500000,3484,1666,0,0,0,1,5363696,200000,1936304,0,30520,0,0,0,0,0,0,
baseline,1,false,false,10,0,1667,1,1249950,1391,1000,0,0,1,0,1249950,0,0,19865,2202,2499,0,0,0,0,0,entry_margin
baseline,1,false,false,10,0,2000,2,2400000,1241,1000,10,1,1,0,2399965,35,0,17519,2496,4796,0,0,0,0,0,entry_margin
baseline,1,false,false,10,0,5000,10,7500000,1731,1100,54,3,5,1,7494883,3474,0,27332,3419,14828,1643,1,1643,1,0,
baseline,1,false,false,10,1,1667,1,1249950,1391,1000,0,0,0,1,1003866,200000,46084,0,6931,0,0,0,0,0,0,entry_margin
baseline,1,false,false,10,1,2000,2,2400000,1241,1000,0,0,0,2,1922213,360000,117787,0,13752,0,0,0,0,0,0,entry_margin
baseline,1,false,false,10,1,5000,10,7500000,1731,1100,0,0,0,10,5738972,500000,1261028,0,40024,0,0,0,0,0,0,
baseline,1,false,false,10,2,1667,1,1249950,1391,1000,0,0,0,1,772677,200000,277273,0,6826,0,0,0,0,0,0,entry_margin
baseline,1,false,false,10,2,2000,2,2400000,1241,1000,0,0,0,2,1469170,360000,570830,0,10862,0,0,0,0,0,0,entry_margin
baseline,1,false,false,10,2,5000,10,7500000,1731,1100,0,0,0,10,5244535,500000,1755465,0,39436,0,0,0,0,0,0,
baseline,1,false,true,1,0,1667,0,0,0,0,0,0,0,0,0,0,0,0,0,0,0,0,0,0,0,entry_margin
baseline,1,false,true,1,0,2000,0,0,0,0,0,0,0,0,0,0,0,0,0,0,0,0,0,0,0,entry_margin
baseline,1,false,true,1,0,5000,1,7500000,3109,1641,6,0,0,1,6628606,200555,670839,0,28010,2778,0,0,0,0,0,
baseline,1,false,true,1,1,1667,0,0,0,0,0,0,0,0,0,0,0,0,0,0,0,0,0,0,0,entry_margin
baseline,1,false,true,1,1,2000,0,0,0,0,0,0,0,0,0,0,0,0,0,0,0,0,0,0,0,entry_margin
baseline,1,false,true,1,1,5000,1,7500000,3109,1641,0,0,0,1,5028150,200000,2271850,0,28692,0,0,0,0,0,0,
baseline,1,false,true,1,2,1667,0,0,0,0,0,0,0,0,0,0,0,0,0,0,0,0,0,0,0,entry_margin
baseline,1,false,true,1,2,2000,0,0,0,0,0,0,0,0,0,0,0,0,0,0,0,0,0,0,0,entry_margin
baseline,1,false,true,1,2,5000,1,7500000,3109,1641,0,0,0,1,4940227,200000,2359773,0,28865,0,0,0,0,0,0,
baseline,1,false,true,10,0,1667,1,1249950,1329,1000,0,0,1,0,1249950,0,0,22618,874,2499,0,0,0,0,0,entry_margin
baseline,1,false,true,10,0,2000,2,2400000,1053,1000,12,1,1,0,2399954,46,0,22231,1050,4795,0,0,0,0,0,entry_margin
baseline,1,false,true,10,0,5000,9,6750000,1292,1053,58,3,4,0,6745396,2443,0,28634,3188,13133,2161,1,1143,1,0,entry_margin
baseline,1,false,true,10,1,1667,1,1249950,1329,1000,0,0,0,1,1022886,200000,27064,0,5272,0,0,0,0,0,0,entry_margin
baseline,1,false,true,10,1,2000,2,2400000,1053,1000,0,0,0,2,1943552,360000,96448,0,12554,0,0,0,0,0,0,entry_margin
baseline,1,false,true,10,1,5000,9,6750000,1292,1053,0,0,0,9,5228796,500000,1021204,0,33410,0,0,0,0,0,0,entry_margin
baseline,1,false,true,10,2,1667,1,1249950,1329,1000,0,0,0,1,762450,200000,287500,0,7534,0,0,0,0,0,0,entry_margin
baseline,1,false,true,10,2,2000,2,2400000,1053,1000,0,0,0,2,1431878,360000,608122,0,12981,0,0,0,0,0,0,entry_margin
baseline,1,false,true,10,2,5000,9,6750000,1292,1053,0,0,0,9,4519259,500000,1730741,0,34671,0,0,0,0,0,0,entry_margin
baseline,1,true,false,1,0,1667,0,0,0,0,0,0,0,0,0,0,0,0,0,0,0,0,0,0,0,entry_margin
baseline,1,true,false,1,0,2000,0,0,0,0,0,0,0,0,0,0,0,0,0,0,0,0,0,0,0,entry_margin
baseline,1,true,false,1,0,5000,1,7500000,2226,1582,0,0,0,1,5494418,200000,1805582,0,29597,0,0,0,0,0,0,
baseline,1,true,false,1,1,1667,0,0,0,0,0,0,0,0,0,0,0,0,0,0,0,0,0,0,0,entry_margin
baseline,1,true,false,1,1,2000,0,0,0,0,0,0,0,0,0,0,0,0,0,0,0,0,0,0,0,entry_margin
baseline,1,true,false,1,1,5000,1,7500000,2226,1582,0,0,0,1,4440906,200000,2859094,0,24272,0,0,0,0,0,0,
baseline,1,true,false,1,2,1667,0,0,0,0,0,0,0,0,0,0,0,0,0,0,0,0,0,0,0,entry_margin
baseline,1,true,false,1,2,2000,0,0,0,0,0,0,0,0,0,0,0,0,0,0,0,0,0,0,0,entry_margin
baseline,1,true,false,1,2,5000,1,7500000,2226,1582,0,0,0,1,3768027,200000,3531973,0,28248,0,0,0,0,0,0,
baseline,1,true,false,10,0,1667,1,1249950,1294,1000,0,0,0,1,996695,200000,53255,0,5338,0,0,0,0,0,0,entry_margin
baseline,1,true,false,10,0,2000,1,1200000,1641,1000,0,0,0,1,954270,200000,45730,0,5015,0,0,0,0,0,0,entry_margin
baseline,1,true,false,10,0,5000,8,6000000,1132,1001,0,0,0,8,4866597,500000,633403,0,25452,0,0,0,0,0,0,entry_margin
baseline,1,true,false,10,1,1667,1,1249950,1294,1000,0,0,0,1,822852,200000,227098,0,4704,0,0,0,0,0,0,entry_margin
baseline,1,true,false,10,1,2000,1,1200000,1641,1000,0,0,0,1,774714,200000,225286,0,4384,0,0,0,0,0,0,entry_margin
baseline,1,true,false,10,1,5000,8,6000000,1132,1001,0,0,0,8,3782693,500000,1717307,0,24291,0,0,0,0,0,0,entry_margin
baseline,1,true,false,10,2,1667,1,1249950,1294,1000,0,0,0,1,612663,200000,437287,0,6188,0,0,0,0,0,0,entry_margin
baseline,1,true,false,10,2,2000,1,1200000,1641,1000,0,0,0,1,612663,200000,387337,0,6188,0,0,0,0,0,0,entry_margin
baseline,1,true,false,10,2,5000,8,6000000,1132,1001,0,0,0,8,3221410,500000,2278590,0,21636,0,0,0,0,0,0,entry_margin
baseline,1,true,true,1,0,1667,0,0,0,0,0,0,0,0,0,0,0,0,0,0,0,0,0,0,0,entry_margin
baseline,1,true,true,1,0,2000,0,0,0,0,0,0,0,0,0,0,0,0,0,0,0,0,0,0,0,entry_margin
baseline,1,true,true,1,0,5000,1,7500000,1851,1557,0,0,0,1,5366746,200000,1933254,0,27201,0,0,0,0,0,0,
baseline,1,true,true,1,1,1667,0,0,0,0,0,0,0,0,0,0,0,0,0,0,0,0,0,0,0,entry_margin
baseline,1,true,true,1,1,2000,0,0,0,0,0,0,0,0,0,0,0,0,0,0,0,0,0,0,0,entry_margin
baseline,1,true,true,1,1,5000,1,7500000,1851,1557,0,0,0,1,4390737,200000,2909263,0,24584,0,0,0,0,0,0,
baseline,1,true,true,1,2,1667,0,0,0,0,0,0,0,0,0,0,0,0,0,0,0,0,0,0,0,entry_margin
baseline,1,true,true,1,2,2000,0,0,0,0,0,0,0,0,0,0,0,0,0,0,0,0,0,0,0,entry_margin
baseline,1,true,true,1,2,5000,1,7500000,1851,1557,0,0,0,1,3522966,200000,3777034,0,28618,0,0,0,0,0,0,
baseline,1,true,true,10,0,1667,1,1249950,1176,1000,0,0,0,1,1018169,200000,31781,0,5219,0,0,0,0,0,0,entry_margin
baseline,1,true,true,10,0,2000,1,1200000,1529,1000,0,0,0,1,951264,200000,48736,0,4780,0,0,0,0,0,0,entry_margin
baseline,1,true,true,10,0,5000,6,4500000,1350,1000,0,0,0,6,3597015,500000,402985,0,18737,0,0,0,0,0,0,entry_margin
baseline,1,true,true,10,1,1667,1,1249950,1176,1000,0,0,0,1,806741,200000,243209,0,6142,0,0,0,0,0,0,entry_margin
baseline,1,true,true,10,1,2000,1,1200000,1529,1000,0,0,0,1,759645,200000,240355,0,5740,0,0,0,0,0,0,entry_margin
baseline,1,true,true,10,1,5000,6,4500000,1350,1000,0,0,0,6,2813028,500000,1186972,0,17824,0,0,0,0,0,0,entry_margin
baseline,1,true,true,10,2,1667,1,1249950,1176,1000,0,0,0,1,604559,200000,445391,0,3684,0,0,0,0,0,0,entry_margin
baseline,1,true,true,10,2,2000,1,1200000,1529,1000,0,0,0,1,604290,200000,395710,0,3953,0,0,0,0,0,0,entry_margin
baseline,1,true,true,10,2,5000,6,4500000,1350,1000,0,0,0,6,2481077,500000,1518923,0,20214,0,0,0,0,0,0,entry_margin
baseline,4,false,false,1,0,1667,0,0,0,0,0,0,0,0,0,0,0,0,0,0,0,0,0,0,0,entry_margin
baseline,4,false,false,1,0,2000,0,0,0,0,0,0,0,0,0,0,0,0,0,0,0,0,0,0,0,entry_margin
baseline,4,false,false,1,0,5000,1,7500000,3873,1692,6,0,0,1,6786168,200636,513196,0,27146,3184,0,0,0,0,0,
baseline,4,false,false,1,1,1667,0,0,0,0,0,0,0,0,0,0,0,0,0,0,0,0,0,0,0,entry_margin
baseline,4,false,false,1,1,2000,0,0,0,0,0,0,0,0,0,0,0,0,0,0,0,0,0,0,0,entry_margin
baseline,4,false,false,1,1,5000,1,7500000,3873,1692,0,0,0,1,5108285,200000,2191715,0,25850,0,0,0,0,0,0,
baseline,4,false,false,1,2,1667,0,0,0,0,0,0,0,0,0,0,0,0,0,0,0,0,0,0,0,entry_margin
baseline,4,false,false,1,2,2000,0,0,0,0,0,0,0,0,0,0,0,0,0,0,0,0,0,0,0,entry_margin
baseline,4,false,false,1,2,5000,1,7500000,3873,1692,0,0,0,1,5611534,200000,1688466,0,32679,0,0,0,0,0,0,
baseline,4,false,false,10,0,1667,3,3749850,1102,1000,0,0,2,1,3667533,82317,0,41818,13083,4998,0,0,0,0,0,entry_margin
baseline,4,false,false,10,0,2000,3,3600000,1458,1000,0,0,2,1,3525105,74895,0,44861,11888,4800,0,0,0,0,0,entry_margin
baseline,4,false,false,10,0,5000,10,7500000,2164,1125,50,3,2,4,7459171,40351,0,18835,9339,12885,478,1,478,1,0,
baseline,4,false,false,10,1,1667,3,3749850,1102,1000,0,0,0,3,3004056,488000,257794,0,22144,0,0,0,0,0,0,entry_margin
baseline,4,false,false,10,1,2000,3,3600000,1458,1000,0,0,0,3,2829540,488000,282460,0,21016,0,0,0,0,0,0,entry_margin
baseline,4,false,false,10,1,5000,10,7500000,2164,1125,0,0,0,10,5705712,500000,1294288,0,35553,0,0,0,0,0,0,
baseline,4,false,false,10,2,1667,3,3749850,1102,1000,0,0,0,3,2192915,488000,1068935,0,16643,0,0,0,0,0,0,entry_margin
baseline,4,false,false,10,2,2000,3,3600000,1458,1000,0,0,0,3,2195826,488000,916174,0,17016,0,0,0,0,0,0,entry_margin
baseline,4,false,false,10,2,5000,10,7500000,2164,1125,0,0,0,10,5506035,500000,1493965,0,38291,0,0,0,0,0,0,
baseline,4,false,true,1,0,1667,0,0,0,0,0,0,0,0,0,0,0,0,0,0,0,0,0,0,0,entry_margin
baseline,4,false,true,1,0,2000,0,0,0,0,0,0,0,0,0,0,0,0,0,0,0,0,0,0,0,entry_margin
baseline,4,false,true,1,0,5000,1,7500000,3508,1668,6,0,0,1,6526705,200553,772742,0,29916,2768,0,0,0,0,0,
baseline,4,false,true,1,1,1667,0,0,0,0,0,0,0,0,0,0,0,0,0,0,0,0,0,0,0,entry_margin
baseline,4,false,true,1,1,2000,0,0,0,0,0,0,0,0,0,0,0,0,0,0,0,0,0,0,0,entry_margin
baseline,4,false,true,1,1,5000,1,7500000,3508,1668,0,0,0,1,4958653,200000,2341347,0,26160,0,0,0,0,0,0,
baseline,4,false,true,1,2,1667,0,0,0,0,0,0,0,0,0,0,0,0,0,0,0,0,0,0,0,entry_margin
baseline,4,false,true,1,2,2000,0,0,0,0,0,0,0,0,0,0,0,0,0,0,0,0,0,0,0,entry_margin
baseline,4,false,true,1,2,5000,1,7500000,3508,1668,0,0,0,1,5150020,200000,2149980,0,27971,0,0,0,0,0,0,
baseline,4,false,true,10,0,1667,2,2499900,1306,1000,0,0,1,1,2467390,32510,0,24166,7820,2499,0,0,0,0,0,entry_margin
baseline,4,false,true,10,0,2000,3,3600000,1147,1000,0,0,2,1,3558979,41021,0,31062,8194,4800,0,0,0,0,0,entry_margin
baseline,4,false,true,10,0,5000,10,7500000,1206,1101,42,1,6,2,7478160,21694,0,37508,8811,13142,146,1,146,1,0,
baseline,4,false,true,10,1,1667,2,2499900,1306,1000,0,0,0,2,2002055,360000,137845,0,10573,0,0,0,0,0,0,entry_margin
baseline,4,false,true,10,1,2000,3,3600000,1147,1000,0,0,0,3,2875258,488000,236742,0,17193,0,0,0,0,0,0,entry_margin
baseline,4,false,true,10,1,5000,10,7500000,1206,1101,0,0,0,10,5742694,500000,1257306,0,40892,0,0,0,0,0,0,
baseline,4,false,true,10,2,1667,2,2499900,1306,1000,0,0,0,2,1496133,360000,643767,0,12004,0,0,0,0,0,0,entry_margin
baseline,4,false,true,10,2,2000,3,3600000,1147,1000,0,0,0,3,2127465,488000,984535,0,16815,0,0,0,0,0,0,entry_margin
baseline,4,false,true,10,2,5000,10,7500000,1206,1101,0,0,0,10,4996326,500000,2003674,0,39172,0,0,0,0,0,0,
baseline,4,true,false,1,0,1667,0,0,0,0,0,0,0,0,0,0,0,0,0,0,0,0,0,0,0,entry_margin
baseline,4,true,false,1,0,2000,0,0,0,0,0,0,0,0,0,0,0,0,0,0,0,0,0,0,0,entry_margin
baseline,4,true,false,1,0,5000,1,7500000,2698,1614,0,0,0,1,5463380,200000,1836620,0,29049,0,0,0,0,0,0,
baseline,4,true,false,1,1,1667,0,0,0,0,0,0,0,0,0,0,0,0,0,0,0,0,0,0,0,entry_margin
baseline,4,true,false,1,1,2000,0,0,0,0,0,0,0,0,0,0,0,0,0,0,0,0,0,0,0,entry_margin
baseline,4,true,false,1,1,5000,1,7500000,2698,1614,0,0,0,1,4294364,200000,3005636,0,26634,0,0,0,0,0,0,
baseline,4,true,false,1,2,1667,0,0,0,0,0,0,0,0,0,0,0,0,0,0,0,0,0,0,0,entry_margin
baseline,4,true,false,1,2,2000,0,0,0,0,0,0,0,0,0,0,0,0,0,0,0,0,0,0,0,entry_margin
baseline,4,true,false,1,2,5000,1,7500000,2698,1614,0,0,0,1,3737263,200000,3562737,0,20702,0,0,0,0,0,0,
baseline,4,true,false,10,0,1667,1,1249950,1477,1000,0,0,0,1,993114,200000,56836,0,5148,0,0,0,0,0,0,entry_margin
baseline,4,true,false,10,0,2000,2,2400000,1050,1000,0,0,0,2,1905388,360000,134612,0,10274,0,0,0,0,0,0,entry_margin
baseline,4,true,false,10,0,5000,9,6750000,1332,1043,0,0,0,9,5406695,500000,843305,0,28402,0,0,0,0,0,0,entry_margin
baseline,4,true,false,10,1,1667,1,1249950,1477,1000,0,0,0,1,814954,200000,234996,0,4483,0,0,0,0,0,0,entry_margin
baseline,4,true,false,10,1,2000,2,2400000,1050,1000,0,0,0,2,1558304,360000,481696,0,10327,0,0,0,0,0,0,entry_margin
baseline,4,true,false,10,1,5000,9,6750000,1332,1043,0,0,0,9,4209081,500000,2040919,0,27725,0,0,0,0,0,0,entry_margin
baseline,4,true,false,10,2,1667,1,1249950,1477,1000,0,0,0,1,585840,200000,464110,0,4350,0,0,0,0,0,0,entry_margin
baseline,4,true,false,10,2,2000,2,2400000,1050,1000,0,0,0,2,1097063,360000,942937,0,9666,0,0,0,0,0,0,entry_margin
baseline,4,true,false,10,2,5000,9,6750000,1332,1043,0,0,0,9,3630382,500000,2619618,0,30150,0,0,0,0,0,0,entry_margin
baseline,4,true,true,1,0,1667,0,0,0,0,0,0,0,0,0,0,0,0,0,0,0,0,0,0,0,entry_margin
baseline,4,true,true,1,0,2000,0,0,0,0,0,0,0,0,0,0,0,0,0,0,0,0,0,0,0,entry_margin
baseline,4,true,true,1,0,5000,1,7500000,2338,1590,0,0,0,1,5332978,200000,1967022,0,27132,0,0,0,0,0,0,
baseline,4,true,true,1,1,1667,0,0,0,0,0,0,0,0,0,0,0,0,0,0,0,0,0,0,0,entry_margin
baseline,4,true,true,1,1,2000,0,0,0,0,0,0,0,0,0,0,0,0,0,0,0,0,0,0,0,entry_margin
baseline,4,true,true,1,1,5000,1,7500000,2338,1590,0,0,0,1,4240756,200000,3059244,0,25997,0,0,0,0,0,0,
baseline,4,true,true,1,2,1667,0,0,0,0,0,0,0,0,0,0,0,0,0,0,0,0,0,0,0,entry_margin
baseline,4,true,true,1,2,2000,0,0,0,0,0,0,0,0,0,0,0,0,0,0,0,0,0,0,0,entry_margin
baseline,4,true,true,1,2,5000,1,7500000,2338,1590,0,0,0,1,3787361,200000,3512639,0,24257,0,0,0,0,0,0,
baseline,4,true,true,10,0,1667,1,1249950,1400,1000,0,0,0,1,988907,200000,61043,0,4969,0,0,0,0,0,0,entry_margin
baseline,4,true,true,10,0,2000,1,1200000,1744,1000,0,0,0,1,945333,200000,54667,0,5323,0,0,0,0,0,0,entry_margin
baseline,4,true,true,10,0,5000,7,5250000,1467,1000,0,0,0,7,4186303,500000,563697,0,22092,0,0,0,0,0,0,entry_margin
baseline,4,true,true,10,1,1667,1,1249950,1400,1000,0,0,0,1,802712,200000,247238,0,5425,0,0,0,0,0,0,entry_margin
baseline,4,true,true,10,1,2000,1,1200000,1744,1000,0,0,0,1,755681,200000,244319,0,5261,0,0,0,0,0,0,entry_margin
baseline,4,true,true,10,1,5000,7,5250000,1467,1000,0,0,0,7,3240484,500000,1509516,0,23113,0,0,0,0,0,0,entry_margin
baseline,4,true,true,10,2,1667,1,1249950,1400,1000,0,0,0,1,573477,200000,476473,0,4991,0,0,0,0,0,0,entry_margin
baseline,4,true,true,10,2,2000,1,1200000,1744,1000,0,0,0,1,573469,200000,426531,0,4999,0,0,0,0,0,0,entry_margin
baseline,4,true,true,10,2,5000,7,5250000,1467,1000,0,0,0,7,2822505,500000,1927495,0,20308,0,0,0,0,0,0,entry_margin
baseline,10,false,false,1,0,1667,0,0,0,0,0,0,0,0,0,0,0,0,0,0,0,0,0,0,0,entry_margin
baseline,10,false,false,1,0,2000,0,0,0,0,0,0,0,0,0,0,0,0,0,0,0,0,0,0,0,entry_margin
baseline,10,false,false,1,0,5000,1,7500000,4450,1731,6,0,0,1,6630367,200558,669075,0,27864,2792,0,0,0,0,0,
baseline,10,false,false,1,1,1667,0,0,0,0,0,0,0,0,0,0,0,0,0,0,0,0,0,0,0,entry_margin
baseline,10,false,false,1,1,2000,0,0,0,0,0,0,0,0,0,0,0,0,0,0,0,0,0,0,0,entry_margin
baseline,10,false,false,1,1,5000,1,7500000,4450,1731,0,0,0,1,4880449,200000,2419551,0,29054,0,0,0,0,0,0,
baseline,10,false,false,1,2,1667,0,0,0,0,0,0,0,0,0,0,0,0,0,0,0,0,0,0,0,entry_margin
baseline,10,false,false,1,2,2000,0,0,0,0,0,0,0,0,0,0,0,0,0,0,0,0,0,0,0,entry_margin
baseline,10,false,false,1,2,5000,1,7500000,4450,1731,0,0,0,1,5991357,200000,1308643,0,31983,0,0,0,0,0,0,
baseline,10,false,false,10,0,1667,6,7499700,1060,1012,0,0,2,4,6777865,502499,219336,32898,39336,4998,0,0,0,0,0,entry_margin
baseline,10,false,false,10,0,2000,6,7200000,1418,1012,0,0,2,4,6532012,481858,186130,36536,34009,4800,0,0,0,0,0,entry_margin
baseline,10,false,false,10,0,5000,10,7500000,3120,1171,14,0,6,4,7211756,288244,0,43016,27781,8998,0,0,0,0,0,
baseline,10,false,false,10,1,1667,6,7499700,1060,1012,0,0,0,6,5531401,500000,1468299,0,40709,0,0,0,0,0,0,entry_margin
baseline,10,false,false,10,1,2000,6,7200000,1418,1012,0,0,0,6,5224259,500000,1475741,0,38337,0,0,0,0,0,0,entry_margin
baseline,10,false,false,10,1,5000,10,7500000,3120,1171,0,0,0,10,5348486,500000,1651514,0,38156,0,0,0,0,0,0,
baseline,10,false,false,10,2,1667,6,7499700,1060,1012,0,0,0,6,3993577,500000,3006123,0,30998,0,0,0,0,0,0,entry_margin
baseline,10,false,false,10,2,2000,6,7200000,1418,1012,0,0,0,6,4011142,500000,2688858,0,31513,0,0,0,0,0,0,entry_margin
baseline,10,false,false,10,2,5000,10,7500000,3120,1171,0,0,0,10,5927324,500000,1072676,0,38615,0,0,0,0,0,0,
baseline,10,false,true,1,0,1667,0,0,0,0,0,0,0,0,0,0,0,0,0,0,0,0,0,0,0,entry_margin
baseline,10,false,true,1,0,2000,0,0,0,0,0,0,0,0,0,0,0,0,0,0,0,0,0,0,0,entry_margin
baseline,10,false,true,1,0,5000,1,7500000,4134,1709,5,0,0,1,6332377,200392,967231,0,27326,1962,0,0,0,0,0,
baseline,10,false,true,1,1,1667,0,0,0,0,0,0,0,0,0,0,0,0,0,0,0,0,0,0,0,entry_margin
baseline,10,false,true,1,1,2000,0,0,0,0,0,0,0,0,0,0,0,0,0,0,0,0,0,0,0,entry_margin
baseline,10,false,true,1,1,5000,1,7500000,4134,1709,0,0,0,1,4730481,200000,2569519,0,27793,0,0,0,0,0,0,
baseline,10,false,true,1,2,1667,0,0,0,0,0,0,0,0,0,0,0,0,0,0,0,0,0,0,0,entry_margin
baseline,10,false,true,1,2,2000,0,0,0,0,0,0,0,0,0,0,0,0,0,0,0,0,0,0,0,entry_margin
baseline,10,false,true,1,2,5000,1,7500000,4134,1709,0,0,0,1,5481818,200000,1818182,0,28155,0,0,0,0,0,0,
baseline,10,false,true,10,0,1667,4,4999800,1306,1000,0,0,1,3,4594496,358687,46617,19533,25983,2499,0,0,0,0,0,entry_margin
baseline,10,false,true,10,0,2000,5,6000000,1350,1000,0,0,2,3,5476824,408647,114529,24874,26083,4800,0,0,0,0,0,entry_margin
baseline,10,false,true,10,0,5000,10,7500000,2125,1144,7,0,7,3,7259732,240268,0,71297,27440,10495,0,0,0,0,0,
baseline,10,false,true,10,1,1667,4,4999800,1306,1000,0,0,0,4,3722220,500000,777580,0,25163,0,0,0,0,0,0,entry_margin
baseline,10,false,true,10,1,2000,5,6000000,1350,1000,0,0,0,5,4328166,500000,1171834,0,29974,0,0,0,0,0,0,entry_margin
baseline,10,false,true,10,1,5000,10,7500000,2125,1144,0,0,0,10,5434081,500000,1565919,0,38612,0,0,0,0,0,0,
baseline,10,false,true,10,2,1667,4,4999800,1306,1000,0,0,0,4,2787565,500000,1712235,0,20454,0,0,0,0,0,0,entry_margin
baseline,10,false,true,10,2,2000,5,6000000,1350,1000,0,0,0,5,3334822,500000,2165178,0,27357,0,0,0,0,0,0,entry_margin
baseline,10,false,true,10,2,5000,10,7500000,2125,1144,0,0,0,10,5355813,500000,1644187,0,39245,0,0,0,0,0,0,
baseline,10,true,false,1,0,1667,0,0,0,0,0,0,0,0,0,0,0,0,0,0,0,0,0,0,0,entry_margin
baseline,10,true,false,1,0,2000,0,0,0,0,0,0,0,0,0,0,0,0,0,0,0,0,0,0,0,entry_margin
baseline,10,true,false,1,0,5000,1,7500000,3339,1656,0,0,0,1,5373502,200000,1926498,0,28723,0,0,0,0,0,0,
baseline,10,true,false,1,1,1667,0,0,0,0,0,0,0,0,0,0,0,0,0,0,0,0,0,0,0,entry_margin
baseline,10,true,false,1,1,2000,0,0,0,0,0,0,0,0,0,0,0,0,0,0,0,0,0,0,0,entry_margin
baseline,10,true,false,1,1,5000,1,7500000,3339,1656,0,0,0,1,4233413,200000,3066587,0,22090,0,0,0,0,0,0,
baseline,10,true,false,1,2,1667,0,0,0,0,0,0,0,0,0,0,0,0,0,0,0,0,0,0,0,entry_margin
baseline,10,true,false,1,2,2000,0,0,0,0,0,0,0,0,0,0,0,0,0,0,0,0,0,0,0,entry_margin
baseline,10,true,false,1,2,5000,1,7500000,3339,1656,0,0,0,1,3966038,200000,3333962,0,21877,0,0,0,0,0,0,
baseline,10,true,false,10,0,1667,1,1249950,1518,1000,0,0,0,1,990890,200000,59060,0,5150,0,0,0,0,0,0,entry_margin
baseline,10,true,false,10,0,2000,2,2400000,1226,1000,0,0,0,2,1906370,360000,133630,0,9702,0,0,0,0,0,0,entry_margin
baseline,10,true,false,10,0,5000,10,7500000,2177,1104,0,0,0,10,5850294,500000,1149706,0,36135,0,0,0,0,0,0,
baseline,10,true,false,10,1,1667,1,1249950,1518,1000,0,0,0,1,791361,200000,258589,0,6128,0,0,0,0,0,0,entry_margin
baseline,10,true,false,10,1,2000,2,2400000,1226,1000,0,0,0,2,1551373,360000,488627,0,9729,0,0,0,0,0,0,entry_margin
baseline,10,true,false,10,1,5000,10,7500000,2177,1104,0,0,0,10,4516475,500000,2483525,0,28515,0,0,0,0,0,0,
baseline,10,true,false,10,2,1667,1,1249950,1518,1000,0,0,0,1,581051,200000,468899,0,3919,0,0,0,0,0,0,entry_margin
baseline,10,true,false,10,2,2000,2,2400000,1226,1000,0,0,0,2,1094591,360000,945409,0,7902,0,0,0,0,0,0,entry_margin
baseline,10,true,false,10,2,5000,10,7500000,2177,1104,0,0,0,10,4210830,500000,2789170,0,31484,0,0,0,0,0,0,
baseline,10,true,true,1,0,1667,0,0,0,0,0,0,0,0,0,0,0,0,0,0,0,0,0,0,0,entry_margin
baseline,10,true,true,1,0,2000,0,0,0,0,0,0,0,0,0,0,0,0,0,0,0,0,0,0,0,entry_margin
baseline,10,true,true,1,0,5000,1,7500000,3059,1638,0,0,0,1,5200898,200000,2099102,0,27900,0,0,0,0,0,0,
baseline,10,true,true,1,1,1667,0,0,0,0,0,0,0,0,0,0,0,0,0,0,0,0,0,0,0,entry_margin
baseline,10,true,true,1,1,2000,0,0,0,0,0,0,0,0,0,0,0,0,0,0,0,0,0,0,0,entry_margin
baseline,10,true,true,1,1,5000,1,7500000,3059,1638,0,0,0,1,4068375,200000,3231625,0,25393,0,0,0,0,0,0,
baseline,10,true,true,1,2,1667,0,0,0,0,0,0,0,0,0,0,0,0,0,0,0,0,0,0,0,entry_margin
baseline,10,true,true,1,2,2000,0,0,0,0,0,0,0,0,0,0,0,0,0,0,0,0,0,0,0,entry_margin
baseline,10,true,true,1,2,5000,1,7500000,3059,1638,0,0,0,1,4061122,200000,3238878,0,26146,0,0,0,0,0,0,
baseline,10,true,true,10,0,1667,1,1249950,1457,1000,0,0,0,1,982397,200000,67553,0,5404,0,0,0,0,0,0,entry_margin
baseline,10,true,true,10,0,2000,1,1200000,1799,1000,0,0,0,1,944444,200000,55556,0,5100,0,0,0,0,0,0,entry_margin
baseline,10,true,true,10,0,5000,10,7500000,1229,1085,0,0,0,10,5850750,500000,1149250,0,34345,0,0,0,0,0,0,
baseline,10,true,true,10,1,1667,1,1249950,1457,1000,0,0,0,1,806681,200000,243269,0,4717,0,0,0,0,0,0,entry_margin
baseline,10,true,true,10,1,2000,1,1200000,1799,1000,0,0,0,1,759475,200000,240525,0,4595,0,0,0,0,0,0,entry_margin
baseline,10,true,true,10,1,5000,10,7500000,1229,1085,0,0,0,10,4577838,500000,2422162,0,32920,0,0,0,0,0,0,
baseline,10,true,true,10,2,1667,1,1249950,1457,1000,0,0,0,1,621000,200000,428950,0,4818,0,0,0,0,0,0,entry_margin
baseline,10,true,true,10,2,2000,1,1200000,1799,1000,0,0,0,1,620991,200000,379009,0,4827,0,0,0,0,0,0,entry_margin
baseline,10,true,true,10,2,5000,10,7500000,1229,1085,0,0,0,10,3843765,500000,3156235,0,28302,0,0,0,0,0,0,
critical_75,1,false,false,1,0,1667,0,0,0,0,0,0,0,0,0,0,0,0,0,0,0,0,0,0,0,entry_margin
critical_75,1,false,false,1,0,2000,0,0,0,0,0,0,0,0,0,0,0,0,0,0,0,0,0,0,0,entry_margin
critical_75,1,false,false,1,0,5000,1,7500000,3484,1666,2,0,0,1,6875988,200129,423883,0,17588,647,0,0,0,0,0,
critical_75,1,false,false,1,1,1667,0,0,0,0,0,0,0,0,0,0,0,0,0,0,0,0,0,0,0,entry_margin
critical_75,1,false,false,1,1,2000,0,0,0,0,0,0,0,0,0,0,0,0,0,0,0,0,0,0,0,entry_margin
critical_75,1,false,false,1,1,5000,1,7500000,3484,1666,0,0,0,1,5317901,200000,1982099,0,19845,0,0,0,0,0,0,
critical_75,1,false,false,1,2,1667,0,0,0,0,0,0,0,0,0,0,0,0,0,0,0,0,0,0,0,entry_margin
critical_75,1,false,false,1,2,2000,0,0,0,0,0,0,0,0,0,0,0,0,0,0,0,0,0,0,0,entry_margin
critical_75,1,false,false,1,2,5000,1,7500000,3484,1666,0,0,0,1,5372855,200000,1927145,0,21361,0,0,0,0,0,0,
critical_75,1,false,false,10,0,1667,1,1249950,1391,1000,0,0,1,0,1249950,0,0,19865,2202,2499,0,0,0,0,0,entry_margin
critical_75,1,false,false,10,0,2000,2,2400000,1241,1000,10,1,1,0,2399965,35,0,17519,2496,4796,0,0,0,0,0,entry_margin
critical_75,1,false,false,10,0,5000,10,7500000,1731,1100,53,0,3,5,7492053,473,0,32548,3064,14968,7474,1,5162,1,0,
critical_75,1,false,false,10,1,1667,1,1249950,1391,1000,0,0,0,1,1037377,200000,12573,0,4300,0,0,0,0,0,0,entry_margin
critical_75,1,false,false,10,1,2000,2,2400000,1241,1000,0,0,0,2,1986505,351748,61747,0,8635,0,0,0,0,0,0,entry_margin
critical_75,1,false,false,10,1,5000,10,7500000,1731,1100,0,0,0,10,5862283,500000,1137717,0,28186,0,0,0,0,0,0,
critical_75,1,false,false,10,2,1667,1,1249950,1391,1000,0,0,0,1,777421,200000,272529,0,2082,0,0,0,0,0,0,entry_margin
critical_75,1,false,false,10,2,2000,2,2400000,1241,1000,0,0,0,2,1473727,360000,566273,0,6305,0,0,0,0,0,0,entry_margin
critical_75,1,false,false,10,2,5000,10,7500000,1731,1100,0,0,0,10,5259374,500000,1740626,0,25580,0,0,0,0,0,0,
critical_75,1,false,true,1,0,1667,0,0,0,0,0,0,0,0,0,0,0,0,0,0,0,0,0,0,0,entry_margin
critical_75,1,false,true,1,0,2000,0,0,0,0,0,0,0,0,0,0,0,0,0,0,0,0,0,0,0,entry_margin
critical_75,1,false,true,1,0,5000,1,7500000,3109,1641,2,0,0,1,6643649,200129,656222,0,16577,647,0,0,0,0,0,
critical_75,1,false,true,1,1,1667,0,0,0,0,0,0,0,0,0,0,0,0,0,0,0,0,0,0,0,entry_margin
critical_75,1,false,true,1,1,2000,0,0,0,0,0,0,0,0,0,0,0,0,0,0,0,0,0,0,0,entry_margin
critical_75,1,false,true,1,1,5000,1,7500000,3109,1641,0,0,0,1,5179414,200000,2120586,0,20351,0,0,0,0,0,0,
critical_75,1,false,true,1,2,1667,0,0,0,0,0,0,0,0,0,0,0,0,0,0,0,0,0,0,0,entry_margin
critical_75,1,false,true,1,2,2000,0,0,0,0,0,0,0,0,0,0,0,0,0,0,0,0,0,0,0,entry_margin
critical_75,1,false,true,1,2,5000,1,7500000,3109,1641,0,0,0,1,4950458,200000,2349542,0,18634,0,0,0,0,0,0,
critical_75,1,false,true,10,0,1667,1,1249950,1329,1000,0,0,1,0,1249950,0,0,22618,874,2499,0,0,0,0,0,entry_margin
critical_75,1,false,true,10,0,2000,2,2400000,1053,1000,12,1,1,0,2399954,46,0,22231,1050,4795,0,0,0,0,0,entry_margin
critical_75,1,false,true,10,0,5000,9,6750000,1292,1053,38,0,4,4,6744256,4779,0,45595,6735,12676,965,0,0,0,0,entry_margin
critical_75,1,false,true,10,1,1667,1,1249950,1329,1000,0,0,0,1,1056732,193218,0,0,2738,0,0,0,0,0,0,entry_margin
critical_75,1,false,true,10,1,2000,2,2400000,1053,1000,0,0,0,2,2008050,349275,42675,0,7672,0,0,0,0,0,0,entry_margin
critical_75,1,false,true,10,1,5000,9,6750000,1292,1053,0,0,0,9,5347701,500000,902299,0,21877,0,0,0,0,0,0,entry_margin
critical_75,1,false,true,10,2,1667,1,1249950,1329,1000,0,0,0,1,767169,200000,282781,0,2815,0,0,0,0,0,0,entry_margin
critical_75,1,false,true,10,2,2000,2,2400000,1053,1000,0,0,0,2,1435816,360000,604184,0,9043,0,0,0,0,0,0,entry_margin
critical_75,1,false,true,10,2,5000,9,6750000,1292,1053,0,0,0,9,4532732,500000,1717268,0,21989,0,0,0,0,0,0,entry_margin
critical_75,1,true,false,1,0,1667,0,0,0,0,0,0,0,0,0,0,0,0,0,0,0,0,0,0,0,entry_margin
critical_75,1,true,false,1,0,2000,0,0,0,0,0,0,0,0,0,0,0,0,0,0,0,0,0,0,0,entry_margin
critical_75,1,true,false,1,0,5000,1,7500000,2226,1582,0,0,0,1,5692779,200000,1607221,0,16162,0,0,0,0,0,0,
critical_75,1,true,false,1,1,1667,0,0,0,0,0,0,0,0,0,0,0,0,0,0,0,0,0,0,0,entry_margin
critical_75,1,true,false,1,1,2000,0,0,0,0,0,0,0,0,0,0,0,0,0,0,0,0,0,0,0,entry_margin
critical_75,1,true,false,1,1,5000,1,7500000,2226,1582,0,0,0,1,4577954,200000,2722046,0,17527,0,0,0,0,0,0,
critical_75,1,true,false,1,2,1667,0,0,0,0,0,0,0,0,0,0,0,0,0,0,0,0,0,0,0,entry_margin
critical_75,1,true,false,1,2,2000,0,0,0,0,0,0,0,0,0,0,0,0,0,0,0,0,0,0,0,entry_margin
critical_75,1,true,false,1,2,5000,1,7500000,2226,1582,0,0,0,1,3778687,200000,3521313,0,17588,0,0,0,0,0,0,
critical_75,1,true,false,10,0,1667,1,1249950,1294,1000,0,0,0,1,1079639,170311,0,0,2798,0,0,0,0,0,0,entry_margin
critical_75,1,true,false,10,0,2000,1,1200000,1641,1000,0,0,0,1,970580,200000,29420,0,3087,0,0,0,0,0,0,entry_margin
critical_75,1,true,false,10,0,5000,8,6000000,1132,1001,0,0,0,8,5027724,500000,472276,0,13624,0,0,0,0,0,0,entry_margin
critical_75,1,true,false,10,1,1667,1,1249950,1294,1000,0,0,0,1,850219,200000,199731,0,2679,0,0,0,0,0,0,entry_margin
critical_75,1,true,false,10,1,2000,1,1200000,1641,1000,0,0,0,1,800715,200000,199285,0,2248,0,0,0,0,0,0,entry_margin
critical_75,1,true,false,10,1,5000,8,6000000,1132,1001,0,0,0,8,3896007,500000,1603993,0,14124,0,0,0,0,0,0,entry_margin
critical_75,1,true,false,10,2,1667,1,1249950,1294,1000,0,0,0,1,616244,200000,433706,0,2607,0,0,0,0,0,0,entry_margin
critical_75,1,true,false,10,2,2000,1,1200000,1641,1000,0,0,0,1,615970,200000,384030,0,2881,0,0,0,0,0,0,entry_margin
critical_75,1,true,false,10,2,5000,8,6000000,1132,1001,0,0,0,8,3222871,500000,2277129,0,20175,0,0,0,0,0,0,entry_margin
critical_75,1,true,true,1,0,1667,0,0,0,0,0,0,0,0,0,0,0,0,0,0,0,0,0,0,0,entry_margin
critical_75,1,true,true,1,0,2000,0,0,0,0,0,0,0,0,0,0,0,0,0,0,0,0,0,0,0,entry_margin
critical_75,1,true,true,1,0,5000,1,7500000,1851,1557,0,0,0,1,5530712,200000,1769288,0,15707,0,0,0,0,0,0,
critical_75,1,true,true,1,1,1667,0,0,0,0,0,0,0,0,0,0,0,0,0,0,0,0,0,0,0,entry_margin
critical_75,1,true,true,1,1,2000,0,0,0,0,0,0,0,0,0,0,0,0,0,0,0,0,0,0,0,entry_margin
critical_75,1,true,true,1,1,5000,1,7500000,1851,1557,0,0,0,1,4661421,200000,2638579,0,12081,0,0,0,0,0,0,
critical_75,1,true,true,1,2,1667,0,0,0,0,0,0,0,0,0,0,0,0,0,0,0,0,0,0,0,entry_margin
critical_75,1,true,true,1,2,2000,0,0,0,0,0,0,0,0,0,0,0,0,0,0,0,0,0,0,0,entry_margin
critical_75,1,true,true,1,2,5000,1,7500000,1851,1557,0,0,0,1,3534040,200000,3765960,0,17544,0,0,0,0,0,0,
critical_75,1,true,true,10,0,1667,1,1249950,1176,1000,0,0,0,1,1078553,171397,0,0,3290,0,0,0,0,0,0,entry_margin
critical_75,1,true,true,10,0,2000,1,1200000,1529,1000,0,0,0,1,967488,200000,32512,0,2854,0,0,0,0,0,0,entry_margin
critical_75,1,true,true,10,0,5000,6,4500000,1350,1000,0,0,0,6,3694218,500000,305782,0,10788,0,0,0,0,0,0,entry_margin
critical_75,1,true,true,10,1,1667,1,1249950,1176,1000,0,0,0,1,861066,200000,188884,0,2244,0,0,0,0,0,0,entry_margin
critical_75,1,true,true,10,1,2000,1,1200000,1529,1000,0,0,0,1,785128,200000,214872,0,3650,0,0,0,0,0,0,entry_margin
critical_75,1,true,true,10,1,5000,6,4500000,1350,1000,0,0,0,6,2876997,500000,1123003,0,11954,0,0,0,0,0,0,entry_margin
critical_75,1,true,true,10,2,1667,1,1249950,1176,1000,0,0,0,1,604559,200000,445391,0,3684,0,0,0,0,0,0,entry_margin
critical_75,1,true,true,10,2,2000,1,1200000,1529,1000,0,0,0,1,604290,200000,395710,0,3953,0,0,0,0,0,0,entry_margin
critical_75,1,true,true,10,2,5000,6,4500000,1350,1000,0,0,0,6,2489410,500000,1510590,0,12114,0,0,0,0,0,0,entry_margin
critical_75,4,false,false,1,0,1667,0,0,0,0,0,0,0,0,0,0,0,0,0,0,0,0,0,0,0,entry_margin
critical_75,4,false,false,1,0,2000,0,0,0,0,0,0,0,0,0,0,0,0,0,0,0,0,0,0,0,entry_margin
critical_75,4,false,false,1,0,5000,1,7500000,3873,1692,2,0,0,1,6799038,200129,500833,0,17745,648,0,0,0,0,0,
critical_75,4,false,false,1,1,1667,0,0,0,0,0,0,0,0,0,0,0,0,0,0,0,0,0,0,0,entry_margin
critical_75,4,false,false,1,1,2000,0,0,0,0,0,0,0,0,0,0,0,0,0,0,0,0,0,0,0,entry_margin
critical_75,4,false,false,1,1,5000,1,7500000,3873,1692,0,0,0,1,5263345,200000,2036655,0,17219,0,0,0,0,0,0,
critical_75,4,false,false,1,2,1667,0,0,0,0,0,0,0,0,0,0,0,0,0,0,0,0,0,0,0,entry_margin
critical_75,4,false,false,1,2,2000,0,0,0,0,0,0,0,0,0,0,0,0,0,0,0,0,0,0,0,entry_margin
critical_75,4,false,false,1,2,5000,1,7500000,3873,1692,0,0,0,1,5626293,200000,1673707,0,17920,0,0,0,0,0,0,
critical_75,4,false,false,10,0,1667,3,3749850,1102,1000,0,0,2,1,3673506,76344,0,41818,7110,4998,0,0,0,0,0,entry_margin
critical_75,4,false,false,10,0,2000,3,3600000,1458,1000,0,0,2,1,3530745,69255,0,44861,6248,4800,0,0,0,0,0,entry_margin
critical_75,4,false,false,10,0,5000,10,7500000,2164,1125,38,1,3,6,7482010,17990,0,27306,8116,13038,0,0,0,0,0,
critical_75,4,false,false,10,1,1667,3,3749850,1102,1000,0,0,0,3,3104333,477698,167819,0,14519,0,0,0,0,0,0,entry_margin
critical_75,4,false,false,10,1,2000,3,3600000,1458,1000,0,0,0,3,2924786,485149,190065,0,13040,0,0,0,0,0,0,entry_margin
critical_75,4,false,false,10,1,5000,10,7500000,2164,1125,0,0,0,10,5748872,500000,1251128,0,29126,0,0,0,0,0,0,
critical_75,4,false,false,10,2,1667,3,3749850,1102,1000,0,0,0,3,2197846,488000,1064004,0,12070,0,0,0,0,0,0,entry_margin
critical_75,4,false,false,10,2,2000,3,3600000,1458,1000,0,0,0,3,2200429,488000,911571,0,12753,0,0,0,0,0,0,entry_margin
critical_75,4,false,false,10,2,5000,10,7500000,2164,1125,0,0,0,10,5519065,500000,1480935,0,26179,0,0,0,0,0,0,
critical_75,4,false,true,1,0,1667,0,0,0,0,0,0,0,0,0,0,0,0,0,0,0,0,0,0,0,entry_margin
critical_75,4,false,true,1,0,2000,0,0,0,0,0,0,0,0,0,0,0,0,0,0,0,0,0,0,0,entry_margin
critical_75,4,false,true,1,0,5000,1,7500000,3508,1668,1,0,0,1,6544398,200032,755570,0,16528,164,0,0,0,0,0,
critical_75,4,false,true,1,1,1667,0,0,0,0,0,0,0,0,0,0,0,0,0,0,0,0,0,0,0,entry_margin
critical_75,4,false,true,1,1,2000,0,0,0,0,0,0,0,0,0,0,0,0,0,0,0,0,0,0,0,entry_margin
critical_75,4,false,true,1,1,5000,1,7500000,3508,1668,0,0,0,1,5106998,200000,2193002,0,17865,0,0,0,0,0,0,
critical_75,4,false,true,1,2,1667,0,0,0,0,0,0,0,0,0,0,0,0,0,0,0,0,0,0,0,entry_margin
critical_75,4,false,true,1,2,2000,0,0,0,0,0,0,0,0,0,0,0,0,0,0,0,0,0,0,0,entry_margin
critical_75,4,false,true,1,2,5000,1,7500000,3508,1668,0,0,0,1,5158729,200000,2141271,0,19262,0,0,0,0,0,0,
critical_75,4,false,true,10,0,1667,2,2499900,1306,1000,0,0,1,1,2469140,30760,0,24166,6070,2499,0,0,0,0,0,entry_margin
critical_75,4,false,true,10,0,2000,3,3600000,1147,1000,0,0,2,1,3562558,37442,0,31062,4615,4800,0,0,0,0,0,entry_margin
critical_75,4,false,true,10,0,5000,10,7500000,1206,1101,29,0,6,4,7471654,28346,0,49435,12154,12934,0,0,0,0,0,
critical_75,4,false,true,10,1,1667,2,2499900,1306,1000,0,0,0,2,2065310,358178,76412,0,8574,0,0,0,0,0,0,entry_margin
critical_75,4,false,true,10,1,2000,3,3600000,1147,1000,0,0,0,3,2971097,472639,156264,0,9659,0,0,0,0,0,0,entry_margin
critical_75,4,false,true,10,1,5000,10,7500000,1206,1101,0,0,0,10,5899860,500000,1100140,0,25479,0,0,0,0,0,0,
critical_75,4,false,true,10,2,1667,2,2499900,1306,1000,0,0,0,2,1499422,360000,640478,0,8039,0,0,0,0,0,0,entry_margin
critical_75,4,false,true,10,2,2000,3,3600000,1147,1000,0,0,0,3,2129912,488000,982088,0,13723,0,0,0,0,0,0,entry_margin
critical_75,4,false,true,10,2,5000,10,7500000,1206,1101,0,0,0,10,5011471,500000,1988529,0,25074,0,0,0,0,0,0,
critical_75,4,true,false,1,0,1667,0,0,0,0,0,0,0,0,0,0,0,0,0,0,0,0,0,0,0,entry_margin
critical_75,4,true,false,1,0,2000,0,0,0,0,0,0,0,0,0,0,0,0,0,0,0,0,0,0,0,entry_margin
critical_75,4,true,false,1,0,5000,1,7500000,2698,1614,0,0,0,1,5658200,200000,1641800,0,16063,0,0,0,0,0,0,
critical_75,4,true,false,1,1,1667,0,0,0,0,0,0,0,0,0,0,0,0,0,0,0,0,0,0,0,entry_margin
critical_75,4,true,false,1,1,2000,0,0,0,0,0,0,0,0,0,0,0,0,0,0,0,0,0,0,0,entry_margin
critical_75,4,true,false,1,1,5000,1,7500000,2698,1614,0,0,0,1,4561807,200000,2738193,0,12703,0,0,0,0,0,0,
critical_75,4,true,false,1,2,1667,0,0,0,0,0,0,0,0,0,0,0,0,0,0,0,0,0,0,0,entry_margin
critical_75,4,true,false,1,2,2000,0,0,0,0,0,0,0,0,0,0,0,0,0,0,0,0,0,0,0,entry_margin
critical_75,4,true,false,1,2,5000,1,7500000,2698,1614,0,0,0,1,3746526,200000,3553474,0,11439,0,0,0,0,0,0,
critical_75,4,true,false,10,0,1667,1,1249950,1477,1000,0,0,0,1,1010076,200000,39874,0,3125,0,0,0,0,0,0,entry_margin
critical_75,4,true,false,10,0,2000,2,2400000,1050,1000,0,0,0,2,1943406,360000,96594,0,5763,0,0,0,0,0,0,entry_margin
critical_75,4,true,false,10,0,5000,9,6750000,1332,1043,0,0,0,9,5516743,500000,733257,0,15374,0,0,0,0,0,0,entry_margin
critical_75,4,true,false,10,1,1667,1,1249950,1477,1000,0,0,0,1,842143,200000,207807,0,2351,0,0,0,0,0,0,entry_margin
critical_75,4,true,false,10,1,2000,2,2400000,1050,1000,0,0,0,2,1610319,360000,429681,0,6308,0,0,0,0,0,0,entry_margin
critical_75,4,true,false,10,1,5000,9,6750000,1332,1043,0,0,0,9,4300981,500000,1949019,0,18460,0,0,0,0,0,0,entry_margin
critical_75,4,true,false,10,2,1667,1,1249950,1477,1000,0,0,0,1,585840,200000,464110,0,4350,0,0,0,0,0,0,entry_margin
critical_75,4,true,false,10,2,2000,2,2400000,1050,1000,0,0,0,2,1100814,360000,939186,0,5915,0,0,0,0,0,0,entry_margin
critical_75,4,true,false,10,2,5000,9,6750000,1332,1043,0,0,0,9,3646940,500000,2603060,0,14523,0,0,0,0,0,0,entry_margin
critical_75,4,true,true,1,0,1667,0,0,0,0,0,0,0,0,0,0,0,0,0,0,0,0,0,0,0,entry_margin
critical_75,4,true,true,1,0,2000,0,0,0,0,0,0,0,0,0,0,0,0,0,0,0,0,0,0,0,entry_margin
critical_75,4,true,true,1,0,5000,1,7500000,2338,1590,0,0,0,1,5522471,200000,1777529,0,14162,0,0,0,0,0,0,
critical_75,4,true,true,1,1,1667,0,0,0,0,0,0,0,0,0,0,0,0,0,0,0,0,0,0,0,entry_margin
critical_75,4,true,true,1,1,2000,0,0,0,0,0,0,0,0,0,0,0,0,0,0,0,0,0,0,0,entry_margin
critical_75,4,true,true,1,1,5000,1,7500000,2338,1590,0,0,0,1,4502977,200000,2797023,0,12738,0,0,0,0,0,0,
critical_75,4,true,true,1,2,1667,0,0,0,0,0,0,0,0,0,0,0,0,0,0,0,0,0,0,0,entry_margin
critical_75,4,true,true,1,2,2000,0,0,0,0,0,0,0,0,0,0,0,0,0,0,0,0,0,0,0,entry_margin
critical_75,4,true,true,1,2,5000,1,7500000,2338,1590,0,0,0,1,3797851,200000,3502149,0,13767,0,0,0,0,0,0,
critical_75,4,true,true,10,0,1667,1,1249950,1400,1000,0,0,0,1,1005757,200000,44193,0,2967,0,0,0,0,0,0,entry_margin
critical_75,4,true,true,10,0,2000,1,1200000,1744,1000,0,0,0,1,966876,200000,33124,0,2770,0,0,0,0,0,0,entry_margin
critical_75,4,true,true,10,0,5000,7,5250000,1467,1000,0,0,0,7,4276062,500000,473938,0,11896,0,0,0,0,0,0,entry_margin
critical_75,4,true,true,10,1,1667,1,1249950,1400,1000,0,0,0,1,829483,200000,220467,0,3331,0,0,0,0,0,0,entry_margin
critical_75,4,true,true,10,1,2000,1,1200000,1744,1000,0,0,0,1,781107,200000,218893,0,3080,0,0,0,0,0,0,entry_margin
critical_75,4,true,true,10,1,5000,7,5250000,1467,1000,0,0,0,7,3335391,500000,1414609,0,13852,0,0,0,0,0,0,entry_margin
critical_75,4,true,true,10,2,1667,1,1249950,1400,1000,0,0,0,1,576989,200000,472961,0,1479,0,0,0,0,0,0,entry_margin
critical_75,4,true,true,10,2,2000,1,1200000,1744,1000,0,0,0,1,576750,200000,423250,0,1718,0,0,0,0,0,0,entry_margin
critical_75,4,true,true,10,2,5000,7,5250000,1467,1000,0,0,0,7,2827836,500000,1922164,0,15178,0,0,0,0,0,0,entry_margin
critical_75,10,false,false,1,0,1667,0,0,0,0,0,0,0,0,0,0,0,0,0,0,0,0,0,0,0,entry_margin
critical_75,10,false,false,1,0,2000,0,0,0,0,0,0,0,0,0,0,0,0,0,0,0,0,0,0,0,entry_margin
critical_75,10,false,false,1,0,5000,1,7500000,4450,1731,2,0,0,1,6644082,200130,655788,0,17190,650,0,0,0,0,0,
critical_75,10,false,false,1,1,1667,0,0,0,0,0,0,0,0,0,0,0,0,0,0,0,0,0,0,0,entry_margin
critical_75,10,false,false,1,1,2000,0,0,0,0,0,0,0,0,0,0,0,0,0,0,0,0,0,0,0,entry_margin
critical_75,10,false,false,1,1,5000,1,7500000,4450,1731,0,0,0,1,5027369,200000,2272631,0,20742,0,0,0,0,0,0,
critical_75,10,false,false,1,2,1667,0,0,0,0,0,0,0,0,0,0,0,0,0,0,0,0,0,0,0,entry_margin
critical_75,10,false,false,1,2,2000,0,0,0,0,0,0,0,0,0,0,0,0,0,0,0,0,0,0,0,entry_margin
critical_75,10,false,false,1,2,5000,1,7500000,4450,1731,0,0,0,1,6007981,200000,1292019,0,15359,0,0,0,0,0,0,
critical_75,10,false,false,10,0,1667,6,7499700,1060,1012,0,0,1,5,6805141,495178,199381,18757,28933,2499,0,0,0,0,0,entry_margin
critical_75,10,false,false,10,0,2000,6,7200000,1418,1012,0,0,2,4,6535548,502400,162052,36536,31004,4800,0,0,0,0,0,entry_margin
critical_75,10,false,false,10,0,5000,10,7500000,3120,1171,14,0,5,5,7218717,281283,0,43152,20693,8997,0,0,0,0,0,
critical_75,10,false,false,10,1,1667,6,7499700,1060,1012,0,0,0,6,5718240,500000,1281460,0,27064,0,0,0,0,0,0,entry_margin
critical_75,10,false,false,10,1,2000,6,7200000,1418,1012,0,0,0,6,5402671,500000,1297329,0,24163,0,0,0,0,0,0,entry_margin
critical_75,10,false,false,10,1,5000,10,7500000,3120,1171,0,0,0,10,5515694,500000,1484306,0,21530,0,0,0,0,0,0,
critical_75,10,false,false,10,2,1667,6,7499700,1060,1012,0,0,0,6,3998095,500000,3001605,0,24527,0,0,0,0,0,0,entry_margin
critical_75,10,false,false,10,2,2000,6,7200000,1418,1012,0,0,0,6,4015083,500000,2684917,0,25669,0,0,0,0,0,0,entry_margin
critical_75,10,false,false,10,2,5000,10,7500000,3120,1171,0,0,0,10,5940555,500000,1059445,0,26910,0,0,0,0,0,0,
critical_75,10,false,true,1,0,1667,0,0,0,0,0,0,0,0,0,0,0,0,0,0,0,0,0,0,0,entry_margin
critical_75,10,false,true,1,0,2000,0,0,0,0,0,0,0,0,0,0,0,0,0,0,0,0,0,0,0,entry_margin
critical_75,10,false,true,1,0,5000,1,7500000,4134,1709,1,0,0,1,6345289,200032,954679,0,16956,164,0,0,0,0,0,
critical_75,10,false,true,1,1,1667,0,0,0,0,0,0,0,0,0,0,0,0,0,0,0,0,0,0,0,entry_margin
critical_75,10,false,true,1,1,2000,0,0,0,0,0,0,0,0,0,0,0,0,0,0,0,0,0,0,0,entry_margin
critical_75,10,false,true,1,1,5000,1,7500000,4134,1709,0,0,0,1,4870696,200000,2429304,0,19678,0,0,0,0,0,0,
critical_75,10,false,true,1,2,1667,0,0,0,0,0,0,0,0,0,0,0,0,0,0,0,0,0,0,0,entry_margin
critical_75,10,false,true,1,2,2000,0,0,0,0,0,0,0,0,0,0,0,0,0,0,0,0,0,0,0,entry_margin
critical_75,10,false,true,1,2,5000,1,7500000,4134,1709,0,0,0,1,5493471,200000,1806529,0,16502,0,0,0,0,0,0,
critical_75,10,false,true,10,0,1667,4,4999800,1306,1000,0,0,1,3,4601578,353022,45200,19533,18901,2499,0,0,0,0,0,entry_margin
critical_75,10,false,true,10,0,2000,5,6000000,1350,1000,0,0,2,3,5477403,418748,103849,24874,25504,4800,0,0,0,0,0,entry_margin
critical_75,10,false,true,10,0,5000,10,7500000,2125,1144,7,0,7,3,7268116,231884,0,71297,19056,10495,0,0,0,0,0,
critical_75,10,false,true,10,1,1667,4,4999800,1306,1000,0,0,0,4,3846612,500000,653188,0,15511,0,0,0,0,0,0,entry_margin
critical_75,10,false,true,10,1,2000,5,6000000,1350,1000,0,0,0,5,4474144,500000,1025856,0,17899,0,0,0,0,0,0,entry_margin
critical_75,10,false,true,10,1,5000,10,7500000,2125,1144,0,0,0,10,5580835,500000,1419165,0,24777,0,0,0,0,0,0,
critical_75,10,false,true,10,2,1667,4,4999800,1306,1000,0,0,0,4,2788271,500000,1711529,0,17742,0,0,0,0,0,0,entry_margin
critical_75,10,false,true,10,2,2000,5,6000000,1350,1000,0,0,0,5,3341940,500000,2158060,0,18294,0,0,0,0,0,0,entry_margin
critical_75,10,false,true,10,2,5000,10,7500000,2125,1144,0,0,0,10,5369542,500000,1630458,0,26751,0,0,0,0,0,0,
critical_75,10,true,false,1,0,1667,0,0,0,0,0,0,0,0,0,0,0,0,0,0,0,0,0,0,0,entry_margin
critical_75,10,true,false,1,0,2000,0,0,0,0,0,0,0,0,0,0,0,0,0,0,0,0,0,0,0,entry_margin
critical_75,10,true,false,1,0,5000,1,7500000,3339,1656,0,0,0,1,5590896,200000,1709104,0,14591,0,0,0,0,0,0,
critical_75,10,true,false,1,1,1667,0,0,0,0,0,0,0,0,0,0,0,0,0,0,0,0,0,0,0,entry_margin
critical_75,10,true,false,1,1,2000,0,0,0,0,0,0,0,0,0,0,0,0,0,0,0,0,0,0,0,entry_margin
critical_75,10,true,false,1,1,5000,1,7500000,3339,1656,0,0,0,1,4362628,200000,2937372,0,15041,0,0,0,0,0,0,
critical_75,10,true,false,1,2,1667,0,0,0,0,0,0,0,0,0,0,0,0,0,0,0,0,0,0,0,entry_margin
critical_75,10,true,false,1,2,2000,0,0,0,0,0,0,0,0,0,0,0,0,0,0,0,0,0,0,0,entry_margin
critical_75,10,true,false,1,2,5000,1,7500000,3339,1656,0,0,0,1,3973447,200000,3326553,0,14468,0,0,0,0,0,0,
critical_75,10,true,false,10,0,1667,1,1249950,1518,1000,0,0,0,1,1007784,200000,42166,0,3148,0,0,0,0,0,0,entry_margin
critical_75,10,true,false,10,0,2000,2,2400000,1226,1000,0,0,0,2,1938907,360000,101093,0,5832,0,0,0,0,0,0,entry_margin
critical_75,10,true,false,10,0,5000,10,7500000,2177,1104,0,0,0,10,5983028,500000,1016972,0,20666,0,0,0,0,0,0,
critical_75,10,true,false,10,1,1667,1,1249950,1518,1000,0,0,0,1,817900,200000,232050,0,3956,0,0,0,0,0,0,entry_margin
critical_75,10,true,false,10,1,2000,2,2400000,1226,1000,0,0,0,2,1603231,360000,436769,0,5593,0,0,0,0,0,0,entry_margin
critical_75,10,true,false,10,1,5000,10,7500000,2177,1104,0,0,0,10,4603866,500000,2396134,0,22405,0,0,0,0,0,0,
critical_75,10,true,false,10,2,1667,1,1249950,1518,1000,0,0,0,1,581051,200000,468899,0,3919,0,0,0,0,0,0,entry_margin
critical_75,10,true,false,10,2,2000,2,2400000,1226,1000,0,0,0,2,1094591,360000,945409,0,7902,0,0,0,0,0,0,entry_margin
critical_75,10,true,false,10,2,5000,10,7500000,2177,1104,0,0,0,10,4224753,500000,2775247,0,19595,0,0,0,0,0,0,
critical_75,10,true,true,1,0,1667,0,0,0,0,0,0,0,0,0,0,0,0,0,0,0,0,0,0,0,entry_margin
critical_75,10,true,true,1,0,2000,0,0,0,0,0,0,0,0,0,0,0,0,0,0,0,0,0,0,0,entry_margin
critical_75,10,true,true,1,0,5000,1,7500000,3059,1638,0,0,0,1,5409902,200000,1890098,0,13982,0,0,0,0,0,0,
critical_75,10,true,true,1,1,1667,0,0,0,0,0,0,0,0,0,0,0,0,0,0,0,0,0,0,0,entry_margin
critical_75,10,true,true,1,1,2000,0,0,0,0,0,0,0,0,0,0,0,0,0,0,0,0,0,0,0,entry_margin
critical_75,10,true,true,1,1,5000,1,7500000,3059,1638,0,0,0,1,4318721,200000,2981279,0,11809,0,0,0,0,0,0,
critical_75,10,true,true,1,2,1667,0,0,0,0,0,0,0,0,0,0,0,0,0,0,0,0,0,0,0,entry_margin
critical_75,10,true,true,1,2,2000,0,0,0,0,0,0,0,0,0,0,0,0,0,0,0,0,0,0,0,entry_margin
critical_75,10,true,true,1,2,5000,1,7500000,3059,1638,0,0,0,1,4069644,200000,3230356,0,17624,0,0,0,0,0,0,
critical_75,10,true,true,10,0,1667,1,1249950,1457,1000,0,0,0,1,1004752,200000,45198,0,2748,0,0,0,0,0,0,entry_margin
critical_75,10,true,true,10,0,2000,1,1200000,1799,1000,0,0,0,1,965940,200000,34060,0,2545,0,0,0,0,0,0,entry_margin
critical_75,10,true,true,10,0,5000,10,7500000,1229,1085,0,0,0,10,5983854,500000,1016146,0,21090,0,0,0,0,0,0,
critical_75,10,true,true,10,1,1667,1,1249950,1457,1000,0,0,0,1,833527,200000,216423,0,2615,0,0,0,0,0,0,entry_margin
critical_75,10,true,true,10,1,2000,1,1200000,1799,1000,0,0,0,1,784974,200000,215026,0,2407,0,0,0,0,0,0,entry_margin
critical_75,10,true,true,10,1,5000,10,7500000,1229,1085,0,0,0,10,4674877,500000,2325123,0,21078,0,0,0,0,0,0,
critical_75,10,true,true,10,2,1667,1,1249950,1457,1000,0,0,0,1,621000,200000,428950,0,4818,0,0,0,0,0,0,entry_margin
critical_75,10,true,true,10,2,2000,1,1200000,1799,1000,0,0,0,1,620991,200000,379009,0,4827,0,0,0,0,0,0,entry_margin
critical_75,10,true,true,10,2,5000,10,7500000,1229,1085,0,0,0,10,3854438,500000,3145562,0,21667,0,0,0,0,0,0,
reward_025,1,false,false,1,0,1667,0,0,0,0,0,0,0,0,0,0,0,0,0,0,0,0,0,0,0,entry_margin
reward_025,1,false,false,1,0,2000,0,0,0,0,0,0,0,0,0,0,0,0,0,0,0,0,0,0,0,entry_margin
reward_025,1,false,false,1,0,5000,1,7500000,3484,1666,7,0,0,1,6880425,200829,418746,0,7185,4146,0,0,0,0,0,
reward_025,1,false,false,1,1,1667,0,0,0,0,0,0,0,0,0,0,0,0,0,0,0,0,0,0,0,entry_margin
reward_025,1,false,false,1,1,2000,0,0,0,0,0,0,0,0,0,0,0,0,0,0,0,0,0,0,0,entry_margin
reward_025,1,false,false,1,1,5000,1,7500000,3484,1666,0,0,0,1,5181846,200000,2118154,0,7121,0,0,0,0,0,0,
reward_025,1,false,false,1,2,1667,0,0,0,0,0,0,0,0,0,0,0,0,0,0,0,0,0,0,0,entry_margin
reward_025,1,false,false,1,2,2000,0,0,0,0,0,0,0,0,0,0,0,0,0,0,0,0,0,0,0,entry_margin
reward_025,1,false,false,1,2,5000,1,7500000,3484,1666,0,0,0,1,5386586,200000,1913414,0,7630,0,0,0,0,0,0,
reward_025,1,false,false,10,0,1667,1,1249950,1391,1000,0,0,1,0,1249950,0,0,21517,550,2499,0,0,0,0,0,entry_margin
reward_025,1,false,false,10,0,2000,2,2400000,1241,1000,10,1,1,0,2399965,35,0,19391,624,4796,0,0,0,0,0,entry_margin
reward_025,1,false,false,10,0,5000,10,7500000,1731,1100,65,4,3,0,7496081,110,0,6699,396,14959,3809,2,3213,2,0,
reward_025,1,false,false,10,1,1667,1,1249950,1391,1000,0,0,0,1,1009065,200000,40885,0,1732,0,0,0,0,0,0,entry_margin
reward_025,1,false,false,10,1,2000,2,2400000,1241,1000,0,0,0,2,1932529,360000,107471,0,3437,0,0,0,0,0,0,entry_margin
reward_025,1,false,false,10,1,5000,10,7500000,1731,1100,0,0,0,10,5769091,500000,1230909,0,9989,0,0,0,0,0,0,
reward_025,1,false,false,10,2,1667,1,1249950,1391,1000,0,0,0,1,777797,200000,272153,0,1706,0,0,0,0,0,0,entry_margin
reward_025,1,false,false,10,2,2000,2,2400000,1241,1000,0,0,0,2,1477374,360000,562626,0,2715,0,0,0,0,0,0,entry_margin
reward_025,1,false,false,10,2,5000,10,7500000,1731,1100,0,0,0,10,5276379,500000,1723621,0,9831,0,0,0,0,0,0,
reward_025,1,false,true,1,0,1667,0,0,0,0,0,0,0,0,0,0,0,0,0,0,0,0,0,0,0,entry_margin
reward_025,1,false,true,1,0,2000,0,0,0,0,0,0,0,0,0,0,0,0,0,0,0,0,0,0,0,entry_margin
reward_025,1,false,true,1,0,5000,1,7500000,3109,1641,6,0,0,1,6649614,200555,649831,0,7002,2778,0,0,0,0,0,
reward_025,1,false,true,1,1,1667,0,0,0,0,0,0,0,0,0,0,0,0,0,0,0,0,0,0,0,entry_margin
reward_025,1,false,true,1,1,2000,0,0,0,0,0,0,0,0,0,0,0,0,0,0,0,0,0,0,0,entry_margin
reward_025,1,false,true,1,1,5000,1,7500000,3109,1641,0,0,0,1,5049669,200000,2250331,0,7173,0,0,0,0,0,0,
reward_025,1,false,true,1,2,1667,0,0,0,0,0,0,0,0,0,0,0,0,0,0,0,0,0,0,0,entry_margin
reward_025,1,false,true,1,2,2000,0,0,0,0,0,0,0,0,0,0,0,0,0,0,0,0,0,0,0,entry_margin
reward_025,1,false,true,1,2,5000,1,7500000,3109,1641,0,0,0,1,4961876,200000,2338124,0,7216,0,0,0,0,0,0,
reward_025,1,false,true,10,0,1667,1,1249950,1329,1000,0,0,1,0,1249950,0,0,23274,218,2499,0,0,0,0,0,entry_margin
reward_025,1,false,true,10,0,2000,2,2400000,1053,1000,12,1,1,0,2399954,46,0,23019,262,4795,0,0,0,0,0,entry_margin
reward_025,1,false,true,10,0,5000,9,6750000,1292,1053,43,3,4,1,6744665,4079,0,41989,1067,12985,1256,0,0,0,0,entry_margin
reward_025,1,false,true,10,1,1667,1,1249950,1329,1000,0,0,0,1,1026840,200000,23110,0,1318,0,0,0,0,0,0,entry_margin
reward_025,1,false,true,10,1,2000,2,2400000,1053,1000,0,0,0,2,1952971,360000,87029,0,3137,0,0,0,0,0,0,entry_margin
reward_025,1,false,true,10,1,5000,9,6750000,1292,1053,0,0,0,9,5253881,500000,996119,0,8338,0,0,0,0,0,0,entry_margin
reward_025,1,false,true,10,2,1667,1,1249950,1329,1000,0,0,0,1,768101,200000,281849,0,1883,0,0,0,0,0,0,entry_margin
reward_025,1,false,true,10,2,2000,2,2400000,1053,1000,0,0,0,2,1441710,360000,598290,0,3245,0,0,0,0,0,0,entry_margin
reward_025,1,false,true,10,2,5000,9,6750000,1292,1053,0,0,0,9,4547065,500000,1702935,0,8647,0,0,0,0,0,0,entry_margin
reward_025,1,true,false,1,0,1667,0,0,0,0,0,0,0,0,0,0,0,0,0,0,0,0,0,0,0,entry_margin
reward_025,1,true,false,1,0,2000,0,0,0,0,0,0,0,0,0,0,0,0,0,0,0,0,0,0,0,entry_margin
reward_025,1,true,false,1,0,5000,1,7500000,2226,1582,0,0,0,1,5516616,200000,1783384,0,7399,0,0,0,0,0,0,
reward_025,1,true,false,1,1,1667,0,0,0,0,0,0,0,0,0,0,0,0,0,0,0,0,0,0,0,entry_margin
reward_025,1,true,false,1,1,2000,0,0,0,0,0,0,0,0,0,0,0,0,0,0,0,0,0,0,0,entry_margin
reward_025,1,true,false,1,1,5000,1,7500000,2226,1582,0,0,0,1,4459110,200000,2840890,0,6068,0,0,0,0,0,0,
reward_025,1,true,false,1,2,1667,0,0,0,0,0,0,0,0,0,0,0,0,0,0,0,0,0,0,0,entry_margin
reward_025,1,true,false,1,2,2000,0,0,0,0,0,0,0,0,0,0,0,0,0,0,0,0,0,0,0,entry_margin
reward_025,1,true,false,1,2,5000,1,7500000,2226,1582,0,0,0,1,3789213,200000,3510787,0,7062,0,0,0,0,0,0,
reward_025,1,true,false,10,0,1667,1,1249950,1294,1000,0,0,0,1,1000699,200000,49251,0,1334,0,0,0,0,0,0,entry_margin
reward_025,1,true,false,10,0,2000,1,1200000,1641,1000,0,0,0,1,958032,200000,41968,0,1253,0,0,0,0,0,0,entry_margin
reward_025,1,true,false,10,0,5000,8,6000000,1132,1001,0,0,0,8,4885698,500000,614302,0,6358,0,0,0,0,0,0,entry_margin
reward_025,1,true,false,10,1,1667,1,1249950,1294,1000,0,0,0,1,826380,200000,223570,0,1176,0,0,0,0,0,0,entry_margin
reward_025,1,true,false,10,1,2000,1,1200000,1641,1000,0,0,0,1,778002,200000,221998,0,1096,0,0,0,0,0,0,entry_margin
reward_025,1,true,false,10,1,5000,8,6000000,1132,1001,0,0,0,8,3800920,500000,1699080,0,6069,0,0,0,0,0,0,entry_margin
reward_025,1,true,false,10,2,1667,1,1249950,1294,1000,0,0,0,1,617304,200000,432646,0,1547,0,0,0,0,0,0,entry_margin
reward_025,1,true,false,10,2,2000,1,1200000,1641,1000,0,0,0,1,617304,200000,382696,0,1547,0,0,0,0,0,0,entry_margin
reward_025,1,true,false,10,2,5000,8,6000000,1132,1001,0,0,0,8,3238374,500000,2261626,0,5398,0,0,0,0,0,0,entry_margin
reward_025,1,true,true,1,0,1667,0,0,0,0,0,0,0,0,0,0,0,0,0,0,0,0,0,0,0,entry_margin
reward_025,1,true,true,1,0,2000,0,0,0,0,0,0,0,0,0,0,0,0,0,0,0,0,0,0,0,entry_margin
reward_025,1,true,true,1,0,5000,1,7500000,1851,1557,0,0,0,1,5387147,200000,1912853,0,6800,0,0,0,0,0,0,
reward_025,1,true,true,1,1,1667,0,0,0,0,0,0,0,0,0,0,0,0,0,0,0,0,0,0,0,entry_margin
reward_025,1,true,true,1,1,2000,0,0,0,0,0,0,0,0,0,0,0,0,0,0,0,0,0,0,0,entry_margin
reward_025,1,true,true,1,1,5000,1,7500000,1851,1557,0,0,0,1,4409175,200000,2890825,0,6146,0,0,0,0,0,0,
reward_025,1,true,true,1,2,1667,0,0,0,0,0,0,0,0,0,0,0,0,0,0,0,0,0,0,0,entry_margin
reward_025,1,true,true,1,2,2000,0,0,0,0,0,0,0,0,0,0,0,0,0,0,0,0,0,0,0,entry_margin
reward_025,1,true,true,1,2,5000,1,7500000,1851,1557,0,0,0,1,3544430,200000,3755570,0,7154,0,0,0,0,0,0,
reward_025,1,true,true,10,0,1667,1,1249950,1176,1000,0,0,0,1,1022084,200000,27866,0,1304,0,0,0,0,0,0,entry_margin
reward_025,1,true,true,10,0,2000,1,1200000,1529,1000,0,0,0,1,954849,200000,45151,0,1195,0,0,0,0,0,0,entry_margin
reward_025,1,true,true,10,0,5000,6,4500000,1350,1000,0,0,0,6,3611074,500000,388926,0,4681,0,0,0,0,0,0,entry_margin
reward_025,1,true,true,10,1,1667,1,1249950,1176,1000,0,0,0,1,811348,200000,238602,0,1535,0,0,0,0,0,0,entry_margin
reward_025,1,true,true,10,1,2000,1,1200000,1529,1000,0,0,0,1,763950,200000,236050,0,1435,0,0,0,0,0,0,entry_margin
reward_025,1,true,true,10,1,5000,6,4500000,1350,1000,0,0,0,6,2812232,500000,1187768,0,4852,0,0,0,0,0,0,entry_margin
reward_025,1,true,true,10,2,1667,1,1249950,1176,1000,0,0,0,1,607322,200000,442628,0,921,0,0,0,0,0,0,entry_margin
reward_025,1,true,true,10,2,2000,1,1200000,1529,1000,0,0,0,1,607255,200000,392745,0,988,0,0,0,0,0,0,entry_margin
reward_025,1,true,true,10,2,5000,6,4500000,1350,1000,0,0,0,6,2496769,500000,1503231,0,5045,0,0,0,0,0,0,entry_margin
reward_025,4,false,false,1,0,1667,0,0,0,0,0,0,0,0,0,0,0,0,0,0,0,0,0,0,0,entry_margin
reward_025,4,false,false,1,0,2000,0,0,0,0,0,0,0,0,0,0,0,0,0,0,0,0,0,0,0,entry_margin
reward_025,4,false,false,1,0,5000,1,7500000,3873,1692,6,0,0,1,6806528,200636,492836,0,6786,3184,0,0,0,0,0,
reward_025,4,false,false,1,1,1667,0,0,0,0,0,0,0,0,0,0,0,0,0,0,0,0,0,0,0,entry_margin
reward_025,4,false,false,1,1,2000,0,0,0,0,0,0,0,0,0,0,0,0,0,0,0,0,0,0,0,entry_margin
reward_025,4,false,false,1,1,5000,1,7500000,3873,1692,0,0,0,1,5127673,200000,2172327,0,6462,0,0,0,0,0,0,
reward_025,4,false,false,1,2,1667,0,0,0,0,0,0,0,0,0,0,0,0,0,0,0,0,0,0,0,entry_margin
reward_025,4,false,false,1,2,2000,0,0,0,0,0,0,0,0,0,0,0,0,0,0,0,0,0,0,0,entry_margin
reward_025,4,false,false,1,2,5000,1,7500000,3873,1692,0,0,0,1,5636044,200000,1663956,0,8169,0,0,0,0,0,0,
reward_025,4,false,false,10,0,1667,3,3749850,1102,1000,0,0,2,1,3675256,74594,0,43909,3269,4998,0,0,0,0,0,entry_margin
reward_025,4,false,false,10,0,2000,3,3600000,1458,1000,0,0,2,1,3532289,67711,0,46594,2971,4800,0,0,0,0,0,entry_margin
reward_025,4,false,false,10,0,5000,10,7500000,2164,1125,55,3,1,5,7468597,30925,0,10794,2188,12615,478,1,478,1,0,
reward_025,4,false,false,10,1,1667,3,3749850,1102,1000,0,0,0,3,3020822,488000,241028,0,5535,0,0,0,0,0,0,entry_margin
reward_025,4,false,false,10,1,2000,3,3600000,1458,1000,0,0,0,3,2845448,488000,266552,0,5254,0,0,0,0,0,0,entry_margin
reward_025,4,false,false,10,1,5000,10,7500000,2164,1125,0,0,0,10,5732580,500000,1267420,0,8875,0,0,0,0,0,0,
reward_025,4,false,false,10,2,1667,3,3749850,1102,1000,0,0,0,3,2205658,488000,1056192,0,4157,0,0,0,0,0,0,entry_margin
reward_025,4,false,false,10,2,2000,3,3600000,1458,1000,0,0,0,3,2208858,488000,903142,0,4253,0,0,0,0,0,0,entry_margin
reward_025,4,false,false,10,2,5000,10,7500000,2164,1125,0,0,0,10,5537253,500000,1462747,0,9540,0,0,0,0,0,0,
reward_025,4,false,true,1,0,1667,0,0,0,0,0,0,0,0,0,0,0,0,0,0,0,0,0,0,0,entry_margin
reward_025,4,false,true,1,0,2000,0,0,0,0,0,0,0,0,0,0,0,0,0,0,0,0,0,0,0,entry_margin
reward_025,4,false,true,1,0,5000,1,7500000,3508,1668,6,0,0,1,6549142,200553,750305,0,7479,2768,0,0,0,0,0,
reward_025,4,false,true,1,1,1667,0,0,0,0,0,0,0,0,0,0,0,0,0,0,0,0,0,0,0,entry_margin
reward_025,4,false,true,1,1,2000,0,0,0,0,0,0,0,0,0,0,0,0,0,0,0,0,0,0,0,entry_margin
reward_025,4,false,true,1,1,5000,1,7500000,3508,1668,0,0,0,1,4978273,200000,2321727,0,6540,0,0,0,0,0,0,
reward_025,4,false,true,1,2,1667,0,0,0,0,0,0,0,0,0,0,0,0,0,0,0,0,0,0,0,entry_margin
reward_025,4,false,true,1,2,2000,0,0,0,0,0,0,0,0,0,0,0,0,0,0,0,0,0,0,0,entry_margin
reward_025,4,false,true,1,2,5000,1,7500000,3508,1668,0,0,0,1,5170999,200000,2129001,0,6992,0,0,0,0,0,0,
reward_025,4,false,true,10,0,1667,2,2499900,1306,1000,0,0,1,1,2472914,26986,0,24508,1954,2499,0,0,0,0,0,entry_margin
reward_025,4,false,true,10,0,2000,3,3600000,1147,1000,0,0,2,1,3563899,36101,0,32289,2047,4800,0,0,0,0,0,entry_margin
reward_025,4,false,true,10,0,5000,10,7500000,1206,1101,23,2,5,3,7478208,21792,0,58506,3089,12218,0,0,0,0,0,
reward_025,4,false,true,10,1,1667,2,2499900,1306,1000,0,0,0,2,2010110,360000,129790,0,2643,0,0,0,0,0,0,entry_margin
reward_025,4,false,true,10,1,2000,3,3600000,1147,1000,0,0,0,3,2888292,488000,223708,0,4297,0,0,0,0,0,0,entry_margin
reward_025,4,false,true,10,1,5000,10,7500000,1206,1101,0,0,0,10,5773470,500000,1226530,0,10207,0,0,0,0,0,0,
reward_025,4,false,true,10,2,1667,2,2499900,1306,1000,0,0,0,2,1505222,360000,634678,0,3001,0,0,0,0,0,0,entry_margin
reward_025,4,false,true,10,2,2000,3,3600000,1147,1000,0,0,0,3,2140335,488000,971665,0,4204,0,0,0,0,0,0,entry_margin
reward_025,4,false,true,10,2,5000,10,7500000,1206,1101,0,0,0,10,5027988,500000,1972012,0,9770,0,0,0,0,0,0,
reward_025,4,true,false,1,0,1667,0,0,0,0,0,0,0,0,0,0,0,0,0,0,0,0,0,0,0,entry_margin
reward_025,4,true,false,1,0,2000,0,0,0,0,0,0,0,0,0,0,0,0,0,0,0,0,0,0,0,entry_margin
reward_025,4,true,false,1,0,5000,1,7500000,2698,1614,0,0,0,1,5485167,200000,1814833,0,7262,0,0,0,0,0,0,
reward_025,4,true,false,1,1,1667,0,0,0,0,0,0,0,0,0,0,0,0,0,0,0,0,0,0,0,entry_margin
reward_025,4,true,false,1,1,2000,0,0,0,0,0,0,0,0,0,0,0,0,0,0,0,0,0,0,0,entry_margin
reward_025,4,true,false,1,1,5000,1,7500000,2698,1614,0,0,0,1,4314340,200000,2985660,0,6658,0,0,0,0,0,0,
reward_025,4,true,false,1,2,1667,0,0,0,0,0,0,0,0,0,0,0,0,0,0,0,0,0,0,0,entry_margin
reward_025,4,true,false,1,2,2000,0,0,0,0,0,0,0,0,0,0,0,0,0,0,0,0,0,0,0,entry_margin
reward_025,4,true,false,1,2,5000,1,7500000,2698,1614,0,0,0,1,3752790,200000,3547210,0,5175,0,0,0,0,0,0,
reward_025,4,true,false,10,0,1667,1,1249950,1477,1000,0,0,0,1,996975,200000,52975,0,1287,0,0,0,0,0,0,entry_margin
reward_025,4,true,false,10,0,2000,2,2400000,1050,1000,0,0,0,2,1913095,360000,126905,0,2568,0,0,0,0,0,0,entry_margin
reward_025,4,true,false,10,0,5000,9,6750000,1332,1043,0,0,0,9,5428008,500000,821992,0,7098,0,0,0,0,0,0,entry_margin
reward_025,4,true,false,10,1,1667,1,1249950,1477,1000,0,0,0,1,818317,200000,231633,0,1120,0,0,0,0,0,0,entry_margin
reward_025,4,true,false,10,1,2000,2,2400000,1050,1000,0,0,0,2,1566054,360000,473946,0,2578,0,0,0,0,0,0,entry_margin
reward_025,4,true,false,10,1,5000,9,6750000,1332,1043,0,0,0,9,4229925,500000,2020075,0,6924,0,0,0,0,0,0,entry_margin
reward_025,4,true,false,10,2,1667,1,1249950,1477,1000,0,0,0,1,589103,200000,460847,0,1087,0,0,0,0,0,0,entry_margin
reward_025,4,true,false,10,2,2000,2,2400000,1050,1000,0,0,0,2,1104368,360000,935632,0,2416,0,0,0,0,0,0,entry_margin
reward_025,4,true,false,10,2,5000,9,6750000,1332,1043,0,0,0,9,3654231,500000,2595769,0,7522,0,0,0,0,0,0,entry_margin
reward_025,4,true,true,1,0,1667,0,0,0,0,0,0,0,0,0,0,0,0,0,0,0,0,0,0,0,entry_margin
reward_025,4,true,true,1,0,2000,0,0,0,0,0,0,0,0,0,0,0,0,0,0,0,0,0,0,0,entry_margin
reward_025,4,true,true,1,0,5000,1,7500000,2338,1590,0,0,0,1,5353327,200000,1946673,0,6783,0,0,0,0,0,0,
reward_025,4,true,true,1,1,1667,0,0,0,0,0,0,0,0,0,0,0,0,0,0,0,0,0,0,0,entry_margin
reward_025,4,true,true,1,1,2000,0,0,0,0,0,0,0,0,0,0,0,0,0,0,0,0,0,0,0,entry_margin
reward_025,4,true,true,1,1,5000,1,7500000,2338,1590,0,0,0,1,4260254,200000,3039746,0,6499,0,0,0,0,0,0,
reward_025,4,true,true,1,2,1667,0,0,0,0,0,0,0,0,0,0,0,0,0,0,0,0,0,0,0,entry_margin
reward_025,4,true,true,1,2,2000,0,0,0,0,0,0,0,0,0,0,0,0,0,0,0,0,0,0,0,entry_margin
reward_025,4,true,true,1,2,5000,1,7500000,2338,1590,0,0,0,1,3805554,200000,3494446,0,6064,0,0,0,0,0,0,
reward_025,4,true,true,10,0,1667,1,1249950,1400,1000,0,0,0,1,992634,200000,57316,0,1242,0,0,0,0,0,0,entry_margin
reward_025,4,true,true,10,0,2000,1,1200000,1744,1000,0,0,0,1,949326,200000,50674,0,1330,0,0,0,0,0,0,entry_margin
reward_025,4,true,true,10,0,5000,7,5250000,1467,1000,0,0,0,7,4202879,500000,547121,0,5521,0,0,0,0,0,0,entry_margin
reward_025,4,true,true,10,1,1667,1,1249950,1400,1000,0,0,0,1,806781,200000,243169,0,1356,0,0,0,0,0,0,entry_margin
reward_025,4,true,true,10,1,2000,1,1200000,1744,1000,0,0,0,1,759627,200000,240373,0,1315,0,0,0,0,0,0,entry_margin
reward_025,4,true,true,10,1,5000,7,5250000,1467,1000,0,0,0,7,3257827,500000,1492173,0,5773,0,0,0,0,0,0,entry_margin
reward_025,4,true,true,10,2,1667,1,1249950,1400,1000,0,0,0,1,577221,200000,472729,0,1247,0,0,0,0,0,0,entry_margin
reward_025,4,true,true,10,2,2000,1,1200000,1744,1000,0,0,0,1,577219,200000,422781,0,1249,0,0,0,0,0,0,entry_margin
reward_025,4,true,true,10,2,5000,7,5250000,1467,1000,0,0,0,7,2838377,500000,1911623,0,5068,0,0,0,0,0,0,entry_margin
reward_025,10,false,false,1,0,1667,0,0,0,0,0,0,0,0,0,0,0,0,0,0,0,0,0,0,0,entry_margin
reward_025,10,false,false,1,0,2000,0,0,0,0,0,0,0,0,0,0,0,0,0,0,0,0,0,0,0,entry_margin
reward_025,10,false,false,1,0,5000,1,7500000,4450,1731,6,0,0,1,6651265,200558,648177,0,6966,2792,0,0,0,0,0,
reward_025,10,false,false,1,1,1667,0,0,0,0,0,0,0,0,0,0,0,0,0,0,0,0,0,0,0,entry_margin
reward_025,10,false,false,1,1,2000,0,0,0,0,0,0,0,0,0,0,0,0,0,0,0,0,0,0,0,entry_margin
reward_025,10,false,false,1,1,5000,1,7500000,4450,1731,0,0,0,1,4902240,200000,2397760,0,7263,0,0,0,0,0,0,
reward_025,10,false,false,1,2,1667,0,0,0,0,0,0,0,0,0,0,0,0,0,0,0,0,0,0,0,entry_margin
reward_025,10,false,false,1,2,2000,0,0,0,0,0,0,0,0,0,0,0,0,0,0,0,0,0,0,0,entry_margin
reward_025,10,false,false,1,2,5000,1,7500000,4450,1731,0,0,0,1,6015345,200000,1284655,0,7995,0,0,0,0,0,0,
reward_025,10,false,false,10,0,1667,6,7499700,1060,1012,0,0,2,4,6805608,501489,192603,34968,9833,4998,0,0,0,0,0,entry_margin
reward_025,10,false,false,10,0,2000,6,7200000,1418,1012,0,0,2,4,6556057,475348,168595,38252,8500,4800,0,0,0,0,0,entry_margin
reward_025,10,false,false,10,0,5000,10,7500000,3120,1171,10,0,3,7,7238442,261558,0,38200,7369,7997,0,0,0,0,0,
reward_025,10,false,false,10,1,1667,6,7499700,1060,1012,0,0,0,6,5564027,500000,1435673,0,10174,0,0,0,0,0,0,entry_margin
reward_025,10,false,false,10,1,2000,6,7200000,1418,1012,0,0,0,6,5254894,500000,1445106,0,9586,0,0,0,0,0,0,entry_margin
reward_025,10,false,false,10,1,5000,10,7500000,3120,1171,0,0,0,10,5378052,500000,1621948,0,9528,0,0,0,0,0,0,
reward_025,10,false,false,10,2,1667,6,7499700,1060,1012,0,0,0,6,4018202,500000,2981498,0,7747,0,0,0,0,0,0,entry_margin
reward_025,10,false,false,10,2,2000,6,7200000,1418,1012,0,0,0,6,4036188,500000,2663812,0,7880,0,0,0,0,0,0,entry_margin
reward_025,10,false,false,10,2,5000,10,7500000,3120,1171,0,0,0,10,5958965,500000,1041035,0,9630,0,0,0,0,0,0,
reward_025,10,false,true,1,0,1667,0,0,0,0,0,0,0,0,0,0,0,0,0,0,0,0,0,0,0,entry_margin
reward_025,10,false,true,1,0,2000,0,0,0,0,0,0,0,0,0,0,0,0,0,0,0,0,0,0,0,entry_margin
reward_025,10,false,true,1,0,5000,1,7500000,4134,1709,5,0,0,1,6352872,200392,946736,0,6831,1962,0,0,0,0,0,
reward_025,10,false,true,1,1,1667,0,0,0,0,0,0,0,0,0,0,0,0,0,0,0,0,0,0,0,entry_margin
reward_025,10,false,true,1,1,2000,0,0,0,0,0,0,0,0,0,0,0,0,0,0,0,0,0,0,0,entry_margin
reward_025,10,false,true,1,1,5000,1,7500000,4134,1709,0,0,0,1,4751326,200000,2548674,0,6948,0,0,0,0,0,0,
reward_025,10,false,true,1,2,1667,0,0,0,0,0,0,0,0,0,0,0,0,0,0,0,0,0,0,0,entry_margin
reward_025,10,false,true,1,2,2000,0,0,0,0,0,0,0,0,0,0,0,0,0,0,0,0,0,0,0,entry_margin
reward_025,10,false,true,1,2,5000,1,7500000,4134,1709,0,0,0,1,5502935,200000,1797065,0,7038,0,0,0,0,0,0,
reward_025,10,false,true,10,0,1667,4,4999800,1306,1000,0,0,1,3,4613630,349698,36472,19887,6495,2499,0,0,0,0,0,entry_margin
reward_025,10,false,true,10,0,2000,5,6000000,1350,1000,0,0,2,3,5495661,399252,105087,25601,6519,4800,0,0,0,0,0,entry_margin
reward_025,10,false,true,10,0,5000,10,7500000,2125,1144,14,1,5,4,7251942,248058,0,58807,5878,9934,0,0,0,0,0,
reward_025,10,false,true,10,1,1667,4,4999800,1306,1000,0,0,0,4,3741897,500000,757903,0,6288,0,0,0,0,0,0,entry_margin
reward_025,10,false,true,10,1,2000,5,6000000,1350,1000,0,0,0,5,4352039,500000,1147961,0,7485,0,0,0,0,0,0,entry_margin
reward_025,10,false,true,10,1,5000,10,7500000,2125,1144,0,0,0,10,5463732,500000,1536268,0,9640,0,0,0,0,0,0,
reward_025,10,false,true,10,2,1667,4,4999800,1306,1000,0,0,0,4,2803425,500000,1696375,0,5112,0,0,0,0,0,0,entry_margin
reward_025,10,false,true,10,2,2000,5,6000000,1350,1000,0,0,0,5,3356383,500000,2143617,0,6840,0,0,0,0,0,0,entry_margin
reward_025,10,false,true,10,2,5000,10,7500000,2125,1144,0,0,0,10,5388131,500000,1611869,0,9773,0,0,0,0,0,0,
reward_025,10,true,false,1,0,1667,0,0,0,0,0,0,0,0,0,0,0,0,0,0,0,0,0,0,0,entry_margin
reward_025,10,true,false,1,0,2000,0,0,0,0,0,0,0,0,0,0,0,0,0,0,0,0,0,0,0,entry_margin
reward_025,10,true,false,1,0,5000,1,7500000,3339,1656,0,0,0,1,5395045,200000,1904955,0,7180,0,0,0,0,0,0,
reward_025,10,true,false,1,1,1667,0,0,0,0,0,0,0,0,0,0,0,0,0,0,0,0,0,0,0,entry_margin
reward_025,10,true,false,1,1,2000,0,0,0,0,0,0,0,0,0,0,0,0,0,0,0,0,0,0,0,entry_margin
reward_025,10,true,false,1,1,5000,1,7500000,3339,1656,0,0,0,1,4249981,200000,3050019,0,5522,0,0,0,0,0,0,
reward_025,10,true,false,1,2,1667,0,0,0,0,0,0,0,0,0,0,0,0,0,0,0,0,0,0,0,entry_margin
reward_025,10,true,false,1,2,2000,0,0,0,0,0,0,0,0,0,0,0,0,0,0,0,0,0,0,0,entry_margin
reward_025,10,true,false,1,2,5000,1,7500000,3339,1656,0,0,0,1,3982446,200000,3317554,0,5469,0,0,0,0,0,0,
reward_025,10,true,false,10,0,1667,1,1249950,1518,1000,0,0,0,1,994753,200000,55197,0,1287,0,0,0,0,0,0,entry_margin
reward_025,10,true,false,10,0,2000,2,2400000,1226,1000,0,0,0,2,1913651,360000,126349,0,2422,0,0,0,0,0,0,entry_margin
reward_025,10,true,false,10,0,5000,10,7500000,2177,1104,0,0,0,10,5878526,500000,1121474,0,9010,0,0,0,0,0,0,
reward_025,10,true,false,10,1,1667,1,1249950,1518,1000,0,0,0,1,795957,200000,253993,0,1532,0,0,0,0,0,0,entry_margin
reward_025,10,true,false,10,1,2000,2,2400000,1226,1000,0,0,0,2,1558672,360000,481328,0,2431,0,0,0,0,0,0,entry_margin
reward_025,10,true,false,10,1,5000,10,7500000,2177,1104,0,0,0,10,4538337,500000,2461663,0,7163,0,0,0,0,0,0,
reward_025,10,true,false,10,2,1667,1,1249950,1518,1000,0,0,0,1,583991,200000,465959,0,979,0,0,0,0,0,0,entry_margin
reward_025,10,true,false,10,2,2000,2,2400000,1226,1000,0,0,0,2,1100560,360000,939440,0,1975,0,0,0,0,0,0,entry_margin
reward_025,10,true,false,10,2,5000,10,7500000,2177,1104,0,0,0,10,4235649,500000,2764351,0,8316,0,0,0,0,0,0,
reward_025,10,true,true,1,0,1667,0,0,0,0,0,0,0,0,0,0,0,0,0,0,0,0,0,0,0,entry_margin
reward_025,10,true,true,1,0,2000,0,0,0,0,0,0,0,0,0,0,0,0,0,0,0,0,0,0,0,entry_margin
reward_025,10,true,true,1,0,5000,1,7500000,3059,1638,0,0,0,1,5221823,200000,2078177,0,6975,0,0,0,0,0,0,
reward_025,10,true,true,1,1,1667,0,0,0,0,0,0,0,0,0,0,0,0,0,0,0,0,0,0,0,entry_margin
reward_025,10,true,true,1,1,2000,0,0,0,0,0,0,0,0,0,0,0,0,0,0,0,0,0,0,0,entry_margin
reward_025,10,true,true,1,1,5000,1,7500000,3059,1638,0,0,0,1,4087420,200000,3212580,0,6348,0,0,0,0,0,0,
reward_025,10,true,true,1,2,1667,0,0,0,0,0,0,0,0,0,0,0,0,0,0,0,0,0,0,0,entry_margin
reward_025,10,true,true,1,2,2000,0,0,0,0,0,0,0,0,0,0,0,0,0,0,0,0,0,0,0,entry_margin
reward_025,10,true,true,1,2,5000,1,7500000,3059,1638,0,0,0,1,4080732,200000,3219268,0,6536,0,0,0,0,0,0,
reward_025,10,true,true,10,0,1667,1,1249950,1457,1000,0,0,0,1,986450,200000,63500,0,1351,0,0,0,0,0,0,entry_margin
reward_025,10,true,true,10,0,2000,1,1200000,1799,1000,0,0,0,1,948269,200000,51731,0,1275,0,0,0,0,0,0,entry_margin
reward_025,10,true,true,10,0,5000,10,7500000,1229,1085,0,0,0,10,5877015,500000,1122985,0,8569,0,0,0,0,0,0,
reward_025,10,true,true,10,1,1667,1,1249950,1457,1000,0,0,0,1,810219,200000,239731,0,1179,0,0,0,0,0,0,entry_margin
reward_025,10,true,true,10,1,2000,1,1200000,1799,1000,0,0,0,1,762922,200000,237078,0,1148,0,0,0,0,0,0,entry_margin
reward_025,10,true,true,10,1,5000,10,7500000,1229,1085,0,0,0,10,4602796,500000,2397204,0,8217,0,0,0,0,0,0,
reward_025,10,true,true,10,2,1667,1,1249950,1457,1000,0,0,0,1,624614,200000,425336,0,1204,0,0,0,0,0,0,entry_margin
reward_025,10,true,true,10,2,2000,1,1200000,1799,1000,0,0,0,1,624612,200000,375388,0,1206,0,0,0,0,0,0,entry_margin
reward_025,10,true,true,10,2,5000,10,7500000,1229,1085,0,0,0,10,3866418,500000,3133582,0,7061,0,0,0,0,0,0,
recovery_1,1,false,false,1,0,1667,0,0,0,0,0,0,0,0,0,0,0,0,0,0,0,0,0,0,0,entry_margin
recovery_1,1,false,false,1,0,2000,0,0,0,0,0,0,0,0,0,0,0,0,0,0,0,0,0,0,0,entry_margin
recovery_1,1,false,false,1,0,5000,1,7500000,3484,1666,7,0,0,1,6858869,200829,440302,0,28741,4146,0,0,0,0,0,
recovery_1,1,false,false,1,1,1667,0,0,0,0,0,0,0,0,0,0,0,0,0,0,0,0,0,0,0,entry_margin
recovery_1,1,false,false,1,1,2000,0,0,0,0,0,0,0,0,0,0,0,0,0,0,0,0,0,0,0,entry_margin
recovery_1,1,false,false,1,1,5000,1,7500000,3484,1666,0,0,0,1,5160480,200000,2139520,0,28487,0,0,0,0,0,0,
recovery_1,1,false,false,1,2,1667,0,0,0,0,0,0,0,0,0,0,0,0,0,0,0,0,0,0,0,entry_margin
recovery_1,1,false,false,1,2,2000,0,0,0,0,0,0,0,0,0,0,0,0,0,0,0,0,0,0,0,entry_margin
recovery_1,1,false,false,1,2,5000,1,7500000,3484,1666,0,0,0,1,5363696,200000,1936304,0,30520,0,0,0,0,0,0,
recovery_1,1,false,false,10,0,1667,1,1249950,1391,1000,0,0,1,0,1249950,0,0,19865,2202,2499,0,0,0,0,0,entry_margin
recovery_1,1,false,false,10,0,2000,2,2400000,1241,1000,11,0,1,0,2399754,0,0,17519,2496,4799,246,1,246,1,0,entry_margin
recovery_1,1,false,false,10,0,5000,10,7500000,1731,1100,53,0,6,0,7494026,0,0,30883,4595,14978,5974,2,3710,2,0,
recovery_1,1,false,false,10,1,1667,1,1249950,1391,1000,0,0,0,1,1003866,200000,46084,0,6931,0,0,0,0,0,0,entry_margin
recovery_1,1,false,false,10,1,2000,2,2400000,1241,1000,0,0,0,2,1922213,360000,117787,0,13752,0,0,0,0,0,0,entry_margin
recovery_1,1,false,false,10,1,5000,10,7500000,1731,1100,0,0,0,10,5738972,500000,1261028,0,40024,0,0,0,0,0,0,
recovery_1,1,false,false,10,2,1667,1,1249950,1391,1000,0,0,0,1,772677,200000,277273,0,6826,0,0,0,0,0,0,entry_margin
recovery_1,1,false,false,10,2,2000,2,2400000,1241,1000,0,0,0,2,1469170,360000,570830,0,10862,0,0,0,0,0,0,entry_margin
recovery_1,1,false,false,10,2,5000,10,7500000,1731,1100,0,0,0,10,5244535,500000,1755465,0,39436,0,0,0,0,0,0,
recovery_1,1,false,true,1,0,1667,0,0,0,0,0,0,0,0,0,0,0,0,0,0,0,0,0,0,0,entry_margin
recovery_1,1,false,true,1,0,2000,0,0,0,0,0,0,0,0,0,0,0,0,0,0,0,0,0,0,0,entry_margin
recovery_1,1,false,true,1,0,5000,1,7500000,3109,1641,6,0,0,1,6628606,200555,670839,0,28010,2778,0,0,0,0,0,
recovery_1,1,false,true,1,1,1667,0,0,0,0,0,0,0,0,0,0,0,0,0,0,0,0,0,0,0,entry_margin
recovery_1,1,false,true,1,1,2000,0,0,0,0,0,0,0,0,0,0,0,0,0,0,0,0,0,0,0,entry_margin
recovery_1,1,false,true,1,1,5000,1,7500000,3109,1641,0,0,0,1,5028150,200000,2271850,0,28692,0,0,0,0,0,0,
recovery_1,1,false,true,1,2,1667,0,0,0,0,0,0,0,0,0,0,0,0,0,0,0,0,0,0,0,entry_margin
recovery_1,1,false,true,1,2,2000,0,0,0,0,0,0,0,0,0,0,0,0,0,0,0,0,0,0,0,entry_margin
recovery_1,1,false,true,1,2,5000,1,7500000,3109,1641,0,0,0,1,4940227,200000,2359773,0,28865,0,0,0,0,0,0,
recovery_1,1,false,true,10,0,1667,1,1249950,1329,1000,0,0,1,0,1249950,0,0,22618,874,2499,0,0,0,0,0,entry_margin
recovery_1,1,false,true,10,0,2000,2,2400000,1053,1000,13,1,1,0,2399966,34,0,22231,1050,4795,0,0,0,0,0,entry_margin
recovery_1,1,false,true,10,0,5000,9,6750000,1292,1053,57,2,3,0,6742939,2599,0,29505,2893,13166,4462,1,842,1,0,entry_margin
recovery_1,1,false,true,10,1,1667,1,1249950,1329,1000,0,0,0,1,1022886,200000,27064,0,5272,0,0,0,0,0,0,entry_margin
recovery_1,1,false,true,10,1,2000,2,2400000,1053,1000,0,0,0,2,1943552,360000,96448,0,12554,0,0,0,0,0,0,entry_margin
recovery_1,1,false,true,10,1,5000,9,6750000,1292,1053,0,0,0,9,5228796,500000,1021204,0,33410,0,0,0,0,0,0,entry_margin
recovery_1,1,false,true,10,2,1667,1,1249950,1329,1000,0,0,0,1,762450,200000,287500,0,7534,0,0,0,0,0,0,entry_margin
recovery_1,1,false,true,10,2,2000,2,2400000,1053,1000,0,0,0,2,1431878,360000,608122,0,12981,0,0,0,0,0,0,entry_margin
recovery_1,1,false,true,10,2,5000,9,6750000,1292,1053,0,0,0,9,4519259,500000,1730741,0,34671,0,0,0,0,0,0,entry_margin
recovery_1,1,true,false,1,0,1667,0,0,0,0,0,0,0,0,0,0,0,0,0,0,0,0,0,0,0,entry_margin
recovery_1,1,true,false,1,0,2000,0,0,0,0,0,0,0,0,0,0,0,0,0,0,0,0,0,0,0,entry_margin
recovery_1,1,true,false,1,0,5000,1,7500000,2226,1582,0,0,0,1,5494418,200000,1805582,0,29597,0,0,0,0,0,0,
recovery_1,1,true,false,1,1,1667,0,0,0,0,0,0,0,0,0,0,0,0,0,0,0,0,0,0,0,entry_margin
recovery_1,1,true,false,1,1,2000,0,0,0,0,0,0,0,0,0,0,0,0,0,0,0,0,0,0,0,entry_margin
recovery_1,1,true,false,1,1,5000,1,7500000,2226,1582,0,0,0,1,4440906,200000,2859094,0,24272,0,0,0,0,0,0,
recovery_1,1,true,false,1,2,1667,0,0,0,0,0,0,0,0,0,0,0,0,0,0,0,0,0,0,0,entry_margin
recovery_1,1,true,false,1,2,2000,0,0,0,0,0,0,0,0,0,0,0,0,0,0,0,0,0,0,0,entry_margin
recovery_1,1,true,false,1,2,5000,1,7500000,2226,1582,0,0,0,1,3768027,200000,3531973,0,28248,0,0,0,0,0,0,
recovery_1,1,true,false,10,0,1667,1,1249950,1294,1000,0,0,0,1,996695,200000,53255,0,5338,0,0,0,0,0,0,entry_margin
recovery_1,1,true,false,10,0,2000,1,1200000,1641,1000,0,0,0,1,954270,200000,45730,0,5015,0,0,0,0,0,0,entry_margin
recovery_1,1,true,false,10,0,5000,8,6000000,1132,1001,0,0,0,8,4866597,500000,633403,0,25452,0,0,0,0,0,0,entry_margin
recovery_1,1,true,false,10,1,1667,1,1249950,1294,1000,0,0,0,1,822852,200000,227098,0,4704,0,0,0,0,0,0,entry_margin
recovery_1,1,true,false,10,1,2000,1,1200000,1641,1000,0,0,0,1,774714,200000,225286,0,4384,0,0,0,0,0,0,entry_margin
recovery_1,1,true,false,10,1,5000,8,6000000,1132,1001,0,0,0,8,3782693,500000,1717307,0,24291,0,0,0,0,0,0,entry_margin
recovery_1,1,true,false,10,2,1667,1,1249950,1294,1000,0,0,0,1,612663,200000,437287,0,6188,0,0,0,0,0,0,entry_margin
recovery_1,1,true,false,10,2,2000,1,1200000,1641,1000,0,0,0,1,612663,200000,387337,0,6188,0,0,0,0,0,0,entry_margin
recovery_1,1,true,false,10,2,5000,8,6000000,1132,1001,0,0,0,8,3221410,500000,2278590,0,21636,0,0,0,0,0,0,entry_margin
recovery_1,1,true,true,1,0,1667,0,0,0,0,0,0,0,0,0,0,0,0,0,0,0,0,0,0,0,entry_margin
recovery_1,1,true,true,1,0,2000,0,0,0,0,0,0,0,0,0,0,0,0,0,0,0,0,0,0,0,entry_margin
recovery_1,1,true,true,1,0,5000,1,7500000,1851,1557,0,0,0,1,5366746,200000,1933254,0,27201,0,0,0,0,0,0,
recovery_1,1,true,true,1,1,1667,0,0,0,0,0,0,0,0,0,0,0,0,0,0,0,0,0,0,0,entry_margin
recovery_1,1,true,true,1,1,2000,0,0,0,0,0,0,0,0,0,0,0,0,0,0,0,0,0,0,0,entry_margin
recovery_1,1,true,true,1,1,5000,1,7500000,1851,1557,0,0,0,1,4390737,200000,2909263,0,24584,0,0,0,0,0,0,
recovery_1,1,true,true,1,2,1667,0,0,0,0,0,0,0,0,0,0,0,0,0,0,0,0,0,0,0,entry_margin
recovery_1,1,true,true,1,2,2000,0,0,0,0,0,0,0,0,0,0,0,0,0,0,0,0,0,0,0,entry_margin
recovery_1,1,true,true,1,2,5000,1,7500000,1851,1557,0,0,0,1,3522966,200000,3777034,0,28618,0,0,0,0,0,0,
recovery_1,1,true,true,10,0,1667,1,1249950,1176,1000,0,0,0,1,1018169,200000,31781,0,5219,0,0,0,0,0,0,entry_margin
recovery_1,1,true,true,10,0,2000,1,1200000,1529,1000,0,0,0,1,951264,200000,48736,0,4780,0,0,0,0,0,0,entry_margin
recovery_1,1,true,true,10,0,5000,6,4500000,1350,1000,0,0,0,6,3597015,500000,402985,0,18737,0,0,0,0,0,0,entry_margin
recovery_1,1,true,true,10,1,1667,1,1249950,1176,1000,0,0,0,1,806741,200000,243209,0,6142,0,0,0,0,0,0,entry_margin
recovery_1,1,true,true,10,1,2000,1,1200000,1529,1000,0,0,0,1,759645,200000,240355,0,5740,0,0,0,0,0,0,entry_margin
recovery_1,1,true,true,10,1,5000,6,4500000,1350,1000,0,0,0,6,2813028,500000,1186972,0,17824,0,0,0,0,0,0,entry_margin
recovery_1,1,true,true,10,2,1667,1,1249950,1176,1000,0,0,0,1,604559,200000,445391,0,3684,0,0,0,0,0,0,entry_margin
recovery_1,1,true,true,10,2,2000,1,1200000,1529,1000,0,0,0,1,604290,200000,395710,0,3953,0,0,0,0,0,0,entry_margin
recovery_1,1,true,true,10,2,5000,6,4500000,1350,1000,0,0,0,6,2481077,500000,1518923,0,20214,0,0,0,0,0,0,entry_margin
recovery_1,4,false,false,1,0,1667,0,0,0,0,0,0,0,0,0,0,0,0,0,0,0,0,0,0,0,entry_margin
recovery_1,4,false,false,1,0,2000,0,0,0,0,0,0,0,0,0,0,0,0,0,0,0,0,0,0,0,entry_margin
recovery_1,4,false,false,1,0,5000,1,7500000,3873,1692,6,0,0,1,6786168,200636,513196,0,27146,3184,0,0,0,0,0,
recovery_1,4,false,false,1,1,1667,0,0,0,0,0,0,0,0,0,0,0,0,0,0,0,0,0,0,0,entry_margin
recovery_1,4,false,false,1,1,2000,0,0,0,0,0,0,0,0,0,0,0,0,0,0,0,0,0,0,0,entry_margin
recovery_1,4,false,false,1,1,5000,1,7500000,3873,1692,0,0,0,1,5108285,200000,2191715,0,25850,0,0,0,0,0,0,
recovery_1,4,false,false,1,2,1667,0,0,0,0,0,0,0,0,0,0,0,0,0,0,0,0,0,0,0,entry_margin
recovery_1,4,false,false,1,2,2000,0,0,0,0,0,0,0,0,0,0,0,0,0,0,0,0,0,0,0,entry_margin
recovery_1,4,false,false,1,2,5000,1,7500000,3873,1692,0,0,0,1,5611534,200000,1688466,0,32679,0,0,0,0,0,0,
recovery_1,4,false,false,10,0,1667,3,3749850,1102,1000,0,0,2,1,3667533,82317,0,41818,13083,4998,0,0,0,0,0,entry_margin
recovery_1,4,false,false,10,0,2000,3,3600000,1458,1000,0,0,2,1,3525105,74895,0,44861,11888,4800,0,0,0,0,0,entry_margin
recovery_1,4,false,false,10,0,5000,10,7500000,2164,1125,48,1,5,3,7465226,34547,0,19182,9987,12617,227,1,227,1,0,
recovery_1,4,false,false,10,1,1667,3,3749850,1102,1000,0,0,0,3,3004056,488000,257794,0,22144,0,0,0,0,0,0,entry_margin
recovery_1,4,false,false,10,1,2000,3,3600000,1458,1000,0,0,0,3,2829540,488000,282460,0,21016,0,0,0,0,0,0,entry_margin
recovery_1,4,false,false,10,1,5000,10,7500000,2164,1125,0,0,0,10,5705712,500000,1294288,0,35553,0,0,0,0,0,0,
recovery_1,4,false,false,10,2,1667,3,3749850,1102,1000,0,0,0,3,2192915,488000,1068935,0,16643,0,0,0,0,0,0,entry_margin
recovery_1,4,false,false,10,2,2000,3,3600000,1458,1000,0,0,0,3,2195826,488000,916174,0,17016,0,0,0,0,0,0,entry_margin
recovery_1,4,false,false,10,2,5000,10,7500000,2164,1125,0,0,0,10,5506035,500000,1493965,0,38291,0,0,0,0,0,0,
recovery_1,4,false,true,1,0,1667,0,0,0,0,0,0,0,0,0,0,0,0,0,0,0,0,0,0,0,entry_margin
recovery_1,4,false,true,1,0,2000,0,0,0,0,0,0,0,0,0,0,0,0,0,0,0,0,0,0,0,entry_margin
recovery_1,4,false,true,1,0,5000,1,7500000,3508,1668,6,0,0,1,6526705,200553,772742,0,29916,2768,0,0,0,0,0,
recovery_1,4,false,true,1,1,1667,0,0,0,0,0,0,0,0,0,0,0,0,0,0,0,0,0,0,0,entry_margin
recovery_1,4,false,true,1,1,2000,0,0,0,0,0,0,0,0,0,0,0,0,0,0,0,0,0,0,0,entry_margin
recovery_1,4,false,true,1,1,5000,1,7500000,3508,1668,0,0,0,1,4958653,200000,2341347,0,26160,0,0,0,0,0,0,
recovery_1,4,false,true,1,2,1667,0,0,0,0,0,0,0,0,0,0,0,0,0,0,0,0,0,0,0,entry_margin
recovery_1,4,false,true,1,2,2000,0,0,0,0,0,0,0,0,0,0,0,0,0,0,0,0,0,0,0,entry_margin
recovery_1,4,false,true,1,2,5000,1,7500000,3508,1668,0,0,0,1,5150020,200000,2149980,0,27971,0,0,0,0,0,0,
recovery_1,4,false,true,10,0,1667,2,2499900,1306,1000,0,0,1,1,2467390,32510,0,24166,7820,2499,0,0,0,0,0,entry_margin
recovery_1,4,false,true,10,0,2000,3,3600000,1147,1000,0,0,2,1,3558979,41021,0,31062,8194,4800,0,0,0,0,0,entry_margin
recovery_1,4,false,true,10,0,5000,10,7500000,1206,1101,38,1,5,3,7471488,27905,0,46697,10435,13275,607,1,607,1,0,
recovery_1,4,false,true,10,1,1667,2,2499900,1306,1000,0,0,0,2,2002055,360000,137845,0,10573,0,0,0,0,0,0,entry_margin
recovery_1,4,false,true,10,1,2000,3,3600000,1147,1000,0,0,0,3,2875258,488000,236742,0,17193,0,0,0,0,0,0,entry_margin
recovery_1,4,false,true,10,1,5000,10,7500000,1206,1101,0,0,0,10,5742694,500000,1257306,0,40892,0,0,0,0,0,0,
recovery_1,4,false,true,10,2,1667,2,2499900,1306,1000,0,0,0,2,1496133,360000,643767,0,12004,0,0,0,0,0,0,entry_margin
recovery_1,4,false,true,10,2,2000,3,3600000,1147,1000,0,0,0,3,2127465,488000,984535,0,16815,0,0,0,0,0,0,entry_margin
recovery_1,4,false,true,10,2,5000,10,7500000,1206,1101,0,0,0,10,4996326,500000,2003674,0,39172,0,0,0,0,0,0,
recovery_1,4,true,false,1,0,1667,0,0,0,0,0,0,0,0,0,0,0,0,0,0,0,0,0,0,0,entry_margin
recovery_1,4,true,false,1,0,2000,0,0,0,0,0,0,0,0,0,0,0,0,0,0,0,0,0,0,0,entry_margin
recovery_1,4,true,false,1,0,5000,1,7500000,2698,1614,0,0,0,1,5463380,200000,1836620,0,29049,0,0,0,0,0,0,
recovery_1,4,true,false,1,1,1667,0,0,0,0,0,0,0,0,0,0,0,0,0,0,0,0,0,0,0,entry_margin
recovery_1,4,true,false,1,1,2000,0,0,0,0,0,0,0,0,0,0,0,0,0,0,0,0,0,0,0,entry_margin
recovery_1,4,true,false,1,1,5000,1,7500000,2698,1614,0,0,0,1,4294364,200000,3005636,0,26634,0,0,0,0,0,0,
recovery_1,4,true,false,1,2,1667,0,0,0,0,0,0,0,0,0,0,0,0,0,0,0,0,0,0,0,entry_margin
recovery_1,4,true,false,1,2,2000,0,0,0,0,0,0,0,0,0,0,0,0,0,0,0,0,0,0,0,entry_margin
recovery_1,4,true,false,1,2,5000,1,7500000,2698,1614,0,0,0,1,3737263,200000,3562737,0,20702,0,0,0,0,0,0,
recovery_1,4,true,false,10,0,1667,1,1249950,1477,1000,0,0,0,1,993114,200000,56836,0,5148,0,0,0,0,0,0,entry_margin
recovery_1,4,true,false,10,0,2000,2,2400000,1050,1000,0,0,0,2,1905388,360000,134612,0,10274,0,0,0,0,0,0,entry_margin
recovery_1,4,true,false,10,0,5000,9,6750000,1332,1043,0,0,0,9,5406695,500000,843305,0,28402,0,0,0,0,0,0,entry_margin
recovery_1,4,true,false,10,1,1667,1,1249950,1477,1000,0,0,0,1,814954,200000,234996,0,4483,0,0,0,0,0,0,entry_margin
recovery_1,4,true,false,10,1,2000,2,2400000,1050,1000,0,0,0,2,1558304,360000,481696,0,10327,0,0,0,0,0,0,entry_margin
recovery_1,4,true,false,10,1,5000,9,6750000,1332,1043,0,0,0,9,4209081,500000,2040919,0,27725,0,0,0,0,0,0,entry_margin
recovery_1,4,true,false,10,2,1667,1,1249950,1477,1000,0,0,0,1,585840,200000,464110,0,4350,0,0,0,0,0,0,entry_margin
recovery_1,4,true,false,10,2,2000,2,2400000,1050,1000,0,0,0,2,1097063,360000,942937,0,9666,0,0,0,0,0,0,entry_margin
recovery_1,4,true,false,10,2,5000,9,6750000,1332,1043,0,0,0,9,3630382,500000,2619618,0,30150,0,0,0,0,0,0,entry_margin
recovery_1,4,true,true,1,0,1667,0,0,0,0,0,0,0,0,0,0,0,0,0,0,0,0,0,0,0,entry_margin
recovery_1,4,true,true,1,0,2000,0,0,0,0,0,0,0,0,0,0,0,0,0,0,0,0,0,0,0,entry_margin
recovery_1,4,true,true,1,0,5000,1,7500000,2338,1590,0,0,0,1,5332978,200000,1967022,0,27132,0,0,0,0,0,0,
recovery_1,4,true,true,1,1,1667,0,0,0,0,0,0,0,0,0,0,0,0,0,0,0,0,0,0,0,entry_margin
recovery_1,4,true,true,1,1,2000,0,0,0,0,0,0,0,0,0,0,0,0,0,0,0,0,0,0,0,entry_margin
recovery_1,4,true,true,1,1,5000,1,7500000,2338,1590,0,0,0,1,4240756,200000,3059244,0,25997,0,0,0,0,0,0,
recovery_1,4,true,true,1,2,1667,0,0,0,0,0,0,0,0,0,0,0,0,0,0,0,0,0,0,0,entry_margin
recovery_1,4,true,true,1,2,2000,0,0,0,0,0,0,0,0,0,0,0,0,0,0,0,0,0,0,0,entry_margin
recovery_1,4,true,true,1,2,5000,1,7500000,2338,1590,0,0,0,1,3787361,200000,3512639,0,24257,0,0,0,0,0,0,
recovery_1,4,true,true,10,0,1667,1,1249950,1400,1000,0,0,0,1,988907,200000,61043,0,4969,0,0,0,0,0,0,entry_margin
recovery_1,4,true,true,10,0,2000,1,1200000,1744,1000,0,0,0,1,945333,200000,54667,0,5323,0,0,0,0,0,0,entry_margin
recovery_1,4,true,true,10,0,5000,7,5250000,1467,1000,0,0,0,7,4186303,500000,563697,0,22092,0,0,0,0,0,0,entry_margin
recovery_1,4,true,true,10,1,1667,1,1249950,1400,1000,0,0,0,1,802712,200000,247238,0,5425,0,0,0,0,0,0,entry_margin
recovery_1,4,true,true,10,1,2000,1,1200000,1744,1000,0,0,0,1,755681,200000,244319,0,5261,0,0,0,0,0,0,entry_margin
recovery_1,4,true,true,10,1,5000,7,5250000,1467,1000,0,0,0,7,3240484,500000,1509516,0,23113,0,0,0,0,0,0,entry_margin
recovery_1,4,true,true,10,2,1667,1,1249950,1400,1000,0,0,0,1,573477,200000,476473,0,4991,0,0,0,0,0,0,entry_margin
recovery_1,4,true,true,10,2,2000,1,1200000,1744,1000,0,0,0,1,573469,200000,426531,0,4999,0,0,0,0,0,0,entry_margin
recovery_1,4,true,true,10,2,5000,7,5250000,1467,1000,0,0,0,7,2822505,500000,1927495,0,20308,0,0,0,0,0,0,entry_margin
recovery_1,10,false,false,1,0,1667,0,0,0,0,0,0,0,0,0,0,0,0,0,0,0,0,0,0,0,entry_margin
recovery_1,10,false,false,1,0,2000,0,0,0,0,0,0,0,0,0,0,0,0,0,0,0,0,0,0,0,entry_margin
recovery_1,10,false,false,1,0,5000,1,7500000,4450,1731,6,0,0,1,6630367,200558,669075,0,27864,2792,0,0,0,0,0,
recovery_1,10,false,false,1,1,1667,0,0,0,0,0,0,0,0,0,0,0,0,0,0,0,0,0,0,0,entry_margin
recovery_1,10,false,false,1,1,2000,0,0,0,0,0,0,0,0,0,0,0,0,0,0,0,0,0,0,0,entry_margin
recovery_1,10,false,false,1,1,5000,1,7500000,4450,1731,0,0,0,1,4880449,200000,2419551,0,29054,0,0,0,0,0,0,
recovery_1,10,false,false,1,2,1667,0,0,0,0,0,0,0,0,0,0,0,0,0,0,0,0,0,0,0,entry_margin
recovery_1,10,false,false,1,2,2000,0,0,0,0,0,0,0,0,0,0,0,0,0,0,0,0,0,0,0,entry_margin
recovery_1,10,false,false,1,2,5000,1,7500000,4450,1731,0,0,0,1,5991357,200000,1308643,0,31983,0,0,0,0,0,0,
recovery_1,10,false,false,10,0,1667,6,7499700,1060,1012,0,0,2,4,6777865,502499,219336,32898,39336,4998,0,0,0,0,0,entry_margin
recovery_1,10,false,false,10,0,2000,6,7200000,1418,1012,0,0,2,4,6532012,481858,186130,36536,34009,4800,0,0,0,0,0,entry_margin
recovery_1,10,false,false,10,0,5000,10,7500000,3120,1171,31,0,2,8,7206142,293858,0,15847,26225,8642,0,0,0,0,0,
recovery_1,10,false,false,10,1,1667,6,7499700,1060,1012,0,0,0,6,5531401,500000,1468299,0,40709,0,0,0,0,0,0,entry_margin
recovery_1,10,false,false,10,1,2000,6,7200000,1418,1012,0,0,0,6,5224259,500000,1475741,0,38337,0,0,0,0,0,0,entry_margin
recovery_1,10,false,false,10,1,5000,10,7500000,3120,1171,0,0,0,10,5348486,500000,1651514,0,38156,0,0,0,0,0,0,
recovery_1,10,false,false,10,2,1667,6,7499700,1060,1012,0,0,0,6,3993577,500000,3006123,0,30998,0,0,0,0,0,0,entry_margin
recovery_1,10,false,false,10,2,2000,6,7200000,1418,1012,0,0,0,6,4011142,500000,2688858,0,31513,0,0,0,0,0,0,entry_margin
recovery_1,10,false,false,10,2,5000,10,7500000,3120,1171,0,0,0,10,5927324,500000,1072676,0,38615,0,0,0,0,0,0,
recovery_1,10,false,true,1,0,1667,0,0,0,0,0,0,0,0,0,0,0,0,0,0,0,0,0,0,0,entry_margin
recovery_1,10,false,true,1,0,2000,0,0,0,0,0,0,0,0,0,0,0,0,0,0,0,0,0,0,0,entry_margin
recovery_1,10,false,true,1,0,5000,1,7500000,4134,1709,5,0,0,1,6332377,200392,967231,0,27326,1962,0,0,0,0,0,
recovery_1,10,false,true,1,1,1667,0,0,0,0,0,0,0,0,0,0,0,0,0,0,0,0,0,0,0,entry_margin
recovery_1,10,false,true,1,1,2000,0,0,0,0,0,0,0,0,0,0,0,0,0,0,0,0,0,0,0,entry_margin
recovery_1,10,false,true,1,1,5000,1,7500000,4134,1709,0,0,0,1,4730481,200000,2569519,0,27793,0,0,0,0,0,0,
recovery_1,10,false,true,1,2,1667,0,0,0,0,0,0,0,0,0,0,0,0,0,0,0,0,0,0,0,entry_margin
recovery_1,10,false,true,1,2,2000,0,0,0,0,0,0,0,0,0,0,0,0,0,0,0,0,0,0,0,entry_margin
recovery_1,10,false,true,1,2,5000,1,7500000,4134,1709,0,0,0,1,5481818,200000,1818182,0,28155,0,0,0,0,0,0,
recovery_1,10,false,true,10,0,1667,4,4999800,1306,1000,0,0,1,3,4594496,358687,46617,19533,25983,2499,0,0,0,0,0,entry_margin
recovery_1,10,false,true,10,0,2000,5,6000000,1350,1000,0,0,2,3,5476824,408647,114529,24874,26083,4800,0,0,0,0,0,entry_margin
recovery_1,10,false,true,10,0,5000,10,7500000,2125,1144,7,0,7,3,7259732,240268,0,71297,27440,10495,0,0,0,0,0,
recovery_1,10,false,true,10,1,1667,4,4999800,1306,1000,0,0,0,4,3722220,500000,777580,0,25163,0,0,0,0,0,0,entry_margin
recovery_1,10,false,true,10,1,2000,5,6000000,1350,1000,0,0,0,5,4328166,500000,1171834,0,29974,0,0,0,0,0,0,entry_margin
recovery_1,10,false,true,10,1,5000,10,7500000,2125,1144,0,0,0,10,5434081,500000,1565919,0,38612,0,0,0,0,0,0,
recovery_1,10,false,true,10,2,1667,4,4999800,1306,1000,0,0,0,4,2787565,500000,1712235,0,20454,0,0,0,0,0,0,entry_margin
recovery_1,10,false,true,10,2,2000,5,6000000,1350,1000,0,0,0,5,3334822,500000,2165178,0,27357,0,0,0,0,0,0,entry_margin
recovery_1,10,false,true,10,2,5000,10,7500000,2125,1144,0,0,0,10,5355813,500000,1644187,0,39245,0,0,0,0,0,0,
recovery_1,10,true,false,1,0,1667,0,0,0,0,0,0,0,0,0,0,0,0,0,0,0,0,0,0,0,entry_margin
recovery_1,10,true,false,1,0,2000,0,0,0,0,0,0,0,0,0,0,0,0,0,0,0,0,0,0,0,entry_margin
recovery_1,10,true,false,1,0,5000,1,7500000,3339,1656,0,0,0,1,5373502,200000,1926498,0,28723,0,0,0,0,0,0,
recovery_1,10,true,false,1,1,1667,0,0,0,0,0,0,0,0,0,0,0,0,0,0,0,0,0,0,0,entry_margin
recovery_1,10,true,false,1,1,2000,0,0,0,0,0,0,0,0,0,0,0,0,0,0,0,0,0,0,0,entry_margin
recovery_1,10,true,false,1,1,5000,1,7500000,3339,1656,0,0,0,1,4233413,200000,3066587,0,22090,0,0,0,0,0,0,
recovery_1,10,true,false,1,2,1667,0,0,0,0,0,0,0,0,0,0,0,0,0,0,0,0,0,0,0,entry_margin
recovery_1,10,true,false,1,2,2000,0,0,0,0,0,0,0,0,0,0,0,0,0,0,0,0,0,0,0,entry_margin
recovery_1,10,true,false,1,2,5000,1,7500000,3339,1656,0,0,0,1,3966038,200000,3333962,0,21877,0,0,0,0,0,0,
recovery_1,10,true,false,10,0,1667,1,1249950,1518,1000,0,0,0,1,990890,200000,59060,0,5150,0,0,0,0,0,0,entry_margin
recovery_1,10,true,false,10,0,2000,2,2400000,1226,1000,0,0,0,2,1906370,360000,133630,0,9702,0,0,0,0,0,0,entry_margin
recovery_1,10,true,false,10,0,5000,10,7500000,2177,1104,0,0,0,10,5850294,500000,1149706,0,36135,0,0,0,0,0,0,
recovery_1,10,true,false,10,1,1667,1,1249950,1518,1000,0,0,0,1,791361,200000,258589,0,6128,0,0,0,0,0,0,entry_margin
recovery_1,10,true,false,10,1,2000,2,2400000,1226,1000,0,0,0,2,1551373,360000,488627,0,9729,0,0,0,0,0,0,entry_margin
recovery_1,10,true,false,10,1,5000,10,7500000,2177,1104,0,0,0,10,4516475,500000,2483525,0,28515,0,0,0,0,0,0,
recovery_1,10,true,false,10,2,1667,1,1249950,1518,1000,0,0,0,1,581051,200000,468899,0,3919,0,0,0,0,0,0,entry_margin
recovery_1,10,true,false,10,2,2000,2,2400000,1226,1000,0,0,0,2,1094591,360000,945409,0,7902,0,0,0,0,0,0,entry_margin
recovery_1,10,true,false,10,2,5000,10,7500000,2177,1104,0,0,0,10,4210830,500000,2789170,0,31484,0,0,0,0,0,0,
recovery_1,10,true,true,1,0,1667,0,0,0,0,0,0,0,0,0,0,0,0,0,0,0,0,0,0,0,entry_margin
recovery_1,10,true,true,1,0,2000,0,0,0,0,0,0,0,0,0,0,0,0,0,0,0,0,0,0,0,entry_margin
recovery_1,10,true,true,1,0,5000,1,7500000,3059,1638,0,0,0,1,5200898,200000,2099102,0,27900,0,0,0,0,0,0,
recovery_1,10,true,true,1,1,1667,0,0,0,0,0,0,0,0,0,0,0,0,0,0,0,0,0,0,0,entry_margin
recovery_1,10,true,true,1,1,2000,0,0,0,0,0,0,0,0,0,0,0,0,0,0,0,0,0,0,0,entry_margin
recovery_1,10,true,true,1,1,5000,1,7500000,3059,1638,0,0,0,1,4068375,200000,3231625,0,25393,0,0,0,0,0,0,
recovery_1,10,true,true,1,2,1667,0,0,0,0,0,0,0,0,0,0,0,0,0,0,0,0,0,0,0,entry_margin
recovery_1,10,true,true,1,2,2000,0,0,0,0,0,0,0,0,0,0,0,0,0,0,0,0,0,0,0,entry_margin
recovery_1,10,true,true,1,2,5000,1,7500000,3059,1638,0,0,0,1,4061122,200000,3238878,0,26146,0,0,0,0,0,0,
recovery_1,10,true,true,10,0,1667,1,1249950,1457,1000,0,0,0,1,982397,200000,67553,0,5404,0,0,0,0,0,0,entry_margin
recovery_1,10,true,true,10,0,2000,1,1200000,1799,1000,0,0,0,1,944444,200000,55556,0,5100,0,0,0,0,0,0,entry_margin
recovery_1,10,true,true,10,0,5000,10,7500000,1229,1085,0,0,0,10,5850750,500000,1149250,0,34345,0,0,0,0,0,0,
recovery_1,10,true,true,10,1,1667,1,1249950,1457,1000,0,0,0,1,806681,200000,243269,0,4717,0,0,0,0,0,0,entry_margin
recovery_1,10,true,true,10,1,2000,1,1200000,1799,1000,0,0,0,1,759475,200000,240525,0,4595,0,0,0,0,0,0,entry_margin
recovery_1,10,true,true,10,1,5000,10,7500000,1229,1085,0,0,0,10,4577838,500000,2422162,0,32920,0,0,0,0,0,0,
recovery_1,10,true,true,10,2,1667,1,1249950,1457,1000,0,0,0,1,621000,200000,428950,0,4818,0,0,0,0,0,0,entry_margin
recovery_1,10,true,true,10,2,2000,1,1200000,1799,1000,0,0,0,1,620991,200000,379009,0,4827,0,0,0,0,0,0,entry_margin
recovery_1,10,true,true,10,2,5000,10,7500000,1229,1085,0,0,0,10,3843765,500000,3156235,0,28302,0,0,0,0,0,0,
crowding_steeper,1,false,false,1,0,1667,0,0,0,0,0,0,0,0,0,0,0,0,0,0,0,0,0,0,0,entry_margin
crowding_steeper,1,false,false,1,0,2000,0,0,0,0,0,0,0,0,0,0,0,0,0,0,0,0,0,0,0,entry_margin
crowding_steeper,1,false,false,1,0,5000,1,7500000,3484,1666,7,0,0,1,6858869,200829,440302,0,28741,4146,0,0,0,0,0,
crowding_steeper,1,false,false,1,1,1667,0,0,0,0,0,0,0,0,0,0,0,0,0,0,0,0,0,0,0,entry_margin
crowding_steeper,1,false,false,1,1,2000,0,0,0,0,0,0,0,0,0,0,0,0,0,0,0,0,0,0,0,entry_margin
crowding_steeper,1,false,false,1,1,5000,1,7500000,3484,1666,0,0,0,1,5160480,200000,2139520,0,28487,0,0,0,0,0,0,
crowding_steeper,1,false,false,1,2,1667,0,0,0,0,0,0,0,0,0,0,0,0,0,0,0,0,0,0,0,entry_margin
crowding_steeper,1,false,false,1,2,2000,0,0,0,0,0,0,0,0,0,0,0,0,0,0,0,0,0,0,0,entry_margin
crowding_steeper,1,false,false,1,2,5000,1,7500000,3484,1666,0,0,0,1,5363696,200000,1936304,0,30520,0,0,0,0,0,0,
crowding_steeper,1,false,false,10,0,1667,1,1249950,1391,1000,0,0,1,0,1249950,0,0,19865,2202,2499,0,0,0,0,0,entry_margin
crowding_steeper,1,false,false,10,0,2000,2,2400000,1241,1000,10,1,1,0,2399965,35,0,17519,2496,4796,0,0,0,0,0,entry_margin
crowding_steeper,1,false,false,10,0,5000,10,7500000,1731,1199,54,3,5,1,7494883,3474,0,27332,3419,14828,1643,1,1643,1,0,
crowding_steeper,1,false,false,10,1,1667,1,1249950,1391,1000,0,0,0,1,1003866,200000,46084,0,6931,0,0,0,0,0,0,entry_margin
crowding_steeper,1,false,false,10,1,2000,2,2400000,1241,1000,0,0,0,2,1922213,360000,117787,0,13752,0,0,0,0,0,0,entry_margin
crowding_steeper,1,false,false,10,1,5000,10,7500000,1731,1199,0,0,0,10,5738972,500000,1261028,0,40024,0,0,0,0,0,0,
crowding_steeper,1,false,false,10,2,1667,1,1249950,1391,1000,0,0,0,1,772677,200000,277273,0,6826,0,0,0,0,0,0,entry_margin
crowding_steeper,1,false,false,10,2,2000,2,2400000,1241,1000,0,0,0,2,1469170,360000,570830,0,10862,0,0,0,0,0,0,entry_margin
crowding_steeper,1,false,false,10,2,5000,10,7500000,1731,1199,0,0,0,10,5244535,500000,1755465,0,39436,0,0,0,0,0,0,
crowding_steeper,1,false,true,1,0,1667,0,0,0,0,0,0,0,0,0,0,0,0,0,0,0,0,0,0,0,entry_margin
crowding_steeper,1,false,true,1,0,2000,0,0,0,0,0,0,0,0,0,0,0,0,0,0,0,0,0,0,0,entry_margin
crowding_steeper,1,false,true,1,0,5000,1,7500000,3109,1641,6,0,0,1,6628606,200555,670839,0,28010,2778,0,0,0,0,0,
crowding_steeper,1,false,true,1,1,1667,0,0,0,0,0,0,0,0,0,0,0,0,0,0,0,0,0,0,0,entry_margin
crowding_steeper,1,false,true,1,1,2000,0,0,0,0,0,0,0,0,0,0,0,0,0,0,0,0,0,0,0,entry_margin
crowding_steeper,1,false,true,1,1,5000,1,7500000,3109,1641,0,0,0,1,5028150,200000,2271850,0,28692,0,0,0,0,0,0,
crowding_steeper,1,false,true,1,2,1667,0,0,0,0,0,0,0,0,0,0,0,0,0,0,0,0,0,0,0,entry_margin
crowding_steeper,1,false,true,1,2,2000,0,0,0,0,0,0,0,0,0,0,0,0,0,0,0,0,0,0,0,entry_margin
crowding_steeper,1,false,true,1,2,5000,1,7500000,3109,1641,0,0,0,1,4940227,200000,2359773,0,28865,0,0,0,0,0,0,
crowding_steeper,1,false,true,10,0,1667,1,1249950,1329,1000,0,0,1,0,1249950,0,0,22618,874,2499,0,0,0,0,0,entry_margin
crowding_steeper,1,false,true,10,0,2000,2,2400000,1053,1000,12,1,1,0,2399954,46,0,22231,1050,4795,0,0,0,0,0,entry_margin
crowding_steeper,1,false,true,10,0,5000,9,6750000,1292,1105,58,3,4,0,6745396,2443,0,28634,3188,13133,2161,1,1143,1,0,entry_margin
crowding_steeper,1,false,true,10,1,1667,1,1249950,1329,1000,0,0,0,1,1022886,200000,27064,0,5272,0,0,0,0,0,0,entry_margin
crowding_steeper,1,false,true,10,1,2000,2,2400000,1053,1000,0,0,0,2,1943552,360000,96448,0,12554,0,0,0,0,0,0,entry_margin
crowding_steeper,1,false,true,10,1,5000,9,6750000,1292,1105,0,0,0,9,5228796,500000,1021204,0,33410,0,0,0,0,0,0,entry_margin
crowding_steeper,1,false,true,10,2,1667,1,1249950,1329,1000,0,0,0,1,762450,200000,287500,0,7534,0,0,0,0,0,0,entry_margin
crowding_steeper,1,false,true,10,2,2000,2,2400000,1053,1000,0,0,0,2,1431878,360000,608122,0,12981,0,0,0,0,0,0,entry_margin
crowding_steeper,1,false,true,10,2,5000,9,6750000,1292,1105,0,0,0,9,4519259,500000,1730741,0,34671,0,0,0,0,0,0,entry_margin
crowding_steeper,1,true,false,1,0,1667,0,0,0,0,0,0,0,0,0,0,0,0,0,0,0,0,0,0,0,entry_margin
crowding_steeper,1,true,false,1,0,2000,0,0,0,0,0,0,0,0,0,0,0,0,0,0,0,0,0,0,0,entry_margin
crowding_steeper,1,true,false,1,0,5000,1,7500000,2226,1582,0,0,0,1,5494418,200000,1805582,0,29597,0,0,0,0,0,0,
crowding_steeper,1,true,false,1,1,1667,0,0,0,0,0,0,0,0,0,0,0,0,0,0,0,0,0,0,0,entry_margin
crowding_steeper,1,true,false,1,1,2000,0,0,0,0,0,0,0,0,0,0,0,0,0,0,0,0,0,0,0,entry_margin
crowding_steeper,1,true,false,1,1,5000,1,7500000,2226,1582,0,0,0,1,4440906,200000,2859094,0,24272,0,0,0,0,0,0,
crowding_steeper,1,true,false,1,2,1667,0,0,0,0,0,0,0,0,0,0,0,0,0,0,0,0,0,0,0,entry_margin
crowding_steeper,1,true,false,1,2,2000,0,0,0,0,0,0,0,0,0,0,0,0,0,0,0,0,0,0,0,entry_margin
crowding_steeper,1,true,false,1,2,5000,1,7500000,2226,1582,0,0,0,1,3768027,200000,3531973,0,28248,0,0,0,0,0,0,
crowding_steeper,1,true,false,10,0,1667,1,1249950,1294,1000,0,0,0,1,996695,200000,53255,0,5338,0,0,0,0,0,0,entry_margin
crowding_steeper,1,true,false,10,0,2000,1,1200000,1641,1000,0,0,0,1,954270,200000,45730,0,5015,0,0,0,0,0,0,entry_margin
crowding_steeper,1,true,false,10,0,5000,8,6000000,1132,1002,0,0,0,8,4866597,500000,633403,0,25452,0,0,0,0,0,0,entry_margin
crowding_steeper,1,true,false,10,1,1667,1,1249950,1294,1000,0,0,0,1,822852,200000,227098,0,4704,0,0,0,0,0,0,entry_margin
crowding_steeper,1,true,false,10,1,2000,1,1200000,1641,1000,0,0,0,1,774714,200000,225286,0,4384,0,0,0,0,0,0,entry_margin
crowding_steeper,1,true,false,10,1,5000,8,6000000,1132,1002,0,0,0,8,3782693,500000,1717307,0,24291,0,0,0,0,0,0,entry_margin
crowding_steeper,1,true,false,10,2,1667,1,1249950,1294,1000,0,0,0,1,612663,200000,437287,0,6188,0,0,0,0,0,0,entry_margin
crowding_steeper,1,true,false,10,2,2000,1,1200000,1641,1000,0,0,0,1,612663,200000,387337,0,6188,0,0,0,0,0,0,entry_margin
crowding_steeper,1,true,false,10,2,5000,8,6000000,1132,1002,0,0,0,8,3221410,500000,2278590,0,21636,0,0,0,0,0,0,entry_margin
crowding_steeper,1,true,true,1,0,1667,0,0,0,0,0,0,0,0,0,0,0,0,0,0,0,0,0,0,0,entry_margin
crowding_steeper,1,true,true,1,0,2000,0,0,0,0,0,0,0,0,0,0,0,0,0,0,0,0,0,0,0,entry_margin
crowding_steeper,1,true,true,1,0,5000,1,7500000,1851,1557,0,0,0,1,5366746,200000,1933254,0,27201,0,0,0,0,0,0,
crowding_steeper,1,true,true,1,1,1667,0,0,0,0,0,0,0,0,0,0,0,0,0,0,0,0,0,0,0,entry_margin
crowding_steeper,1,true,true,1,1,2000,0,0,0,0,0,0,0,0,0,0,0,0,0,0,0,0,0,0,0,entry_margin
crowding_steeper,1,true,true,1,1,5000,1,7500000,1851,1557,0,0,0,1,4390737,200000,2909263,0,24584,0,0,0,0,0,0,
crowding_steeper,1,true,true,1,2,1667,0,0,0,0,0,0,0,0,0,0,0,0,0,0,0,0,0,0,0,entry_margin
crowding_steeper,1,true,true,1,2,2000,0,0,0,0,0,0,0,0,0,0,0,0,0,0,0,0,0,0,0,entry_margin
crowding_steeper,1,true,true,1,2,5000,1,7500000,1851,1557,0,0,0,1,3522966,200000,3777034,0,28618,0,0,0,0,0,0,
crowding_steeper,1,true,true,10,0,1667,1,1249950,1176,1000,0,0,0,1,1018169,200000,31781,0,5219,0,0,0,0,0,0,entry_margin
crowding_steeper,1,true,true,10,0,2000,1,1200000,1529,1000,0,0,0,1,951264,200000,48736,0,4780,0,0,0,0,0,0,entry_margin
crowding_steeper,1,true,true,10,0,5000,6,4500000,1350,1000,0,0,0,6,3597015,500000,402985,0,18737,0,0,0,0,0,0,entry_margin
crowding_steeper,1,true,true,10,1,1667,1,1249950,1176,1000,0,0,0,1,806741,200000,243209,0,6142,0,0,0,0,0,0,entry_margin
crowding_steeper,1,true,true,10,1,2000,1,1200000,1529,1000,0,0,0,1,759645,200000,240355,0,5740,0,0,0,0,0,0,entry_margin
crowding_steeper,1,true,true,10,1,5000,6,4500000,1350,1000,0,0,0,6,2813028,500000,1186972,0,17824,0,0,0,0,0,0,entry_margin
crowding_steeper,1,true,true,10,2,1667,1,1249950,1176,1000,0,0,0,1,604559,200000,445391,0,3684,0,0,0,0,0,0,entry_margin
crowding_steeper,1,true,true,10,2,2000,1,1200000,1529,1000,0,0,0,1,604290,200000,395710,0,3953,0,0,0,0,0,0,entry_margin
crowding_steeper,1,true,true,10,2,5000,6,4500000,1350,1000,0,0,0,6,2481077,500000,1518923,0,20214,0,0,0,0,0,0,entry_margin
crowding_steeper,4,false,false,1,0,1667,0,0,0,0,0,0,0,0,0,0,0,0,0,0,0,0,0,0,0,entry_margin
crowding_steeper,4,false,false,1,0,2000,0,0,0,0,0,0,0,0,0,0,0,0,0,0,0,0,0,0,0,entry_margin
crowding_steeper,4,false,false,1,0,5000,1,7500000,3873,1692,6,0,0,1,6786168,200636,513196,0,27146,3184,0,0,0,0,0,
crowding_steeper,4,false,false,1,1,1667,0,0,0,0,0,0,0,0,0,0,0,0,0,0,0,0,0,0,0,entry_margin
crowding_steeper,4,false,false,1,1,2000,0,0,0,0,0,0,0,0,0,0,0,0,0,0,0,0,0,0,0,entry_margin
crowding_steeper,4,false,false,1,1,5000,1,7500000,3873,1692,0,0,0,1,5108285,200000,2191715,0,25850,0,0,0,0,0,0,
crowding_steeper,4,false,false,1,2,1667,0,0,0,0,0,0,0,0,0,0,0,0,0,0,0,0,0,0,0,entry_margin
crowding_steeper,4,false,false,1,2,2000,0,0,0,0,0,0,0,0,0,0,0,0,0,0,0,0,0,0,0,entry_margin
crowding_steeper,4,false,false,1,2,5000,1,7500000,3873,1692,0,0,0,1,5611534,200000,1688466,0,32679,0,0,0,0,0,0,
crowding_steeper,4,false,false,10,0,1667,3,3749850,1102,1000,0,0,2,1,3667533,82317,0,41818,13083,4998,0,0,0,0,0,entry_margin
crowding_steeper,4,false,false,10,0,2000,3,3600000,1458,1000,0,0,2,1,3525105,74895,0,44861,11888,4800,0,0,0,0,0,entry_margin
crowding_steeper,4,false,false,10,0,5000,10,7500000,2164,1249,50,3,2,4,7459171,40351,0,18835,9339,12885,478,1,478,1,0,
crowding_steeper,4,false,false,10,1,1667,3,3749850,1102,1000,0,0,0,3,3004056,488000,257794,0,22144,0,0,0,0,0,0,entry_margin
crowding_steeper,4,false,false,10,1,2000,3,3600000,1458,1000,0,0,0,3,2829540,488000,282460,0,21016,0,0,0,0,0,0,entry_margin
crowding_steeper,4,false,false,10,1,5000,10,7500000,2164,1249,0,0,0,10,5705712,500000,1294288,0,35553,0,0,0,0,0,0,
crowding_steeper,4,false,false,10,2,1667,3,3749850,1102,1000,0,0,0,3,2192915,488000,1068935,0,16643,0,0,0,0,0,0,entry_margin
crowding_steeper,4,false,false,10,2,2000,3,3600000,1458,1000,0,0,0,3,2195826,488000,916174,0,17016,0,0,0,0,0,0,entry_margin
crowding_steeper,4,false,false,10,2,5000,10,7500000,2164,1249,0,0,0,10,5506035,500000,1493965,0,38291,0,0,0,0,0,0,
crowding_steeper,4,false,true,1,0,1667,0,0,0,0,0,0,0,0,0,0,0,0,0,0,0,0,0,0,0,entry_margin
crowding_steeper,4,false,true,1,0,2000,0,0,0,0,0,0,0,0,0,0,0,0,0,0,0,0,0,0,0,entry_margin
crowding_steeper,4,false,true,1,0,5000,1,7500000,3508,1668,6,0,0,1,6526705,200553,772742,0,29916,2768,0,0,0,0,0,
crowding_steeper,4,false,true,1,1,1667,0,0,0,0,0,0,0,0,0,0,0,0,0,0,0,0,0,0,0,entry_margin
crowding_steeper,4,false,true,1,1,2000,0,0,0,0,0,0,0,0,0,0,0,0,0,0,0,0,0,0,0,entry_margin
crowding_steeper,4,false,true,1,1,5000,1,7500000,3508,1668,0,0,0,1,4958653,200000,2341347,0,26160,0,0,0,0,0,0,
crowding_steeper,4,false,true,1,2,1667,0,0,0,0,0,0,0,0,0,0,0,0,0,0,0,0,0,0,0,entry_margin
crowding_steeper,4,false,true,1,2,2000,0,0,0,0,0,0,0,0,0,0,0,0,0,0,0,0,0,0,0,entry_margin
crowding_steeper,4,false,true,1,2,5000,1,7500000,3508,1668,0,0,0,1,5150020,200000,2149980,0,27971,0,0,0,0,0,0,
crowding_steeper,4,false,true,10,0,1667,2,2499900,1306,1000,0,0,1,1,2467390,32510,0,24166,7820,2499,0,0,0,0,0,entry_margin
crowding_steeper,4,false,true,10,0,2000,3,3600000,1147,1000,0,0,2,1,3558979,41021,0,31062,8194,4800,0,0,0,0,0,entry_margin
crowding_steeper,4,false,true,10,0,5000,10,7500000,1206,1201,42,1,6,2,7478160,21694,0,37508,8811,13142,146,1,146,1,0,
crowding_steeper,4,false,true,10,1,1667,2,2499900,1306,1000,0,0,0,2,2002055,360000,137845,0,10573,0,0,0,0,0,0,entry_margin
crowding_steeper,4,false,true,10,1,2000,3,3600000,1147,1000,0,0,0,3,2875258,488000,236742,0,17193,0,0,0,0,0,0,entry_margin
crowding_steeper,4,false,true,10,1,5000,10,7500000,1206,1201,0,0,0,10,5742694,500000,1257306,0,40892,0,0,0,0,0,0,
crowding_steeper,4,false,true,10,2,1667,2,2499900,1306,1000,0,0,0,2,1496133,360000,643767,0,12004,0,0,0,0,0,0,entry_margin
crowding_steeper,4,false,true,10,2,2000,3,3600000,1147,1000,0,0,0,3,2127465,488000,984535,0,16815,0,0,0,0,0,0,entry_margin
crowding_steeper,4,false,true,10,2,5000,10,7500000,1206,1201,0,0,0,10,4996326,500000,2003674,0,39172,0,0,0,0,0,0,
crowding_steeper,4,true,false,1,0,1667,0,0,0,0,0,0,0,0,0,0,0,0,0,0,0,0,0,0,0,entry_margin
crowding_steeper,4,true,false,1,0,2000,0,0,0,0,0,0,0,0,0,0,0,0,0,0,0,0,0,0,0,entry_margin
crowding_steeper,4,true,false,1,0,5000,1,7500000,2698,1614,0,0,0,1,5463380,200000,1836620,0,29049,0,0,0,0,0,0,
crowding_steeper,4,true,false,1,1,1667,0,0,0,0,0,0,0,0,0,0,0,0,0,0,0,0,0,0,0,entry_margin
crowding_steeper,4,true,false,1,1,2000,0,0,0,0,0,0,0,0,0,0,0,0,0,0,0,0,0,0,0,entry_margin
crowding_steeper,4,true,false,1,1,5000,1,7500000,2698,1614,0,0,0,1,4294364,200000,3005636,0,26634,0,0,0,0,0,0,
crowding_steeper,4,true,false,1,2,1667,0,0,0,0,0,0,0,0,0,0,0,0,0,0,0,0,0,0,0,entry_margin
crowding_steeper,4,true,false,1,2,2000,0,0,0,0,0,0,0,0,0,0,0,0,0,0,0,0,0,0,0,entry_margin
crowding_steeper,4,true,false,1,2,5000,1,7500000,2698,1614,0,0,0,1,3737263,200000,3562737,0,20702,0,0,0,0,0,0,
crowding_steeper,4,true,false,10,0,1667,1,1249950,1477,1000,0,0,0,1,993114,200000,56836,0,5148,0,0,0,0,0,0,entry_margin
crowding_steeper,4,true,false,10,0,2000,2,2400000,1050,1000,0,0,0,2,1905388,360000,134612,0,10274,0,0,0,0,0,0,entry_margin
crowding_steeper,4,true,false,10,0,5000,9,6750000,1332,1086,0,0,0,9,5406695,500000,843305,0,28402,0,0,0,0,0,0,entry_margin
crowding_steeper,4,true,false,10,1,1667,1,1249950,1477,1000,0,0,0,1,814954,200000,234996,0,4483,0,0,0,0,0,0,entry_margin
crowding_steeper,4,true,false,10,1,2000,2,2400000,1050,1000,0,0,0,2,1558304,360000,481696,0,10327,0,0,0,0,0,0,entry_margin
crowding_steeper,4,true,false,10,1,5000,9,6750000,1332,1086,0,0,0,9,4209081,500000,2040919,0,27725,0,0,0,0,0,0,entry_margin
crowding_steeper,4,true,false,10,2,1667,1,1249950,1477,1000,0,0,0,1,585840,200000,464110,0,4350,0,0,0,0,0,0,entry_margin
crowding_steeper,4,true,false,10,2,2000,2,2400000,1050,1000,0,0,0,2,1097063,360000,942937,0,9666,0,0,0,0,0,0,entry_margin
crowding_steeper,4,true,false,10,2,5000,9,6750000,1332,1086,0,0,0,9,3630382,500000,2619618,0,30150,0,0,0,0,0,0,entry_margin
crowding_steeper,4,true,true,1,0,1667,0,0,0,0,0,0,0,0,0,0,0,0,0,0,0,0,0,0,0,entry_margin
crowding_steeper,4,true,true,1,0,2000,0,0,0,0,0,0,0,0,0,0,0,0,0,0,0,0,0,0,0,entry_margin
crowding_steeper,4,true,true,1,0,5000,1,7500000,2338,1590,0,0,0,1,5332978,200000,1967022,0,27132,0,0,0,0,0,0,
crowding_steeper,4,true,true,1,1,1667,0,0,0,0,0,0,0,0,0,0,0,0,0,0,0,0,0,0,0,entry_margin
crowding_steeper,4,true,true,1,1,2000,0,0,0,0,0,0,0,0,0,0,0,0,0,0,0,0,0,0,0,entry_margin
crowding_steeper,4,true,true,1,1,5000,1,7500000,2338,1590,0,0,0,1,4240756,200000,3059244,0,25997,0,0,0,0,0,0,
crowding_steeper,4,true,true,1,2,1667,0,0,0,0,0,0,0,0,0,0,0,0,0,0,0,0,0,0,0,entry_margin
crowding_steeper,4,true,true,1,2,2000,0,0,0,0,0,0,0,0,0,0,0,0,0,0,0,0,0,0,0,entry_margin
crowding_steeper,4,true,true,1,2,5000,1,7500000,2338,1590,0,0,0,1,3787361,200000,3512639,0,24257,0,0,0,0,0,0,
crowding_steeper,4,true,true,10,0,1667,1,1249950,1400,1000,0,0,0,1,988907,200000,61043,0,4969,0,0,0,0,0,0,entry_margin
crowding_steeper,4,true,true,10,0,2000,1,1200000,1744,1000,0,0,0,1,945333,200000,54667,0,5323,0,0,0,0,0,0,entry_margin
crowding_steeper,4,true,true,10,0,5000,7,5250000,1467,1000,0,0,0,7,4186303,500000,563697,0,22092,0,0,0,0,0,0,entry_margin
crowding_steeper,4,true,true,10,1,1667,1,1249950,1400,1000,0,0,0,1,802712,200000,247238,0,5425,0,0,0,0,0,0,entry_margin
crowding_steeper,4,true,true,10,1,2000,1,1200000,1744,1000,0,0,0,1,755681,200000,244319,0,5261,0,0,0,0,0,0,entry_margin
crowding_steeper,4,true,true,10,1,5000,7,5250000,1467,1000,0,0,0,7,3240484,500000,1509516,0,23113,0,0,0,0,0,0,entry_margin
crowding_steeper,4,true,true,10,2,1667,1,1249950,1400,1000,0,0,0,1,573477,200000,476473,0,4991,0,0,0,0,0,0,entry_margin
crowding_steeper,4,true,true,10,2,2000,1,1200000,1744,1000,0,0,0,1,573469,200000,426531,0,4999,0,0,0,0,0,0,entry_margin
crowding_steeper,4,true,true,10,2,5000,7,5250000,1467,1000,0,0,0,7,2822505,500000,1927495,0,20308,0,0,0,0,0,0,entry_margin
crowding_steeper,10,false,false,1,0,1667,0,0,0,0,0,0,0,0,0,0,0,0,0,0,0,0,0,0,0,entry_margin
crowding_steeper,10,false,false,1,0,2000,0,0,0,0,0,0,0,0,0,0,0,0,0,0,0,0,0,0,0,entry_margin
crowding_steeper,10,false,false,1,0,5000,1,7500000,4450,1731,6,0,0,1,6630367,200558,669075,0,27864,2792,0,0,0,0,0,
crowding_steeper,10,false,false,1,1,1667,0,0,0,0,0,0,0,0,0,0,0,0,0,0,0,0,0,0,0,entry_margin
crowding_steeper,10,false,false,1,1,2000,0,0,0,0,0,0,0,0,0,0,0,0,0,0,0,0,0,0,0,entry_margin
crowding_steeper,10,false,false,1,1,5000,1,7500000,4450,1731,0,0,0,1,4880449,200000,2419551,0,29054,0,0,0,0,0,0,
crowding_steeper,10,false,false,1,2,1667,0,0,0,0,0,0,0,0,0,0,0,0,0,0,0,0,0,0,0,entry_margin
crowding_steeper,10,false,false,1,2,2000,0,0,0,0,0,0,0,0,0,0,0,0,0,0,0,0,0,0,0,entry_margin
crowding_steeper,10,false,false,1,2,5000,1,7500000,4450,1731,0,0,0,1,5991357,200000,1308643,0,31983,0,0,0,0,0,0,
crowding_steeper,10,false,false,10,0,1667,6,7499700,1060,1023,0,0,2,4,6777865,502499,219336,32898,39336,4998,0,0,0,0,0,entry_margin
crowding_steeper,10,false,false,10,0,2000,6,7200000,1418,1023,0,0,2,4,6532012,481858,186130,36536,34009,4800,0,0,0,0,0,entry_margin
crowding_steeper,10,false,false,10,0,5000,10,7500000,3120,1341,14,0,6,4,7211756,288244,0,43016,27781,8998,0,0,0,0,0,
crowding_steeper,10,false,false,10,1,1667,6,7499700,1060,1023,0,0,0,6,5531401,500000,1468299,0,40709,0,0,0,0,0,0,entry_margin
crowding_steeper,10,false,false,10,1,2000,6,7200000,1418,1023,0,0,0,6,5224259,500000,1475741,0,38337,0,0,0,0,0,0,entry_margin
crowding_steeper,10,false,false,10,1,5000,10,7500000,3120,1341,0,0,0,10,5348486,500000,1651514,0,38156,0,0,0,0,0,0,
crowding_steeper,10,false,false,10,2,1667,6,7499700,1060,1023,0,0,0,6,3993577,500000,3006123,0,30998,0,0,0,0,0,0,entry_margin
crowding_steeper,10,false,false,10,2,2000,6,7200000,1418,1023,0,0,0,6,4011142,500000,2688858,0,31513,0,0,0,0,0,0,entry_margin
crowding_steeper,10,false,false,10,2,5000,10,7500000,3120,1341,0,0,0,10,5927324,500000,1072676,0,38615,0,0,0,0,0,0,
crowding_steeper,10,false,true,1,0,1667,0,0,0,0,0,0,0,0,0,0,0,0,0,0,0,0,0,0,0,entry_margin
crowding_steeper,10,false,true,1,0,2000,0,0,0,0,0,0,0,0,0,0,0,0,0,0,0,0,0,0,0,entry_margin
crowding_steeper,10,false,true,1,0,5000,1,7500000,4134,1709,5,0,0,1,6332377,200392,967231,0,27326,1962,0,0,0,0,0,
crowding_steeper,10,false,true,1,1,1667,0,0,0,0,0,0,0,0,0,0,0,0,0,0,0,0,0,0,0,entry_margin
crowding_steeper,10,false,true,1,1,2000,0,0,0,0,0,0,0,0,0,0,0,0,0,0,0,0,0,0,0,entry_margin
crowding_steeper,10,false,true,1,1,5000,1,7500000,4134,1709,0,0,0,1,4730481,200000,2569519,0,27793,0,0,0,0,0,0,
crowding_steeper,10,false,true,1,2,1667,0,0,0,0,0,0,0,0,0,0,0,0,0,0,0,0,0,0,0,entry_margin
crowding_steeper,10,false,true,1,2,2000,0,0,0,0,0,0,0,0,0,0,0,0,0,0,0,0,0,0,0,entry_margin
crowding_steeper,10,false,true,1,2,5000,1,7500000,4134,1709,0,0,0,1,5481818,200000,1818182,0,28155,0,0,0,0,0,0,
crowding_steeper,10,false,true,10,0,1667,4,4999800,1306,1000,0,0,1,3,4594496,358687,46617,19533,25983,2499,0,0,0,0,0,entry_margin
crowding_steeper,10,false,true,10,0,2000,5,6000000,1350,1000,0,0,2,3,5476824,408647,114529,24874,26083,4800,0,0,0,0,0,entry_margin
crowding_steeper,10,false,true,10,0,5000,10,7500000,2125,1288,7,0,7,3,7259732,240268,0,71297,27440,10495,0,0,0,0,0,
crowding_steeper,10,false,true,10,1,1667,4,4999800,1306,1000,0,0,0,4,3722220,500000,777580,0,25163,0,0,0,0,0,0,entry_margin
crowding_steeper,10,false,true,10,1,2000,5,6000000,1350,1000,0,0,0,5,4328166,500000,1171834,0,29974,0,0,0,0,0,0,entry_margin
crowding_steeper,10,false,true,10,1,5000,10,7500000,2125,1288,0,0,0,10,5434081,500000,1565919,0,38612,0,0,0,0,0,0,
crowding_steeper,10,false,true,10,2,1667,4,4999800,1306,1000,0,0,0,4,2787565,500000,1712235,0,20454,0,0,0,0,0,0,entry_margin
crowding_steeper,10,false,true,10,2,2000,5,6000000,1350,1000,0,0,0,5,3334822,500000,2165178,0,27357,0,0,0,0,0,0,entry_margin
crowding_steeper,10,false,true,10,2,5000,10,7500000,2125,1288,0,0,0,10,5355813,500000,1644187,0,39245,0,0,0,0,0,0,
crowding_steeper,10,true,false,1,0,1667,0,0,0,0,0,0,0,0,0,0,0,0,0,0,0,0,0,0,0,entry_margin
crowding_steeper,10,true,false,1,0,2000,0,0,0,0,0,0,0,0,0,0,0,0,0,0,0,0,0,0,0,entry_margin
crowding_steeper,10,true,false,1,0,5000,1,7500000,3339,1656,0,0,0,1,5373502,200000,1926498,0,28723,0,0,0,0,0,0,
crowding_steeper,10,true,false,1,1,1667,0,0,0,0,0,0,0,0,0,0,0,0,0,0,0,0,0,0,0,entry_margin
crowding_steeper,10,true,false,1,1,2000,0,0,0,0,0,0,0,0,0,0,0,0,0,0,0,0,0,0,0,entry_margin
crowding_steeper,10,true,false,1,1,5000,1,7500000,3339,1656,0,0,0,1,4233413,200000,3066587,0,22090,0,0,0,0,0,0,
crowding_steeper,10,true,false,1,2,1667,0,0,0,0,0,0,0,0,0,0,0,0,0,0,0,0,0,0,0,entry_margin
crowding_steeper,10,true,false,1,2,2000,0,0,0,0,0,0,0,0,0,0,0,0,0,0,0,0,0,0,0,entry_margin
crowding_steeper,10,true,false,1,2,5000,1,7500000,3339,1656,0,0,0,1,3966038,200000,3333962,0,21877,0,0,0,0,0,0,
crowding_steeper,10,true,false,10,0,1667,1,1249950,1518,1000,0,0,0,1,990890,200000,59060,0,5150,0,0,0,0,0,0,entry_margin
crowding_steeper,10,true,false,10,0,2000,2,2400000,1226,1000,0,0,0,2,1906370,360000,133630,0,9702,0,0,0,0,0,0,entry_margin
crowding_steeper,10,true,false,10,0,5000,10,7500000,2177,1208,0,0,0,10,5850294,500000,1149706,0,36135,0,0,0,0,0,0,
crowding_steeper,10,true,false,10,1,1667,1,1249950,1518,1000,0,0,0,1,791361,200000,258589,0,6128,0,0,0,0,0,0,entry_margin
crowding_steeper,10,true,false,10,1,2000,2,2400000,1226,1000,0,0,0,2,1551373,360000,488627,0,9729,0,0,0,0,0,0,entry_margin
crowding_steeper,10,true,false,10,1,5000,10,7500000,2177,1208,0,0,0,10,4516475,500000,2483525,0,28515,0,0,0,0,0,0,
crowding_steeper,10,true,false,10,2,1667,1,1249950,1518,1000,0,0,0,1,581051,200000,468899,0,3919,0,0,0,0,0,0,entry_margin
crowding_steeper,10,true,false,10,2,2000,2,2400000,1226,1000,0,0,0,2,1094591,360000,945409,0,7902,0,0,0,0,0,0,entry_margin
crowding_steeper,10,true,false,10,2,5000,10,7500000,2177,1208,0,0,0,10,4210830,500000,2789170,0,31484,0,0,0,0,0,0,
crowding_steeper,10,true,true,1,0,1667,0,0,0,0,0,0,0,0,0,0,0,0,0,0,0,0,0,0,0,entry_margin
crowding_steeper,10,true,true,1,0,2000,0,0,0,0,0,0,0,0,0,0,0,0,0,0,0,0,0,0,0,entry_margin
crowding_steeper,10,true,true,1,0,5000,1,7500000,3059,1638,0,0,0,1,5200898,200000,2099102,0,27900,0,0,0,0,0,0,
crowding_steeper,10,true,true,1,1,1667,0,0,0,0,0,0,0,0,0,0,0,0,0,0,0,0,0,0,0,entry_margin
crowding_steeper,10,true,true,1,1,2000,0,0,0,0,0,0,0,0,0,0,0,0,0,0,0,0,0,0,0,entry_margin
crowding_steeper,10,true,true,1,1,5000,1,7500000,3059,1638,0,0,0,1,4068375,200000,3231625,0,25393,0,0,0,0,0,0,
crowding_steeper,10,true,true,1,2,1667,0,0,0,0,0,0,0,0,0,0,0,0,0,0,0,0,0,0,0,entry_margin
crowding_steeper,10,true,true,1,2,2000,0,0,0,0,0,0,0,0,0,0,0,0,0,0,0,0,0,0,0,entry_margin
crowding_steeper,10,true,true,1,2,5000,1,7500000,3059,1638,0,0,0,1,4061122,200000,3238878,0,26146,0,0,0,0,0,0,
crowding_steeper,10,true,true,10,0,1667,1,1249950,1457,1000,0,0,0,1,982397,200000,67553,0,5404,0,0,0,0,0,0,entry_margin
crowding_steeper,10,true,true,10,0,2000,1,1200000,1799,1000,0,0,0,1,944444,200000,55556,0,5100,0,0,0,0,0,0,entry_margin
crowding_steeper,10,true,true,10,0,5000,10,7500000,1229,1170,0,0,0,10,5850750,500000,1149250,0,34345,0,0,0,0,0,0,
crowding_steeper,10,true,true,10,1,1667,1,1249950,1457,1000,0,0,0,1,806681,200000,243269,0,4717,0,0,0,0,0,0,entry_margin
crowding_steeper,10,true,true,10,1,2000,1,1200000,1799,1000,0,0,0,1,759475,200000,240525,0,4595,0,0,0,0,0,0,entry_margin
crowding_steeper,10,true,true,10,1,5000,10,7500000,1229,1170,0,0,0,10,4577838,500000,2422162,0,32920,0,0,0,0,0,0,
crowding_steeper,10,true,true,10,2,1667,1,1249950,1457,1000,0,0,0,1,621000,200000,428950,0,4818,0,0,0,0,0,0,entry_margin
crowding_steeper,10,true,true,10,2,2000,1,1200000,1799,1000,0,0,0,1,620991,200000,379009,0,4827,0,0,0,0,0,0,entry_margin
crowding_steeper,10,true,true,10,2,5000,10,7500000,1229,1170,0,0,0,10,3843765,500000,3156235,0,28302,0,0,0,0,0,0,
