tvl,pieces,spending_ratio,outside_depth,path,withdrawal,rates,bands,critical_fraction,cushion_limit,solvent_first,emergency_reward_max,opened,original_debt,partials,flash_full,emergency_full,loss,buyer_profit,emergency_reward,insurance_contribution,owner_value,solvent_full,solvent_reward,solvent_owner,solvent_debt_repaid,loss_fraction,insurance_drawn,remaining_debt,remaining_positions,remaining_owner_ema,eligible_remaining
100000,1,0.15,0,slow,0,0.07/0.12/0.17,0.05/0.15,0.5,,False,0.01,1,7500,6,0,1,580.5234769,0.6430511548,29.99864932,1.95461641,0,0,0,0,0,0.07740313025,200.3909233,0,0,0,0
100000,1,0.15,0,slow,0,0.07/0.12/0.17,0.05/0.15,0.5,0.005,False,0.01,1,7500,6,0,1,580.5234769,0.6430511548,29.99864932,1.95461641,0,0,0,0,0,0.07740313025,200.3909233,0,0,0,0
100000,1,0.15,0,slow,0,0.07/0.12/0.17,0.05/0.15,0.5,0.005,True,0.01,1,7500,6,0,1,580.5234769,0.6430511548,29.99864932,1.95461641,0,0,0,0,0,0.07740313025,200.3909233,0,0,0,0
100000,1,0.15,0,slow,0,0.07/0.12/0.17,0.05/0.15,0.5,0.01,False,0.01,1,7500,6,0,1,580.5234769,0.6430511548,29.99864932,1.95461641,0,0,0,0,0,0.07740313025,200.3909233,0,0,0,0
100000,1,0.15,0,slow,0,0.07/0.12/0.17,0.05/0.15,0.5,0.01,True,0.01,1,7500,6,0,1,580.5234769,0.6430511548,29.99864932,1.95461641,0,0,0,0,0,0.07740313025,200.3909233,0,0,0,0
100000,1,0.15,0,slow,0,0.07/0.12/0.17,0.05/0.15,0.5,0.02,False,0.01,1,7500,6,0,1,580.5234769,0.6430511548,29.99864932,1.95461641,0,0,0,0,0,0.07740313025,200.3909233,0,0,0,0
100000,1,0.15,0,slow,0,0.07/0.12/0.17,0.05/0.15,0.5,0.02,True,0.01,1,7500,6,0,1,580.5234769,0.6430511548,29.99864932,1.95461641,0,0,0,0,0,0.07740313025,200.3909233,0,0,0,0
100000,1,0.15,0,slow,0,0.07/0.12/0.17,0.05/0.15,0.5,0.05,False,0.01,1,7500,6,0,1,580.5234769,0.6430511548,29.99864932,1.95461641,0,0,0,0,0,0.07740313025,200.3909233,0,0,0,0
100000,1,0.15,0,slow,0,0.07/0.12/0.17,0.05/0.15,0.5,0.05,True,0.01,1,7500,6,0,1,580.5234769,0.6430511548,29.99864932,1.95461641,0,0,0,0,0,0.07740313025,200.3909233,0,0,0,0
100000,1,0.15,0,slow,0,0.07/0.12/0.17,0.05/0.15,0.75,,False,0.01,1,7500,2,0,1,449.0783312,0.1277399728,18.96440241,0.3255979416,0,0,0,0,0,0.05987711083,200.0651196,0,0,0,0
100000,1,0.15,0,slow,0,0.07/0.12/0.17,0.05/0.15,0.75,0.005,False,0.01,1,7500,2,0,1,449.0783312,0.1277399728,18.96440241,0.3255979416,0,0,0,0,0,0.05987711083,200.0651196,0,0,0,0
100000,1,0.15,0,slow,0,0.07/0.12/0.17,0.05/0.15,0.75,0.005,True,0.01,1,7500,2,0,1,449.0783312,0.1277399728,18.96440241,0.3255979416,0,0,0,0,0,0.05987711083,200.0651196,0,0,0,0
100000,1,0.15,0,slow,0,0.07/0.12/0.17,0.05/0.15,0.75,0.01,False,0.01,1,7500,2,0,1,449.0783312,0.1277399728,18.96440241,0.3255979416,0,0,0,0,0,0.05987711083,200.0651196,0,0,0,0
100000,1,0.15,0,slow,0,0.07/0.12/0.17,0.05/0.15,0.75,0.01,True,0.01,1,7500,2,0,1,449.0783312,0.1277399728,18.96440241,0.3255979416,0,0,0,0,0,0.05987711083,200.0651196,0,0,0,0
100000,1,0.15,0,slow,0,0.07/0.12/0.17,0.05/0.15,0.75,0.02,False,0.01,1,7500,2,0,1,449.0783312,0.1277399728,18.96440241,0.3255979416,0,0,0,0,0,0.05987711083,200.0651196,0,0,0,0
100000,1,0.15,0,slow,0,0.07/0.12/0.17,0.05/0.15,0.75,0.02,True,0.01,1,7500,2,0,1,449.0783312,0.1277399728,18.96440241,0.3255979416,0,0,0,0,0,0.05987711083,200.0651196,0,0,0,0
100000,1,0.15,0,slow,0,0.07/0.12/0.17,0.05/0.15,0.75,0.05,False,0.01,1,7500,2,0,1,449.0783312,0.1277399728,18.96440241,0.3255979416,0,0,0,0,0,0.05987711083,200.0651196,0,0,0,0
100000,1,0.15,0,slow,0,0.07/0.12/0.17,0.05/0.15,0.75,0.05,True,0.01,1,7500,2,0,1,449.0783312,0.1277399728,18.96440241,0.3255979416,0,0,0,0,0,0.05987711083,200.0651196,0,0,0,0
100000,1,0.15,0,slow,0.25,0.07/0.12/0.17,0.05/0.15,0.5,,False,0.01,1,7500,5,0,1,926.8680378,0.4842479951,30.95830212,1.378755755,0,0,0,0,0,0.123582405,200.2757512,0,0,0,0
100000,1,0.15,0,slow,0.25,0.07/0.12/0.17,0.05/0.15,0.5,0.005,False,0.01,1,7500,5,0,1,926.8680378,0.4842479951,30.95830212,1.378755755,0,0,0,0,0,0.123582405,200.2757512,0,0,0,0
100000,1,0.15,0,slow,0.25,0.07/0.12/0.17,0.05/0.15,0.5,0.005,True,0.01,1,7500,5,0,1,926.8680378,0.4842479951,30.95830212,1.378755755,0,0,0,0,0,0.123582405,200.2757512,0,0,0,0
100000,1,0.15,0,slow,0.25,0.07/0.12/0.17,0.05/0.15,0.5,0.01,False,0.01,1,7500,5,0,1,926.8680378,0.4842479951,30.95830212,1.378755755,0,0,0,0,0,0.123582405,200.2757512,0,0,0,0
100000,1,0.15,0,slow,0.25,0.07/0.12/0.17,0.05/0.15,0.5,0.01,True,0.01,1,7500,5,0,1,926.8680378,0.4842479951,30.95830212,1.378755755,0,0,0,0,0,0.123582405,200.2757512,0,0,0,0
100000,1,0.15,0,slow,0.25,0.07/0.12/0.17,0.05/0.15,0.5,0.02,False,0.01,1,7500,5,0,1,926.8680378,0.4842479951,30.95830212,1.378755755,0,0,0,0,0,0.123582405,200.2757512,0,0,0,0
100000,1,0.15,0,slow,0.25,0.07/0.12/0.17,0.05/0.15,0.5,0.02,True,0.01,1,7500,5,0,1,926.8680378,0.4842479951,30.95830212,1.378755755,0,0,0,0,0,0.123582405,200.2757512,0,0,0,0
100000,1,0.15,0,slow,0.25,0.07/0.12/0.17,0.05/0.15,0.5,0.05,False,0.01,1,7500,5,0,1,926.8680378,0.4842479951,30.95830212,1.378755755,0,0,0,0,0,0.123582405,200.2757512,0,0,0,0
100000,1,0.15,0,slow,0.25,0.07/0.12/0.17,0.05/0.15,0.5,0.05,True,0.01,1,7500,5,0,1,926.8680378,0.4842479951,30.95830212,1.378755755,0,0,0,0,0,0.123582405,200.2757512,0,0,0,0
100000,1,0.15,0,slow,0.25,0.07/0.12/0.17,0.05/0.15,0.75,,False,0.01,1,7500,1,0,1,801.8443172,0.01967815778,18.950137,0.1643232688,0,0,0,0,0,0.1069125756,200.0328647,0,0,0,0
100000,1,0.15,0,slow,0.25,0.07/0.12/0.17,0.05/0.15,0.75,0.005,False,0.01,1,7500,1,0,1,801.8443172,0.01967815778,18.950137,0.1643232688,0,0,0,0,0,0.1069125756,200.0328647,0,0,0,0
100000,1,0.15,0,slow,0.25,0.07/0.12/0.17,0.05/0.15,0.75,0.005,True,0.01,1,7500,1,0,1,801.8443172,0.01967815778,18.950137,0.1643232688,0,0,0,0,0,0.1069125756,200.0328647,0,0,0,0
100000,1,0.15,0,slow,0.25,0.07/0.12/0.17,0.05/0.15,0.75,0.01,False,0.01,1,7500,1,0,1,801.8443172,0.01967815778,18.950137,0.1643232688,0,0,0,0,0,0.1069125756,200.0328647,0,0,0,0
100000,1,0.15,0,slow,0.25,0.07/0.12/0.17,0.05/0.15,0.75,0.01,True,0.01,1,7500,1,0,1,801.8443172,0.01967815778,18.950137,0.1643232688,0,0,0,0,0,0.1069125756,200.0328647,0,0,0,0
100000,1,0.15,0,slow,0.25,0.07/0.12/0.17,0.05/0.15,0.75,0.02,False,0.01,1,7500,1,0,1,801.8443172,0.01967815778,18.950137,0.1643232688,0,0,0,0,0,0.1069125756,200.0328647,0,0,0,0
100000,1,0.15,0,slow,0.25,0.07/0.12/0.17,0.05/0.15,0.75,0.02,True,0.01,1,7500,1,0,1,801.8443172,0.01967815778,18.950137,0.1643232688,0,0,0,0,0,0.1069125756,200.0328647,0,0,0,0
100000,1,0.15,0,slow,0.25,0.07/0.12/0.17,0.05/0.15,0.75,0.05,False,0.01,1,7500,1,0,1,801.8443172,0.01967815778,18.950137,0.1643232688,0,0,0,0,0,0.1069125756,200.0328647,0,0,0,0
100000,1,0.15,0,slow,0.25,0.07/0.12/0.17,0.05/0.15,0.75,0.05,True,0.01,1,7500,1,0,1,801.8443172,0.01967815778,18.950137,0.1643232688,0,0,0,0,0,0.1069125756,200.0328647,0,0,0,0
100000,1,0.15,0,fast,0,0.07/0.12/0.17,0.05/0.15,0.5,,False,0.01,1,7500,0,0,1,2139.65024,0,28.61815295,0,0,0,0,0,0,0.2852866986,200,0,0,0,0
100000,1,0.15,0,fast,0,0.07/0.12/0.17,0.05/0.15,0.5,0.005,False,0.01,1,7500,0,0,1,2139.65024,0,28.61815295,0,0,0,0,0,0,0.2852866986,200,0,0,0,0
100000,1,0.15,0,fast,0,0.07/0.12/0.17,0.05/0.15,0.5,0.005,True,0.01,1,7500,0,0,1,2139.65024,0,28.61815295,0,0,0,0,0,0,0.2852866986,200,0,0,0,0
100000,1,0.15,0,fast,0,0.07/0.12/0.17,0.05/0.15,0.5,0.01,False,0.01,1,7500,0,0,1,2139.65024,0,28.61815295,0,0,0,0,0,0,0.2852866986,200,0,0,0,0
100000,1,0.15,0,fast,0,0.07/0.12/0.17,0.05/0.15,0.5,0.01,True,0.01,1,7500,0,0,1,2139.65024,0,28.61815295,0,0,0,0,0,0,0.2852866986,200,0,0,0,0
100000,1,0.15,0,fast,0,0.07/0.12/0.17,0.05/0.15,0.5,0.02,False,0.01,1,7500,0,0,1,2139.65024,0,28.61815295,0,0,0,0,0,0,0.2852866986,200,0,0,0,0
100000,1,0.15,0,fast,0,0.07/0.12/0.17,0.05/0.15,0.5,0.02,True,0.01,1,7500,0,0,1,2139.65024,0,28.61815295,0,0,0,0,0,0,0.2852866986,200,0,0,0,0
100000,1,0.15,0,fast,0,0.07/0.12/0.17,0.05/0.15,0.5,0.05,False,0.01,1,7500,0,0,1,2139.65024,0,28.61815295,0,0,0,0,0,0,0.2852866986,200,0,0,0,0
100000,1,0.15,0,fast,0,0.07/0.12/0.17,0.05/0.15,0.5,0.05,True,0.01,1,7500,0,0,1,2139.65024,0,28.61815295,0,0,0,0,0,0,0.2852866986,200,0,0,0,0
100000,1,0.15,0,fast,0,0.07/0.12/0.17,0.05/0.15,0.75,,False,0.01,1,7500,0,0,1,1982.217575,0,19.96418932,0,0,0,0,0,0,0.2642956767,200,0,0,0,0
100000,1,0.15,0,fast,0,0.07/0.12/0.17,0.05/0.15,0.75,0.005,False,0.01,1,7500,0,0,1,1982.217575,0,19.96418932,0,0,0,0,0,0,0.2642956767,200,0,0,0,0
100000,1,0.15,0,fast,0,0.07/0.12/0.17,0.05/0.15,0.75,0.005,True,0.01,1,7500,0,0,1,1982.217575,0,19.96418932,0,0,0,0,0,0,0.2642956767,200,0,0,0,0
100000,1,0.15,0,fast,0,0.07/0.12/0.17,0.05/0.15,0.75,0.01,False,0.01,1,7500,0,0,1,1982.217575,0,19.96418932,0,0,0,0,0,0,0.2642956767,200,0,0,0,0
100000,1,0.15,0,fast,0,0.07/0.12/0.17,0.05/0.15,0.75,0.01,True,0.01,1,7500,0,0,1,1982.217575,0,19.96418932,0,0,0,0,0,0,0.2642956767,200,0,0,0,0
100000,1,0.15,0,fast,0,0.07/0.12/0.17,0.05/0.15,0.75,0.02,False,0.01,1,7500,0,0,1,1982.217575,0,19.96418932,0,0,0,0,0,0,0.2642956767,200,0,0,0,0
100000,1,0.15,0,fast,0,0.07/0.12/0.17,0.05/0.15,0.75,0.02,True,0.01,1,7500,0,0,1,1982.217575,0,19.96418932,0,0,0,0,0,0,0.2642956767,200,0,0,0,0
100000,1,0.15,0,fast,0,0.07/0.12/0.17,0.05/0.15,0.75,0.05,False,0.01,1,7500,0,0,1,1982.217575,0,19.96418932,0,0,0,0,0,0,0.2642956767,200,0,0,0,0
100000,1,0.15,0,fast,0,0.07/0.12/0.17,0.05/0.15,0.75,0.05,True,0.01,1,7500,0,0,1,1982.217575,0,19.96418932,0,0,0,0,0,0,0.2642956767,200,0,0,0,0
100000,1,0.15,0,fast,0.25,0.07/0.12/0.17,0.05/0.15,0.5,,False,0.01,1,7500,0,0,1,2374.266149,0,27.31702525,0,0,0,0,0,0,0.3165688199,200,0,0,0,0
100000,1,0.15,0,fast,0.25,0.07/0.12/0.17,0.05/0.15,0.5,0.005,False,0.01,1,7500,0,0,1,2374.266149,0,27.31702525,0,0,0,0,0,0,0.3165688199,200,0,0,0,0
100000,1,0.15,0,fast,0.25,0.07/0.12/0.17,0.05/0.15,0.5,0.005,True,0.01,1,7500,0,0,1,2374.266149,0,27.31702525,0,0,0,0,0,0,0.3165688199,200,0,0,0,0
100000,1,0.15,0,fast,0.25,0.07/0.12/0.17,0.05/0.15,0.5,0.01,False,0.01,1,7500,0,0,1,2374.266149,0,27.31702525,0,0,0,0,0,0,0.3165688199,200,0,0,0,0
100000,1,0.15,0,fast,0.25,0.07/0.12/0.17,0.05/0.15,0.5,0.01,True,0.01,1,7500,0,0,1,2374.266149,0,27.31702525,0,0,0,0,0,0,0.3165688199,200,0,0,0,0
100000,1,0.15,0,fast,0.25,0.07/0.12/0.17,0.05/0.15,0.5,0.02,False,0.01,1,7500,0,0,1,2374.266149,0,27.31702525,0,0,0,0,0,0,0.3165688199,200,0,0,0,0
100000,1,0.15,0,fast,0.25,0.07/0.12/0.17,0.05/0.15,0.5,0.02,True,0.01,1,7500,0,0,1,2374.266149,0,27.31702525,0,0,0,0,0,0,0.3165688199,200,0,0,0,0
100000,1,0.15,0,fast,0.25,0.07/0.12/0.17,0.05/0.15,0.5,0.05,False,0.01,1,7500,0,0,1,2374.266149,0,27.31702525,0,0,0,0,0,0,0.3165688199,200,0,0,0,0
100000,1,0.15,0,fast,0.25,0.07/0.12/0.17,0.05/0.15,0.5,0.05,True,0.01,1,7500,0,0,1,2374.266149,0,27.31702525,0,0,0,0,0,0,0.3165688199,200,0,0,0,0
100000,1,0.15,0,fast,0.25,0.07/0.12/0.17,0.05/0.15,0.75,,False,0.01,1,7500,0,0,1,2227.018272,0,19.04515069,0,0,0,0,0,0,0.2969357696,200,0,0,0,0
100000,1,0.15,0,fast,0.25,0.07/0.12/0.17,0.05/0.15,0.75,0.005,False,0.01,1,7500,0,0,1,2227.018272,0,19.04515069,0,0,0,0,0,0,0.2969357696,200,0,0,0,0
100000,1,0.15,0,fast,0.25,0.07/0.12/0.17,0.05/0.15,0.75,0.005,True,0.01,1,7500,0,0,1,2227.018272,0,19.04515069,0,0,0,0,0,0,0.2969357696,200,0,0,0,0
100000,1,0.15,0,fast,0.25,0.07/0.12/0.17,0.05/0.15,0.75,0.01,False,0.01,1,7500,0,0,1,2227.018272,0,19.04515069,0,0,0,0,0,0,0.2969357696,200,0,0,0,0
100000,1,0.15,0,fast,0.25,0.07/0.12/0.17,0.05/0.15,0.75,0.01,True,0.01,1,7500,0,0,1,2227.018272,0,19.04515069,0,0,0,0,0,0,0.2969357696,200,0,0,0,0
100000,1,0.15,0,fast,0.25,0.07/0.12/0.17,0.05/0.15,0.75,0.02,False,0.01,1,7500,0,0,1,2227.018272,0,19.04515069,0,0,0,0,0,0,0.2969357696,200,0,0,0,0
100000,1,0.15,0,fast,0.25,0.07/0.12/0.17,0.05/0.15,0.75,0.02,True,0.01,1,7500,0,0,1,2227.018272,0,19.04515069,0,0,0,0,0,0,0.2969357696,200,0,0,0,0
100000,1,0.15,0,fast,0.25,0.07/0.12/0.17,0.05/0.15,0.75,0.05,False,0.01,1,7500,0,0,1,2227.018272,0,19.04515069,0,0,0,0,0,0,0.2969357696,200,0,0,0,0
100000,1,0.15,0,fast,0.25,0.07/0.12/0.17,0.05/0.15,0.75,0.05,True,0.01,1,7500,0,0,1,2227.018272,0,19.04515069,0,0,0,0,0,0,0.2969357696,200,0,0,0,0
100000,1,0.15,0,gap_flat,0,0.07/0.12/0.17,0.05/0.15,0.5,,False,0.01,1,7500,0,0,1,1936.750166,0,30.96680425,0,0,0,0,0,0,0.2582333554,200,0,0,0,0
100000,1,0.15,0,gap_flat,0,0.07/0.12/0.17,0.05/0.15,0.5,0.005,False,0.01,1,7500,0,0,1,1936.750166,0,30.96680425,0,0,0,0,0,0,0.2582333554,200,0,0,0,0
100000,1,0.15,0,gap_flat,0,0.07/0.12/0.17,0.05/0.15,0.5,0.005,True,0.01,1,7500,0,0,1,1936.750166,0,30.96680425,0,0,0,0,0,0,0.2582333554,200,0,0,0,0
100000,1,0.15,0,gap_flat,0,0.07/0.12/0.17,0.05/0.15,0.5,0.01,False,0.01,1,7500,0,0,1,1936.750166,0,30.96680425,0,0,0,0,0,0,0.2582333554,200,0,0,0,0
100000,1,0.15,0,gap_flat,0,0.07/0.12/0.17,0.05/0.15,0.5,0.01,True,0.01,1,7500,0,0,1,1936.750166,0,30.96680425,0,0,0,0,0,0,0.2582333554,200,0,0,0,0
100000,1,0.15,0,gap_flat,0,0.07/0.12/0.17,0.05/0.15,0.5,0.02,False,0.01,1,7500,0,0,1,1936.750166,0,30.96680425,0,0,0,0,0,0,0.2582333554,200,0,0,0,0
100000,1,0.15,0,gap_flat,0,0.07/0.12/0.17,0.05/0.15,0.5,0.02,True,0.01,1,7500,0,0,1,1936.750166,0,30.96680425,0,0,0,0,0,0,0.2582333554,200,0,0,0,0
100000,1,0.15,0,gap_flat,0,0.07/0.12/0.17,0.05/0.15,0.5,0.05,False,0.01,1,7500,0,0,1,1936.750166,0,30.96680425,0,0,0,0,0,0,0.2582333554,200,0,0,0,0
100000,1,0.15,0,gap_flat,0,0.07/0.12/0.17,0.05/0.15,0.5,0.05,True,0.01,1,7500,0,0,1,1936.750166,0,30.96680425,0,0,0,0,0,0,0.2582333554,200,0,0,0,0
100000,1,0.15,0,gap_flat,0,0.07/0.12/0.17,0.05/0.15,0.75,,False,0.01,1,7500,0,0,1,1927.643719,0,21.86035747,0,0,0,0,0,0,0.2570191625,200,0,0,0,0
100000,1,0.15,0,gap_flat,0,0.07/0.12/0.17,0.05/0.15,0.75,0.005,False,0.01,1,7500,0,0,1,1927.643719,0,21.86035747,0,0,0,0,0,0,0.2570191625,200,0,0,0,0
100000,1,0.15,0,gap_flat,0,0.07/0.12/0.17,0.05/0.15,0.75,0.005,True,0.01,1,7500,0,0,1,1927.643719,0,21.86035747,0,0,0,0,0,0,0.2570191625,200,0,0,0,0
100000,1,0.15,0,gap_flat,0,0.07/0.12/0.17,0.05/0.15,0.75,0.01,False,0.01,1,7500,0,0,1,1927.643719,0,21.86035747,0,0,0,0,0,0,0.2570191625,200,0,0,0,0
100000,1,0.15,0,gap_flat,0,0.07/0.12/0.17,0.05/0.15,0.75,0.01,True,0.01,1,7500,0,0,1,1927.643719,0,21.86035747,0,0,0,0,0,0,0.2570191625,200,0,0,0,0
100000,1,0.15,0,gap_flat,0,0.07/0.12/0.17,0.05/0.15,0.75,0.02,False,0.01,1,7500,0,0,1,1927.643719,0,21.86035747,0,0,0,0,0,0,0.2570191625,200,0,0,0,0
100000,1,0.15,0,gap_flat,0,0.07/0.12/0.17,0.05/0.15,0.75,0.02,True,0.01,1,7500,0,0,1,1927.643719,0,21.86035747,0,0,0,0,0,0,0.2570191625,200,0,0,0,0
100000,1,0.15,0,gap_flat,0,0.07/0.12/0.17,0.05/0.15,0.75,0.05,False,0.01,1,7500,0,0,1,1927.643719,0,21.86035747,0,0,0,0,0,0,0.2570191625,200,0,0,0,0
100000,1,0.15,0,gap_flat,0,0.07/0.12/0.17,0.05/0.15,0.75,0.05,True,0.01,1,7500,0,0,1,1927.643719,0,21.86035747,0,0,0,0,0,0,0.2570191625,200,0,0,0,0
100000,1,0.15,0,gap_flat,0.25,0.07/0.12/0.17,0.05/0.15,0.5,,False,0.01,1,7500,0,0,1,2184.78881,0,29.53465688,0,0,0,0,0,0,0.2913051747,200,0,0,0,0
100000,1,0.15,0,gap_flat,0.25,0.07/0.12/0.17,0.05/0.15,0.5,0.005,False,0.01,1,7500,0,0,1,2184.78881,0,29.53465688,0,0,0,0,0,0,0.2913051747,200,0,0,0,0
100000,1,0.15,0,gap_flat,0.25,0.07/0.12/0.17,0.05/0.15,0.5,0.005,True,0.01,1,7500,0,0,1,2184.78881,0,29.53465688,0,0,0,0,0,0,0.2913051747,200,0,0,0,0
100000,1,0.15,0,gap_flat,0.25,0.07/0.12/0.17,0.05/0.15,0.5,0.01,False,0.01,1,7500,0,0,1,2184.78881,0,29.53465688,0,0,0,0,0,0,0.2913051747,200,0,0,0,0
100000,1,0.15,0,gap_flat,0.25,0.07/0.12/0.17,0.05/0.15,0.5,0.01,True,0.01,1,7500,0,0,1,2184.78881,0,29.53465688,0,0,0,0,0,0,0.2913051747,200,0,0,0,0
100000,1,0.15,0,gap_flat,0.25,0.07/0.12/0.17,0.05/0.15,0.5,0.02,False,0.01,1,7500,0,0,1,2184.78881,0,29.53465688,0,0,0,0,0,0,0.2913051747,200,0,0,0,0
100000,1,0.15,0,gap_flat,0.25,0.07/0.12/0.17,0.05/0.15,0.5,0.02,True,0.01,1,7500,0,0,1,2184.78881,0,29.53465688,0,0,0,0,0,0,0.2913051747,200,0,0,0,0
100000,1,0.15,0,gap_flat,0.25,0.07/0.12/0.17,0.05/0.15,0.5,0.05,False,0.01,1,7500,0,0,1,2184.78881,0,29.53465688,0,0,0,0,0,0,0.2913051747,200,0,0,0,0
100000,1,0.15,0,gap_flat,0.25,0.07/0.12/0.17,0.05/0.15,0.5,0.05,True,0.01,1,7500,0,0,1,2184.78881,0,29.53465688,0,0,0,0,0,0,0.2913051747,200,0,0,0,0
100000,1,0.15,0,gap_flat,0.25,0.07/0.12/0.17,0.05/0.15,0.75,,False,0.01,1,7500,0,0,1,2176.103517,0,20.84936346,0,0,0,0,0,0,0.2901471356,200,0,0,0,0
100000,1,0.15,0,gap_flat,0.25,0.07/0.12/0.17,0.05/0.15,0.75,0.005,False,0.01,1,7500,0,0,1,2176.103517,0,20.84936346,0,0,0,0,0,0,0.2901471356,200,0,0,0,0
100000,1,0.15,0,gap_flat,0.25,0.07/0.12/0.17,0.05/0.15,0.75,0.005,True,0.01,1,7500,0,0,1,2176.103517,0,20.84936346,0,0,0,0,0,0,0.2901471356,200,0,0,0,0
100000,1,0.15,0,gap_flat,0.25,0.07/0.12/0.17,0.05/0.15,0.75,0.01,False,0.01,1,7500,0,0,1,2176.103517,0,20.84936346,0,0,0,0,0,0,0.2901471356,200,0,0,0,0
100000,1,0.15,0,gap_flat,0.25,0.07/0.12/0.17,0.05/0.15,0.75,0.01,True,0.01,1,7500,0,0,1,2176.103517,0,20.84936346,0,0,0,0,0,0,0.2901471356,200,0,0,0,0
100000,1,0.15,0,gap_flat,0.25,0.07/0.12/0.17,0.05/0.15,0.75,0.02,False,0.01,1,7500,0,0,1,2176.103517,0,20.84936346,0,0,0,0,0,0,0.2901471356,200,0,0,0,0
100000,1,0.15,0,gap_flat,0.25,0.07/0.12/0.17,0.05/0.15,0.75,0.02,True,0.01,1,7500,0,0,1,2176.103517,0,20.84936346,0,0,0,0,0,0,0.2901471356,200,0,0,0,0
100000,1,0.15,0,gap_flat,0.25,0.07/0.12/0.17,0.05/0.15,0.75,0.05,False,0.01,1,7500,0,0,1,2176.103517,0,20.84936346,0,0,0,0,0,0,0.2901471356,200,0,0,0,0
100000,1,0.15,0,gap_flat,0.25,0.07/0.12/0.17,0.05/0.15,0.75,0.05,True,0.01,1,7500,0,0,1,2176.103517,0,20.84936346,0,0,0,0,0,0,0.2901471356,200,0,0,0,0
100000,1,0.15,1,slow,0,0.07/0.12/0.17,0.05/0.15,0.5,,False,0.01,1,7500,43,0,0,0,3.802255437,0,14.73037782,0,0,0,0,0,0,0,149.5414678,1,14.88775151,0
100000,1,0.15,1,slow,0,0.07/0.12/0.17,0.05/0.15,0.5,0.005,False,0.01,1,7500,16,0,0,0,3.008909404,0,13.17575911,0,1,2.308121675,0,3316.603824,0,0,0,0,0,0
100000,1,0.15,1,slow,0,0.07/0.12/0.17,0.05/0.15,0.5,0.005,True,0.01,1,7500,16,0,0,0,3.008909404,0,13.17575911,0,1,2.308121675,0,3316.603824,0,0,0,0,0,0
100000,1,0.15,1,slow,0,0.07/0.12/0.17,0.05/0.15,0.5,0.01,False,0.01,1,7500,16,0,0,0,3.008909404,0,13.17575911,0,1,2.308121675,0,3316.603824,0,0,0,0,0,0
100000,1,0.15,1,slow,0,0.07/0.12/0.17,0.05/0.15,0.5,0.01,True,0.01,1,7500,16,0,0,0,3.008909404,0,13.17575911,0,1,2.308121675,0,3316.603824,0,0,0,0,0,0
100000,1,0.15,1,slow,0,0.07/0.12/0.17,0.05/0.15,0.5,0.02,False,0.01,1,7500,16,0,0,0,3.008909404,0,13.17575911,0,1,2.308121675,0,3316.603824,0,0,0,0,0,0
100000,1,0.15,1,slow,0,0.07/0.12/0.17,0.05/0.15,0.5,0.02,True,0.01,1,7500,16,0,0,0,3.008909404,0,13.17575911,0,1,2.308121675,0,3316.603824,0,0,0,0,0,0
100000,1,0.15,1,slow,0,0.07/0.12/0.17,0.05/0.15,0.5,0.05,False,0.01,1,7500,16,0,0,0,3.008909404,0,13.17575911,0,1,2.308121675,0,3316.603824,0,0,0,0,0,0
100000,1,0.15,1,slow,0,0.07/0.12/0.17,0.05/0.15,0.5,0.05,True,0.01,1,7500,16,0,0,0,3.008909404,0,13.17575911,0,1,2.308121675,0,3316.603824,0,0,0,0,0,0
100000,1,0.15,1,slow,0,0.07/0.12/0.17,0.05/0.15,0.75,,False,0.01,1,7500,3,0,1,353.7382656,0.3092345761,16.95680798,0.8062398937,0,0,0,0,0,0.04716510208,200.161248,0,0,0,0
100000,1,0.15,1,slow,0,0.07/0.12/0.17,0.05/0.15,0.75,0.005,False,0.01,1,7500,3,0,1,353.7382656,0.3092345761,16.95680798,0.8062398937,0,0,0,0,0,0.04716510208,200.161248,0,0,0,0
100000,1,0.15,1,slow,0,0.07/0.12/0.17,0.05/0.15,0.75,0.005,True,0.01,1,7500,3,0,1,353.7382656,0.3092345761,16.95680798,0.8062398937,0,0,0,0,0,0.04716510208,200.161248,0,0,0,0
100000,1,0.15,1,slow,0,0.07/0.12/0.17,0.05/0.15,0.75,0.01,False,0.01,1,7500,3,0,1,353.7382656,0.3092345761,16.95680798,0.8062398937,0,0,0,0,0,0.04716510208,200.161248,0,0,0,0
100000,1,0.15,1,slow,0,0.07/0.12/0.17,0.05/0.15,0.75,0.01,True,0.01,1,7500,3,0,1,353.7382656,0.3092345761,16.95680798,0.8062398937,0,0,0,0,0,0.04716510208,200.161248,0,0,0,0
100000,1,0.15,1,slow,0,0.07/0.12/0.17,0.05/0.15,0.75,0.02,False,0.01,1,7500,3,0,1,353.7382656,0.3092345761,16.95680798,0.8062398937,0,0,0,0,0,0.04716510208,200.161248,0,0,0,0
100000,1,0.15,1,slow,0,0.07/0.12/0.17,0.05/0.15,0.75,0.02,True,0.01,1,7500,3,0,1,353.7382656,0.3092345761,16.95680798,0.8062398937,0,0,0,0,0,0.04716510208,200.161248,0,0,0,0
100000,1,0.15,1,slow,0,0.07/0.12/0.17,0.05/0.15,0.75,0.05,False,0.01,1,7500,3,0,1,353.7382656,0.3092345761,16.95680798,0.8062398937,0,0,0,0,0,0.04716510208,200.161248,0,0,0,0
100000,1,0.15,1,slow,0,0.07/0.12/0.17,0.05/0.15,0.75,0.05,True,0.01,1,7500,3,0,1,353.7382656,0.3092345761,16.95680798,0.8062398937,0,0,0,0,0,0.04716510208,200.161248,0,0,0,0
100000,1,0.15,1,slow,0.25,0.07/0.12/0.17,0.05/0.15,0.5,,False,0.01,1,7500,42,0,0,0,3.618888829,0,14.52141804,0,0,0,0,0,0,0,253.8123999,1,19.73652069,0
100000,1,0.15,1,slow,0.25,0.07/0.12/0.17,0.05/0.15,0.5,0.005,False,0.01,1,7500,20,0,0,0,3.131330061,0,13.2840924,0,1,0.2017233129,0,2522.384873,0,0,0,0,0,0
100000,1,0.15,1,slow,0.25,0.07/0.12/0.17,0.05/0.15,0.5,0.005,True,0.01,1,7500,20,0,0,0,3.131330061,0,13.2840924,0,1,0.2017233129,0,2522.384873,0,0,0,0,0,0
100000,1,0.15,1,slow,0.25,0.07/0.12/0.17,0.05/0.15,0.5,0.01,False,0.01,1,7500,20,0,0,0,3.131330061,0,13.2840924,0,1,0.2017233129,0,2522.384873,0,0,0,0,0,0
100000,1,0.15,1,slow,0.25,0.07/0.12/0.17,0.05/0.15,0.5,0.01,True,0.01,1,7500,20,0,0,0,3.131330061,0,13.2840924,0,1,0.2017233129,0,2522.384873,0,0,0,0,0,0
100000,1,0.15,1,slow,0.25,0.07/0.12/0.17,0.05/0.15,0.5,0.02,False,0.01,1,7500,20,0,0,0,3.131330061,0,13.2840924,0,1,0.2017233129,0,2522.384873,0,0,0,0,0,0
100000,1,0.15,1,slow,0.25,0.07/0.12/0.17,0.05/0.15,0.5,0.02,True,0.01,1,7500,20,0,0,0,3.131330061,0,13.2840924,0,1,0.2017233129,0,2522.384873,0,0,0,0,0,0
100000,1,0.15,1,slow,0.25,0.07/0.12/0.17,0.05/0.15,0.5,0.05,False,0.01,1,7500,20,0,0,0,3.131330061,0,13.2840924,0,1,0.2017233129,0,2522.384873,0,0,0,0,0,0
100000,1,0.15,1,slow,0.25,0.07/0.12/0.17,0.05/0.15,0.5,0.05,True,0.01,1,7500,20,0,0,0,3.131330061,0,13.2840924,0,1,0.2017233129,0,2522.384873,0,0,0,0,0,0
100000,1,0.15,1,slow,0.25,0.07/0.12/0.17,0.05/0.15,0.75,,False,0.01,1,7500,3,0,1,710.9962447,0.2022133856,15.94971087,0.6462465751,0,0,0,0,0,0.0947994993,200.1292493,0,0,0,0
100000,1,0.15,1,slow,0.25,0.07/0.12/0.17,0.05/0.15,0.75,0.005,False,0.01,1,7500,3,0,1,710.9962447,0.2022133856,15.94971087,0.6462465751,0,0,0,0,0,0.0947994993,200.1292493,0,0,0,0
100000,1,0.15,1,slow,0.25,0.07/0.12/0.17,0.05/0.15,0.75,0.005,True,0.01,1,7500,3,0,1,710.9962447,0.2022133856,15.94971087,0.6462465751,0,0,0,0,0,0.0947994993,200.1292493,0,0,0,0
100000,1,0.15,1,slow,0.25,0.07/0.12/0.17,0.05/0.15,0.75,0.01,False,0.01,1,7500,3,0,1,710.9962447,0.2022133856,15.94971087,0.6462465751,0,0,0,0,0,0.0947994993,200.1292493,0,0,0,0
100000,1,0.15,1,slow,0.25,0.07/0.12/0.17,0.05/0.15,0.75,0.01,True,0.01,1,7500,3,0,1,710.9962447,0.2022133856,15.94971087,0.6462465751,0,0,0,0,0,0.0947994993,200.1292493,0,0,0,0
100000,1,0.15,1,slow,0.25,0.07/0.12/0.17,0.05/0.15,0.75,0.02,False,0.01,1,7500,3,0,1,710.9962447,0.2022133856,15.94971087,0.6462465751,0,0,0,0,0,0.0947994993,200.1292493,0,0,0,0
100000,1,0.15,1,slow,0.25,0.07/0.12/0.17,0.05/0.15,0.75,0.02,True,0.01,1,7500,3,0,1,710.9962447,0.2022133856,15.94971087,0.6462465751,0,0,0,0,0,0.0947994993,200.1292493,0,0,0,0
100000,1,0.15,1,slow,0.25,0.07/0.12/0.17,0.05/0.15,0.75,0.05,False,0.01,1,7500,3,0,1,710.9962447,0.2022133856,15.94971087,0.6462465751,0,0,0,0,0,0.0947994993,200.1292493,0,0,0,0
100000,1,0.15,1,slow,0.25,0.07/0.12/0.17,0.05/0.15,0.75,0.05,True,0.01,1,7500,3,0,1,710.9962447,0.2022133856,15.94971087,0.6462465751,0,0,0,0,0,0.0947994993,200.1292493,0,0,0,0
100000,1,0.15,1,fast,0,0.07/0.12/0.17,0.05/0.15,0.5,,False,0.01,1,7500,0,0,1,2139.65024,0,28.61815295,0,0,0,0,0,0,0.2852866986,200,0,0,0,0
100000,1,0.15,1,fast,0,0.07/0.12/0.17,0.05/0.15,0.5,0.005,False,0.01,1,7500,0,0,1,2139.65024,0,28.61815295,0,0,0,0,0,0,0.2852866986,200,0,0,0,0
100000,1,0.15,1,fast,0,0.07/0.12/0.17,0.05/0.15,0.5,0.005,True,0.01,1,7500,0,0,1,2139.65024,0,28.61815295,0,0,0,0,0,0,0.2852866986,200,0,0,0,0
100000,1,0.15,1,fast,0,0.07/0.12/0.17,0.05/0.15,0.5,0.01,False,0.01,1,7500,0,0,1,2139.65024,0,28.61815295,0,0,0,0,0,0,0.2852866986,200,0,0,0,0
100000,1,0.15,1,fast,0,0.07/0.12/0.17,0.05/0.15,0.5,0.01,True,0.01,1,7500,0,0,1,2139.65024,0,28.61815295,0,0,0,0,0,0,0.2852866986,200,0,0,0,0
100000,1,0.15,1,fast,0,0.07/0.12/0.17,0.05/0.15,0.5,0.02,False,0.01,1,7500,0,0,1,2139.65024,0,28.61815295,0,0,0,0,0,0,0.2852866986,200,0,0,0,0
100000,1,0.15,1,fast,0,0.07/0.12/0.17,0.05/0.15,0.5,0.02,True,0.01,1,7500,0,0,1,2139.65024,0,28.61815295,0,0,0,0,0,0,0.2852866986,200,0,0,0,0
100000,1,0.15,1,fast,0,0.07/0.12/0.17,0.05/0.15,0.5,0.05,False,0.01,1,7500,0,0,1,2139.65024,0,28.61815295,0,0,0,0,0,0,0.2852866986,200,0,0,0,0
100000,1,0.15,1,fast,0,0.07/0.12/0.17,0.05/0.15,0.5,0.05,True,0.01,1,7500,0,0,1,2139.65024,0,28.61815295,0,0,0,0,0,0,0.2852866986,200,0,0,0,0
100000,1,0.15,1,fast,0,0.07/0.12/0.17,0.05/0.15,0.75,,False,0.01,1,7500,0,0,1,1982.217575,0,19.96418932,0,0,0,0,0,0,0.2642956767,200,0,0,0,0
100000,1,0.15,1,fast,0,0.07/0.12/0.17,0.05/0.15,0.75,0.005,False,0.01,1,7500,0,0,1,1982.217575,0,19.96418932,0,0,0,0,0,0,0.2642956767,200,0,0,0,0
100000,1,0.15,1,fast,0,0.07/0.12/0.17,0.05/0.15,0.75,0.005,True,0.01,1,7500,0,0,1,1982.217575,0,19.96418932,0,0,0,0,0,0,0.2642956767,200,0,0,0,0
100000,1,0.15,1,fast,0,0.07/0.12/0.17,0.05/0.15,0.75,0.01,False,0.01,1,7500,0,0,1,1982.217575,0,19.96418932,0,0,0,0,0,0,0.2642956767,200,0,0,0,0
100000,1,0.15,1,fast,0,0.07/0.12/0.17,0.05/0.15,0.75,0.01,True,0.01,1,7500,0,0,1,1982.217575,0,19.96418932,0,0,0,0,0,0,0.2642956767,200,0,0,0,0
100000,1,0.15,1,fast,0,0.07/0.12/0.17,0.05/0.15,0.75,0.02,False,0.01,1,7500,0,0,1,1982.217575,0,19.96418932,0,0,0,0,0,0,0.2642956767,200,0,0,0,0
100000,1,0.15,1,fast,0,0.07/0.12/0.17,0.05/0.15,0.75,0.02,True,0.01,1,7500,0,0,1,1982.217575,0,19.96418932,0,0,0,0,0,0,0.2642956767,200,0,0,0,0
100000,1,0.15,1,fast,0,0.07/0.12/0.17,0.05/0.15,0.75,0.05,False,0.01,1,7500,0,0,1,1982.217575,0,19.96418932,0,0,0,0,0,0,0.2642956767,200,0,0,0,0
100000,1,0.15,1,fast,0,0.07/0.12/0.17,0.05/0.15,0.75,0.05,True,0.01,1,7500,0,0,1,1982.217575,0,19.96418932,0,0,0,0,0,0,0.2642956767,200,0,0,0,0
100000,1,0.15,1,fast,0.25,0.07/0.12/0.17,0.05/0.15,0.5,,False,0.01,1,7500,0,0,1,2374.266149,0,27.31702525,0,0,0,0,0,0,0.3165688199,200,0,0,0,0
100000,1,0.15,1,fast,0.25,0.07/0.12/0.17,0.05/0.15,0.5,0.005,False,0.01,1,7500,0,0,1,2374.266149,0,27.31702525,0,0,0,0,0,0,0.3165688199,200,0,0,0,0
100000,1,0.15,1,fast,0.25,0.07/0.12/0.17,0.05/0.15,0.5,0.005,True,0.01,1,7500,0,0,1,2374.266149,0,27.31702525,0,0,0,0,0,0,0.3165688199,200,0,0,0,0
100000,1,0.15,1,fast,0.25,0.07/0.12/0.17,0.05/0.15,0.5,0.01,False,0.01,1,7500,0,0,1,2374.266149,0,27.31702525,0,0,0,0,0,0,0.3165688199,200,0,0,0,0
100000,1,0.15,1,fast,0.25,0.07/0.12/0.17,0.05/0.15,0.5,0.01,True,0.01,1,7500,0,0,1,2374.266149,0,27.31702525,0,0,0,0,0,0,0.3165688199,200,0,0,0,0
100000,1,0.15,1,fast,0.25,0.07/0.12/0.17,0.05/0.15,0.5,0.02,False,0.01,1,7500,0,0,1,2374.266149,0,27.31702525,0,0,0,0,0,0,0.3165688199,200,0,0,0,0
100000,1,0.15,1,fast,0.25,0.07/0.12/0.17,0.05/0.15,0.5,0.02,True,0.01,1,7500,0,0,1,2374.266149,0,27.31702525,0,0,0,0,0,0,0.3165688199,200,0,0,0,0
100000,1,0.15,1,fast,0.25,0.07/0.12/0.17,0.05/0.15,0.5,0.05,False,0.01,1,7500,0,0,1,2374.266149,0,27.31702525,0,0,0,0,0,0,0.3165688199,200,0,0,0,0
100000,1,0.15,1,fast,0.25,0.07/0.12/0.17,0.05/0.15,0.5,0.05,True,0.01,1,7500,0,0,1,2374.266149,0,27.31702525,0,0,0,0,0,0,0.3165688199,200,0,0,0,0
100000,1,0.15,1,fast,0.25,0.07/0.12/0.17,0.05/0.15,0.75,,False,0.01,1,7500,0,0,1,2227.018272,0,19.04515069,0,0,0,0,0,0,0.2969357696,200,0,0,0,0
100000,1,0.15,1,fast,0.25,0.07/0.12/0.17,0.05/0.15,0.75,0.005,False,0.01,1,7500,0,0,1,2227.018272,0,19.04515069,0,0,0,0,0,0,0.2969357696,200,0,0,0,0
100000,1,0.15,1,fast,0.25,0.07/0.12/0.17,0.05/0.15,0.75,0.005,True,0.01,1,7500,0,0,1,2227.018272,0,19.04515069,0,0,0,0,0,0,0.2969357696,200,0,0,0,0
100000,1,0.15,1,fast,0.25,0.07/0.12/0.17,0.05/0.15,0.75,0.01,False,0.01,1,7500,0,0,1,2227.018272,0,19.04515069,0,0,0,0,0,0,0.2969357696,200,0,0,0,0
100000,1,0.15,1,fast,0.25,0.07/0.12/0.17,0.05/0.15,0.75,0.01,True,0.01,1,7500,0,0,1,2227.018272,0,19.04515069,0,0,0,0,0,0,0.2969357696,200,0,0,0,0
100000,1,0.15,1,fast,0.25,0.07/0.12/0.17,0.05/0.15,0.75,0.02,False,0.01,1,7500,0,0,1,2227.018272,0,19.04515069,0,0,0,0,0,0,0.2969357696,200,0,0,0,0
100000,1,0.15,1,fast,0.25,0.07/0.12/0.17,0.05/0.15,0.75,0.02,True,0.01,1,7500,0,0,1,2227.018272,0,19.04515069,0,0,0,0,0,0,0.2969357696,200,0,0,0,0
100000,1,0.15,1,fast,0.25,0.07/0.12/0.17,0.05/0.15,0.75,0.05,False,0.01,1,7500,0,0,1,2227.018272,0,19.04515069,0,0,0,0,0,0,0.2969357696,200,0,0,0,0
100000,1,0.15,1,fast,0.25,0.07/0.12/0.17,0.05/0.15,0.75,0.05,True,0.01,1,7500,0,0,1,2227.018272,0,19.04515069,0,0,0,0,0,0,0.2969357696,200,0,0,0,0
100000,1,0.15,1,gap_flat,0,0.07/0.12/0.17,0.05/0.15,0.5,,False,0.01,1,7500,0,0,1,1936.750166,0,30.96680425,0,0,0,0,0,0,0.2582333554,200,0,0,0,0
100000,1,0.15,1,gap_flat,0,0.07/0.12/0.17,0.05/0.15,0.5,0.005,False,0.01,1,7500,0,0,1,1936.750166,0,30.96680425,0,0,0,0,0,0,0.2582333554,200,0,0,0,0
100000,1,0.15,1,gap_flat,0,0.07/0.12/0.17,0.05/0.15,0.5,0.005,True,0.01,1,7500,0,0,1,1936.750166,0,30.96680425,0,0,0,0,0,0,0.2582333554,200,0,0,0,0
100000,1,0.15,1,gap_flat,0,0.07/0.12/0.17,0.05/0.15,0.5,0.01,False,0.01,1,7500,0,0,1,1936.750166,0,30.96680425,0,0,0,0,0,0,0.2582333554,200,0,0,0,0
100000,1,0.15,1,gap_flat,0,0.07/0.12/0.17,0.05/0.15,0.5,0.01,True,0.01,1,7500,0,0,1,1936.750166,0,30.96680425,0,0,0,0,0,0,0.2582333554,200,0,0,0,0
100000,1,0.15,1,gap_flat,0,0.07/0.12/0.17,0.05/0.15,0.5,0.02,False,0.01,1,7500,0,0,1,1936.750166,0,30.96680425,0,0,0,0,0,0,0.2582333554,200,0,0,0,0
100000,1,0.15,1,gap_flat,0,0.07/0.12/0.17,0.05/0.15,0.5,0.02,True,0.01,1,7500,0,0,1,1936.750166,0,30.96680425,0,0,0,0,0,0,0.2582333554,200,0,0,0,0
100000,1,0.15,1,gap_flat,0,0.07/0.12/0.17,0.05/0.15,0.5,0.05,False,0.01,1,7500,0,0,1,1936.750166,0,30.96680425,0,0,0,0,0,0,0.2582333554,200,0,0,0,0
100000,1,0.15,1,gap_flat,0,0.07/0.12/0.17,0.05/0.15,0.5,0.05,True,0.01,1,7500,0,0,1,1936.750166,0,30.96680425,0,0,0,0,0,0,0.2582333554,200,0,0,0,0
100000,1,0.15,1,gap_flat,0,0.07/0.12/0.17,0.05/0.15,0.75,,False,0.01,1,7500,0,0,1,1927.643719,0,21.86035747,0,0,0,0,0,0,0.2570191625,200,0,0,0,0
100000,1,0.15,1,gap_flat,0,0.07/0.12/0.17,0.05/0.15,0.75,0.005,False,0.01,1,7500,0,0,1,1927.643719,0,21.86035747,0,0,0,0,0,0,0.2570191625,200,0,0,0,0
100000,1,0.15,1,gap_flat,0,0.07/0.12/0.17,0.05/0.15,0.75,0.005,True,0.01,1,7500,0,0,1,1927.643719,0,21.86035747,0,0,0,0,0,0,0.2570191625,200,0,0,0,0
100000,1,0.15,1,gap_flat,0,0.07/0.12/0.17,0.05/0.15,0.75,0.01,False,0.01,1,7500,0,0,1,1927.643719,0,21.86035747,0,0,0,0,0,0,0.2570191625,200,0,0,0,0
100000,1,0.15,1,gap_flat,0,0.07/0.12/0.17,0.05/0.15,0.75,0.01,True,0.01,1,7500,0,0,1,1927.643719,0,21.86035747,0,0,0,0,0,0,0.2570191625,200,0,0,0,0
100000,1,0.15,1,gap_flat,0,0.07/0.12/0.17,0.05/0.15,0.75,0.02,False,0.01,1,7500,0,0,1,1927.643719,0,21.86035747,0,0,0,0,0,0,0.2570191625,200,0,0,0,0
100000,1,0.15,1,gap_flat,0,0.07/0.12/0.17,0.05/0.15,0.75,0.02,True,0.01,1,7500,0,0,1,1927.643719,0,21.86035747,0,0,0,0,0,0,0.2570191625,200,0,0,0,0
100000,1,0.15,1,gap_flat,0,0.07/0.12/0.17,0.05/0.15,0.75,0.05,False,0.01,1,7500,0,0,1,1927.643719,0,21.86035747,0,0,0,0,0,0,0.2570191625,200,0,0,0,0
100000,1,0.15,1,gap_flat,0,0.07/0.12/0.17,0.05/0.15,0.75,0.05,True,0.01,1,7500,0,0,1,1927.643719,0,21.86035747,0,0,0,0,0,0,0.2570191625,200,0,0,0,0
100000,1,0.15,1,gap_flat,0.25,0.07/0.12/0.17,0.05/0.15,0.5,,False,0.01,1,7500,0,0,1,2184.78881,0,29.53465688,0,0,0,0,0,0,0.2913051747,200,0,0,0,0
100000,1,0.15,1,gap_flat,0.25,0.07/0.12/0.17,0.05/0.15,0.5,0.005,False,0.01,1,7500,0,0,1,2184.78881,0,29.53465688,0,0,0,0,0,0,0.2913051747,200,0,0,0,0
100000,1,0.15,1,gap_flat,0.25,0.07/0.12/0.17,0.05/0.15,0.5,0.005,True,0.01,1,7500,0,0,1,2184.78881,0,29.53465688,0,0,0,0,0,0,0.2913051747,200,0,0,0,0
100000,1,0.15,1,gap_flat,0.25,0.07/0.12/0.17,0.05/0.15,0.5,0.01,False,0.01,1,7500,0,0,1,2184.78881,0,29.53465688,0,0,0,0,0,0,0.2913051747,200,0,0,0,0
100000,1,0.15,1,gap_flat,0.25,0.07/0.12/0.17,0.05/0.15,0.5,0.01,True,0.01,1,7500,0,0,1,2184.78881,0,29.53465688,0,0,0,0,0,0,0.2913051747,200,0,0,0,0
100000,1,0.15,1,gap_flat,0.25,0.07/0.12/0.17,0.05/0.15,0.5,0.02,False,0.01,1,7500,0,0,1,2184.78881,0,29.53465688,0,0,0,0,0,0,0.2913051747,200,0,0,0,0
100000,1,0.15,1,gap_flat,0.25,0.07/0.12/0.17,0.05/0.15,0.5,0.02,True,0.01,1,7500,0,0,1,2184.78881,0,29.53465688,0,0,0,0,0,0,0.2913051747,200,0,0,0,0
100000,1,0.15,1,gap_flat,0.25,0.07/0.12/0.17,0.05/0.15,0.5,0.05,False,0.01,1,7500,0,0,1,2184.78881,0,29.53465688,0,0,0,0,0,0,0.2913051747,200,0,0,0,0
100000,1,0.15,1,gap_flat,0.25,0.07/0.12/0.17,0.05/0.15,0.5,0.05,True,0.01,1,7500,0,0,1,2184.78881,0,29.53465688,0,0,0,0,0,0,0.2913051747,200,0,0,0,0
100000,1,0.15,1,gap_flat,0.25,0.07/0.12/0.17,0.05/0.15,0.75,,False,0.01,1,7500,0,0,1,2176.103517,0,20.84936346,0,0,0,0,0,0,0.2901471356,200,0,0,0,0
100000,1,0.15,1,gap_flat,0.25,0.07/0.12/0.17,0.05/0.15,0.75,0.005,False,0.01,1,7500,0,0,1,2176.103517,0,20.84936346,0,0,0,0,0,0,0.2901471356,200,0,0,0,0
100000,1,0.15,1,gap_flat,0.25,0.07/0.12/0.17,0.05/0.15,0.75,0.005,True,0.01,1,7500,0,0,1,2176.103517,0,20.84936346,0,0,0,0,0,0,0.2901471356,200,0,0,0,0
100000,1,0.15,1,gap_flat,0.25,0.07/0.12/0.17,0.05/0.15,0.75,0.01,False,0.01,1,7500,0,0,1,2176.103517,0,20.84936346,0,0,0,0,0,0,0.2901471356,200,0,0,0,0
100000,1,0.15,1,gap_flat,0.25,0.07/0.12/0.17,0.05/0.15,0.75,0.01,True,0.01,1,7500,0,0,1,2176.103517,0,20.84936346,0,0,0,0,0,0,0.2901471356,200,0,0,0,0
100000,1,0.15,1,gap_flat,0.25,0.07/0.12/0.17,0.05/0.15,0.75,0.02,False,0.01,1,7500,0,0,1,2176.103517,0,20.84936346,0,0,0,0,0,0,0.2901471356,200,0,0,0,0
100000,1,0.15,1,gap_flat,0.25,0.07/0.12/0.17,0.05/0.15,0.75,0.02,True,0.01,1,7500,0,0,1,2176.103517,0,20.84936346,0,0,0,0,0,0,0.2901471356,200,0,0,0,0
100000,1,0.15,1,gap_flat,0.25,0.07/0.12/0.17,0.05/0.15,0.75,0.05,False,0.01,1,7500,0,0,1,2176.103517,0,20.84936346,0,0,0,0,0,0,0.2901471356,200,0,0,0,0
100000,1,0.15,1,gap_flat,0.25,0.07/0.12/0.17,0.05/0.15,0.75,0.05,True,0.01,1,7500,0,0,1,2176.103517,0,20.84936346,0,0,0,0,0,0,0.2901471356,200,0,0,0,0
100000,1,0.15,5,slow,0,0.07/0.12/0.17,0.05/0.15,0.5,,False,0.01,1,7500,24,0,0,0,1.045771704,0,14.79625613,0,0,0,0,0,0,0,116.6681911,1,11.10051231,0
100000,1,0.15,5,slow,0,0.07/0.12/0.17,0.05/0.15,0.5,0.005,False,0.01,1,7500,17,0,0,0,0.5433810256,0,15.01991303,0.7674894781,1,4.679181983,0.7674894781,2531.698319,0,0,0,0,0,0
100000,1,0.15,5,slow,0,0.07/0.12/0.17,0.05/0.15,0.5,0.005,True,0.01,1,7500,17,0,0,0,0.5433810256,0,15.01991303,0.7674894781,1,4.679181983,0.7674894781,2531.698319,0,0,0,0,0,0
100000,1,0.15,5,slow,0,0.07/0.12/0.17,0.05/0.15,0.5,0.01,False,0.01,1,7500,17,0,0,0,0.5433810256,0,15.01991303,14.32229293,1,3.492929448,14.32229293,2531.698319,0,0,0,0,0,0
100000,1,0.15,5,slow,0,0.07/0.12/0.17,0.05/0.15,0.5,0.01,True,0.01,1,7500,17,0,0,0,0.5433810256,0,15.01991303,14.32229293,1,3.492929448,14.32229293,2531.698319,0,0,0,0,0,0
100000,1,0.15,5,slow,0,0.07/0.12/0.17,0.05/0.15,0.5,0.02,False,0.01,1,7500,17,0,0,0,0.5433810256,0,15.01991303,27.94189341,1,2.301096897,27.94189341,2531.698319,0,0,0,0,0,0
100000,1,0.15,5,slow,0,0.07/0.12/0.17,0.05/0.15,0.5,0.02,True,0.01,1,7500,17,0,0,0,0.5433810256,0,15.01991303,27.94189341,1,2.301096897,27.94189341,2531.698319,0,0,0,0,0,0
100000,1,0.15,5,slow,0,0.07/0.12/0.17,0.05/0.15,0.5,0.05,False,0.01,1,7500,17,0,0,0,0.5433810256,0,15.01991303,27.94189341,1,2.301096897,27.94189341,2531.698319,0,0,0,0,0,0
100000,1,0.15,5,slow,0,0.07/0.12/0.17,0.05/0.15,0.5,0.05,True,0.01,1,7500,17,0,0,0,0.5433810256,0,15.01991303,27.94189341,1,2.301096897,27.94189341,2531.698319,0,0,0,0,0,0
100000,1,0.15,5,slow,0,0.07/0.12/0.17,0.05/0.15,0.75,,False,0.01,1,7500,24,0,0,0,1.045771704,0,14.79625613,0,0,0,0,0,0,0,116.6681911,1,11.10051231,0
100000,1,0.15,5,slow,0,0.07/0.12/0.17,0.05/0.15,0.75,0.005,False,0.01,1,7500,17,0,0,0,0.5433810256,0,15.01991303,0.7674894781,1,4.679181983,0.7674894781,2531.698319,0,0,0,0,0,0
100000,1,0.15,5,slow,0,0.07/0.12/0.17,0.05/0.15,0.75,0.005,True,0.01,1,7500,17,0,0,0,0.5433810256,0,15.01991303,0.7674894781,1,4.679181983,0.7674894781,2531.698319,0,0,0,0,0,0
100000,1,0.15,5,slow,0,0.07/0.12/0.17,0.05/0.15,0.75,0.01,False,0.01,1,7500,17,0,0,0,0.5433810256,0,15.01991303,14.32229293,1,3.492929448,14.32229293,2531.698319,0,0,0,0,0,0
100000,1,0.15,5,slow,0,0.07/0.12/0.17,0.05/0.15,0.75,0.01,True,0.01,1,7500,17,0,0,0,0.5433810256,0,15.01991303,14.32229293,1,3.492929448,14.32229293,2531.698319,0,0,0,0,0,0
100000,1,0.15,5,slow,0,0.07/0.12/0.17,0.05/0.15,0.75,0.02,False,0.01,1,7500,17,0,0,0,0.5433810256,0,15.01991303,27.94189341,1,2.301096897,27.94189341,2531.698319,0,0,0,0,0,0
100000,1,0.15,5,slow,0,0.07/0.12/0.17,0.05/0.15,0.75,0.02,True,0.01,1,7500,17,0,0,0,0.5433810256,0,15.01991303,27.94189341,1,2.301096897,27.94189341,2531.698319,0,0,0,0,0,0
100000,1,0.15,5,slow,0,0.07/0.12/0.17,0.05/0.15,0.75,0.05,False,0.01,1,7500,17,0,0,0,0.5433810256,0,15.01991303,27.94189341,1,2.301096897,27.94189341,2531.698319,0,0,0,0,0,0
100000,1,0.15,5,slow,0,0.07/0.12/0.17,0.05/0.15,0.75,0.05,True,0.01,1,7500,17,0,0,0,0.5433810256,0,15.01991303,27.94189341,1,2.301096897,27.94189341,2531.698319,0,0,0,0,0,0
100000,1,0.15,5,slow,0.25,0.07/0.12/0.17,0.05/0.15,0.5,,False,0.01,1,7500,24,0,0,0,1.045771704,0,14.79625613,0,0,0,0,0,0,0,116.6681911,1,11.10051231,0
100000,1,0.15,5,slow,0.25,0.07/0.12/0.17,0.05/0.15,0.5,0.005,False,0.01,1,7500,18,0,0,0,0.5830124155,0,15.02174494,5.579775533,1,1.379906357,5.579775533,2074.636963,0,0,0,0,0,0
100000,1,0.15,5,slow,0.25,0.07/0.12/0.17,0.05/0.15,0.5,0.005,True,0.01,1,7500,18,0,0,0,0.5830124155,0,15.02174494,5.579775533,1,1.379906357,5.579775533,2074.636963,0,0,0,0,0,0
100000,1,0.15,5,slow,0.25,0.07/0.12/0.17,0.05/0.15,0.5,0.01,False,0.01,1,7500,18,0,0,0,0.5830124155,0,15.02174494,5.579775533,1,1.379906357,5.579775533,2074.636963,0,0,0,0,0,0
100000,1,0.15,5,slow,0.25,0.07/0.12/0.17,0.05/0.15,0.5,0.01,True,0.01,1,7500,18,0,0,0,0.5830124155,0,15.02174494,5.579775533,1,1.379906357,5.579775533,2074.636963,0,0,0,0,0,0
100000,1,0.15,5,slow,0.25,0.07/0.12/0.17,0.05/0.15,0.5,0.02,False,0.01,1,7500,18,0,0,0,0.5830124155,0,15.02174494,5.579775533,1,1.379906357,5.579775533,2074.636963,0,0,0,0,0,0
100000,1,0.15,5,slow,0.25,0.07/0.12/0.17,0.05/0.15,0.5,0.02,True,0.01,1,7500,18,0,0,0,0.5830124155,0,15.02174494,5.579775533,1,1.379906357,5.579775533,2074.636963,0,0,0,0,0,0
100000,1,0.15,5,slow,0.25,0.07/0.12/0.17,0.05/0.15,0.5,0.05,False,0.01,1,7500,18,0,0,0,0.5830124155,0,15.02174494,5.579775533,1,1.379906357,5.579775533,2074.636963,0,0,0,0,0,0
100000,1,0.15,5,slow,0.25,0.07/0.12/0.17,0.05/0.15,0.5,0.05,True,0.01,1,7500,18,0,0,0,0.5830124155,0,15.02174494,5.579775533,1,1.379906357,5.579775533,2074.636963,0,0,0,0,0,0
100000,1,0.15,5,slow,0.25,0.07/0.12/0.17,0.05/0.15,0.75,,False,0.01,1,7500,24,0,0,0,1.045771704,0,14.79625613,0,0,0,0,0,0,0,116.6681911,1,11.10051231,0
100000,1,0.15,5,slow,0.25,0.07/0.12/0.17,0.05/0.15,0.75,0.005,False,0.01,1,7500,18,0,0,0,0.5830124155,0,15.02174494,5.579775533,1,1.379906357,5.579775533,2074.636963,0,0,0,0,0,0
100000,1,0.15,5,slow,0.25,0.07/0.12/0.17,0.05/0.15,0.75,0.005,True,0.01,1,7500,18,0,0,0,0.5830124155,0,15.02174494,5.579775533,1,1.379906357,5.579775533,2074.636963,0,0,0,0,0,0
100000,1,0.15,5,slow,0.25,0.07/0.12/0.17,0.05/0.15,0.75,0.01,False,0.01,1,7500,18,0,0,0,0.5830124155,0,15.02174494,5.579775533,1,1.379906357,5.579775533,2074.636963,0,0,0,0,0,0
100000,1,0.15,5,slow,0.25,0.07/0.12/0.17,0.05/0.15,0.75,0.01,True,0.01,1,7500,18,0,0,0,0.5830124155,0,15.02174494,5.579775533,1,1.379906357,5.579775533,2074.636963,0,0,0,0,0,0
100000,1,0.15,5,slow,0.25,0.07/0.12/0.17,0.05/0.15,0.75,0.02,False,0.01,1,7500,18,0,0,0,0.5830124155,0,15.02174494,5.579775533,1,1.379906357,5.579775533,2074.636963,0,0,0,0,0,0
100000,1,0.15,5,slow,0.25,0.07/0.12/0.17,0.05/0.15,0.75,0.02,True,0.01,1,7500,18,0,0,0,0.5830124155,0,15.02174494,5.579775533,1,1.379906357,5.579775533,2074.636963,0,0,0,0,0,0
100000,1,0.15,5,slow,0.25,0.07/0.12/0.17,0.05/0.15,0.75,0.05,False,0.01,1,7500,18,0,0,0,0.5830124155,0,15.02174494,5.579775533,1,1.379906357,5.579775533,2074.636963,0,0,0,0,0,0
100000,1,0.15,5,slow,0.25,0.07/0.12/0.17,0.05/0.15,0.75,0.05,True,0.01,1,7500,18,0,0,0,0.5830124155,0,15.02174494,5.579775533,1,1.379906357,5.579775533,2074.636963,0,0,0,0,0,0
100000,1,0.15,5,fast,0,0.07/0.12/0.17,0.05/0.15,0.5,,False,0.01,1,7500,0,0,1,2139.65024,0,28.61815295,0,0,0,0,0,0,0.2852866986,200,0,0,0,0
100000,1,0.15,5,fast,0,0.07/0.12/0.17,0.05/0.15,0.5,0.005,False,0.01,1,7500,0,0,1,2139.65024,0,28.61815295,0,0,0,0,0,0,0.2852866986,200,0,0,0,0
100000,1,0.15,5,fast,0,0.07/0.12/0.17,0.05/0.15,0.5,0.005,True,0.01,1,7500,0,0,1,2139.65024,0,28.61815295,0,0,0,0,0,0,0.2852866986,200,0,0,0,0
100000,1,0.15,5,fast,0,0.07/0.12/0.17,0.05/0.15,0.5,0.01,False,0.01,1,7500,0,0,1,2139.65024,0,28.61815295,0,0,0,0,0,0,0.2852866986,200,0,0,0,0
100000,1,0.15,5,fast,0,0.07/0.12/0.17,0.05/0.15,0.5,0.01,True,0.01,1,7500,0,0,1,2139.65024,0,28.61815295,0,0,0,0,0,0,0.2852866986,200,0,0,0,0
100000,1,0.15,5,fast,0,0.07/0.12/0.17,0.05/0.15,0.5,0.02,False,0.01,1,7500,0,0,1,2139.65024,0,28.61815295,0,0,0,0,0,0,0.2852866986,200,0,0,0,0
100000,1,0.15,5,fast,0,0.07/0.12/0.17,0.05/0.15,0.5,0.02,True,0.01,1,7500,0,0,1,2139.65024,0,28.61815295,0,0,0,0,0,0,0.2852866986,200,0,0,0,0
100000,1,0.15,5,fast,0,0.07/0.12/0.17,0.05/0.15,0.5,0.05,False,0.01,1,7500,0,0,1,2139.65024,0,28.61815295,0,0,0,0,0,0,0.2852866986,200,0,0,0,0
100000,1,0.15,5,fast,0,0.07/0.12/0.17,0.05/0.15,0.5,0.05,True,0.01,1,7500,0,0,1,2139.65024,0,28.61815295,0,0,0,0,0,0,0.2852866986,200,0,0,0,0
100000,1,0.15,5,fast,0,0.07/0.12/0.17,0.05/0.15,0.75,,False,0.01,1,7500,0,0,1,1982.217575,0,19.96418932,0,0,0,0,0,0,0.2642956767,200,0,0,0,0
100000,1,0.15,5,fast,0,0.07/0.12/0.17,0.05/0.15,0.75,0.005,False,0.01,1,7500,0,0,1,1982.217575,0,19.96418932,0,0,0,0,0,0,0.2642956767,200,0,0,0,0
100000,1,0.15,5,fast,0,0.07/0.12/0.17,0.05/0.15,0.75,0.005,True,0.01,1,7500,0,0,1,1982.217575,0,19.96418932,0,0,0,0,0,0,0.2642956767,200,0,0,0,0
100000,1,0.15,5,fast,0,0.07/0.12/0.17,0.05/0.15,0.75,0.01,False,0.01,1,7500,0,0,1,1982.217575,0,19.96418932,0,0,0,0,0,0,0.2642956767,200,0,0,0,0
100000,1,0.15,5,fast,0,0.07/0.12/0.17,0.05/0.15,0.75,0.01,True,0.01,1,7500,0,0,1,1982.217575,0,19.96418932,0,0,0,0,0,0,0.2642956767,200,0,0,0,0
100000,1,0.15,5,fast,0,0.07/0.12/0.17,0.05/0.15,0.75,0.02,False,0.01,1,7500,0,0,1,1982.217575,0,19.96418932,0,0,0,0,0,0,0.2642956767,200,0,0,0,0
100000,1,0.15,5,fast,0,0.07/0.12/0.17,0.05/0.15,0.75,0.02,True,0.01,1,7500,0,0,1,1982.217575,0,19.96418932,0,0,0,0,0,0,0.2642956767,200,0,0,0,0
100000,1,0.15,5,fast,0,0.07/0.12/0.17,0.05/0.15,0.75,0.05,False,0.01,1,7500,0,0,1,1982.217575,0,19.96418932,0,0,0,0,0,0,0.2642956767,200,0,0,0,0
100000,1,0.15,5,fast,0,0.07/0.12/0.17,0.05/0.15,0.75,0.05,True,0.01,1,7500,0,0,1,1982.217575,0,19.96418932,0,0,0,0,0,0,0.2642956767,200,0,0,0,0
100000,1,0.15,5,fast,0.25,0.07/0.12/0.17,0.05/0.15,0.5,,False,0.01,1,7500,0,0,1,2374.266149,0,27.31702525,0,0,0,0,0,0,0.3165688199,200,0,0,0,0
100000,1,0.15,5,fast,0.25,0.07/0.12/0.17,0.05/0.15,0.5,0.005,False,0.01,1,7500,0,0,1,2374.266149,0,27.31702525,0,0,0,0,0,0,0.3165688199,200,0,0,0,0
100000,1,0.15,5,fast,0.25,0.07/0.12/0.17,0.05/0.15,0.5,0.005,True,0.01,1,7500,0,0,1,2374.266149,0,27.31702525,0,0,0,0,0,0,0.3165688199,200,0,0,0,0
100000,1,0.15,5,fast,0.25,0.07/0.12/0.17,0.05/0.15,0.5,0.01,False,0.01,1,7500,0,0,1,2374.266149,0,27.31702525,0,0,0,0,0,0,0.3165688199,200,0,0,0,0
100000,1,0.15,5,fast,0.25,0.07/0.12/0.17,0.05/0.15,0.5,0.01,True,0.01,1,7500,0,0,1,2374.266149,0,27.31702525,0,0,0,0,0,0,0.3165688199,200,0,0,0,0
100000,1,0.15,5,fast,0.25,0.07/0.12/0.17,0.05/0.15,0.5,0.02,False,0.01,1,7500,0,0,1,2374.266149,0,27.31702525,0,0,0,0,0,0,0.3165688199,200,0,0,0,0
100000,1,0.15,5,fast,0.25,0.07/0.12/0.17,0.05/0.15,0.5,0.02,True,0.01,1,7500,0,0,1,2374.266149,0,27.31702525,0,0,0,0,0,0,0.3165688199,200,0,0,0,0
100000,1,0.15,5,fast,0.25,0.07/0.12/0.17,0.05/0.15,0.5,0.05,False,0.01,1,7500,0,0,1,2374.266149,0,27.31702525,0,0,0,0,0,0,0.3165688199,200,0,0,0,0
100000,1,0.15,5,fast,0.25,0.07/0.12/0.17,0.05/0.15,0.5,0.05,True,0.01,1,7500,0,0,1,2374.266149,0,27.31702525,0,0,0,0,0,0,0.3165688199,200,0,0,0,0
100000,1,0.15,5,fast,0.25,0.07/0.12/0.17,0.05/0.15,0.75,,False,0.01,1,7500,0,0,1,2227.018272,0,19.04515069,0,0,0,0,0,0,0.2969357696,200,0,0,0,0
100000,1,0.15,5,fast,0.25,0.07/0.12/0.17,0.05/0.15,0.75,0.005,False,0.01,1,7500,0,0,1,2227.018272,0,19.04515069,0,0,0,0,0,0,0.2969357696,200,0,0,0,0
100000,1,0.15,5,fast,0.25,0.07/0.12/0.17,0.05/0.15,0.75,0.005,True,0.01,1,7500,0,0,1,2227.018272,0,19.04515069,0,0,0,0,0,0,0.2969357696,200,0,0,0,0
100000,1,0.15,5,fast,0.25,0.07/0.12/0.17,0.05/0.15,0.75,0.01,False,0.01,1,7500,0,0,1,2227.018272,0,19.04515069,0,0,0,0,0,0,0.2969357696,200,0,0,0,0
100000,1,0.15,5,fast,0.25,0.07/0.12/0.17,0.05/0.15,0.75,0.01,True,0.01,1,7500,0,0,1,2227.018272,0,19.04515069,0,0,0,0,0,0,0.2969357696,200,0,0,0,0
100000,1,0.15,5,fast,0.25,0.07/0.12/0.17,0.05/0.15,0.75,0.02,False,0.01,1,7500,0,0,1,2227.018272,0,19.04515069,0,0,0,0,0,0,0.2969357696,200,0,0,0,0
100000,1,0.15,5,fast,0.25,0.07/0.12/0.17,0.05/0.15,0.75,0.02,True,0.01,1,7500,0,0,1,2227.018272,0,19.04515069,0,0,0,0,0,0,0.2969357696,200,0,0,0,0
100000,1,0.15,5,fast,0.25,0.07/0.12/0.17,0.05/0.15,0.75,0.05,False,0.01,1,7500,0,0,1,2227.018272,0,19.04515069,0,0,0,0,0,0,0.2969357696,200,0,0,0,0
100000,1,0.15,5,fast,0.25,0.07/0.12/0.17,0.05/0.15,0.75,0.05,True,0.01,1,7500,0,0,1,2227.018272,0,19.04515069,0,0,0,0,0,0,0.2969357696,200,0,0,0,0
100000,1,0.15,5,gap_flat,0,0.07/0.12/0.17,0.05/0.15,0.5,,False,0.01,1,7500,0,0,1,1936.750166,0,30.96680425,0,0,0,0,0,0,0.2582333554,200,0,0,0,0
100000,1,0.15,5,gap_flat,0,0.07/0.12/0.17,0.05/0.15,0.5,0.005,False,0.01,1,7500,0,0,1,1936.750166,0,30.96680425,0,0,0,0,0,0,0.2582333554,200,0,0,0,0
100000,1,0.15,5,gap_flat,0,0.07/0.12/0.17,0.05/0.15,0.5,0.005,True,0.01,1,7500,0,0,1,1936.750166,0,30.96680425,0,0,0,0,0,0,0.2582333554,200,0,0,0,0
100000,1,0.15,5,gap_flat,0,0.07/0.12/0.17,0.05/0.15,0.5,0.01,False,0.01,1,7500,0,0,1,1936.750166,0,30.96680425,0,0,0,0,0,0,0.2582333554,200,0,0,0,0
100000,1,0.15,5,gap_flat,0,0.07/0.12/0.17,0.05/0.15,0.5,0.01,True,0.01,1,7500,0,0,1,1936.750166,0,30.96680425,0,0,0,0,0,0,0.2582333554,200,0,0,0,0
100000,1,0.15,5,gap_flat,0,0.07/0.12/0.17,0.05/0.15,0.5,0.02,False,0.01,1,7500,0,0,1,1936.750166,0,30.96680425,0,0,0,0,0,0,0.2582333554,200,0,0,0,0
100000,1,0.15,5,gap_flat,0,0.07/0.12/0.17,0.05/0.15,0.5,0.02,True,0.01,1,7500,0,0,1,1936.750166,0,30.96680425,0,0,0,0,0,0,0.2582333554,200,0,0,0,0
100000,1,0.15,5,gap_flat,0,0.07/0.12/0.17,0.05/0.15,0.5,0.05,False,0.01,1,7500,0,0,1,1936.750166,0,30.96680425,0,0,0,0,0,0,0.2582333554,200,0,0,0,0
100000,1,0.15,5,gap_flat,0,0.07/0.12/0.17,0.05/0.15,0.5,0.05,True,0.01,1,7500,0,0,1,1936.750166,0,30.96680425,0,0,0,0,0,0,0.2582333554,200,0,0,0,0
100000,1,0.15,5,gap_flat,0,0.07/0.12/0.17,0.05/0.15,0.75,,False,0.01,1,7500,0,0,1,1927.643719,0,21.86035747,0,0,0,0,0,0,0.2570191625,200,0,0,0,0
100000,1,0.15,5,gap_flat,0,0.07/0.12/0.17,0.05/0.15,0.75,0.005,False,0.01,1,7500,0,0,1,1927.643719,0,21.86035747,0,0,0,0,0,0,0.2570191625,200,0,0,0,0
100000,1,0.15,5,gap_flat,0,0.07/0.12/0.17,0.05/0.15,0.75,0.005,True,0.01,1,7500,0,0,1,1927.643719,0,21.86035747,0,0,0,0,0,0,0.2570191625,200,0,0,0,0
100000,1,0.15,5,gap_flat,0,0.07/0.12/0.17,0.05/0.15,0.75,0.01,False,0.01,1,7500,0,0,1,1927.643719,0,21.86035747,0,0,0,0,0,0,0.2570191625,200,0,0,0,0
100000,1,0.15,5,gap_flat,0,0.07/0.12/0.17,0.05/0.15,0.75,0.01,True,0.01,1,7500,0,0,1,1927.643719,0,21.86035747,0,0,0,0,0,0,0.2570191625,200,0,0,0,0
100000,1,0.15,5,gap_flat,0,0.07/0.12/0.17,0.05/0.15,0.75,0.02,False,0.01,1,7500,0,0,1,1927.643719,0,21.86035747,0,0,0,0,0,0,0.2570191625,200,0,0,0,0
100000,1,0.15,5,gap_flat,0,0.07/0.12/0.17,0.05/0.15,0.75,0.02,True,0.01,1,7500,0,0,1,1927.643719,0,21.86035747,0,0,0,0,0,0,0.2570191625,200,0,0,0,0
100000,1,0.15,5,gap_flat,0,0.07/0.12/0.17,0.05/0.15,0.75,0.05,False,0.01,1,7500,0,0,1,1927.643719,0,21.86035747,0,0,0,0,0,0,0.2570191625,200,0,0,0,0
100000,1,0.15,5,gap_flat,0,0.07/0.12/0.17,0.05/0.15,0.75,0.05,True,0.01,1,7500,0,0,1,1927.643719,0,21.86035747,0,0,0,0,0,0,0.2570191625,200,0,0,0,0
100000,1,0.15,5,gap_flat,0.25,0.07/0.12/0.17,0.05/0.15,0.5,,False,0.01,1,7500,0,0,1,2184.78881,0,29.53465688,0,0,0,0,0,0,0.2913051747,200,0,0,0,0
100000,1,0.15,5,gap_flat,0.25,0.07/0.12/0.17,0.05/0.15,0.5,0.005,False,0.01,1,7500,0,0,1,2184.78881,0,29.53465688,0,0,0,0,0,0,0.2913051747,200,0,0,0,0
100000,1,0.15,5,gap_flat,0.25,0.07/0.12/0.17,0.05/0.15,0.5,0.005,True,0.01,1,7500,0,0,1,2184.78881,0,29.53465688,0,0,0,0,0,0,0.2913051747,200,0,0,0,0
100000,1,0.15,5,gap_flat,0.25,0.07/0.12/0.17,0.05/0.15,0.5,0.01,False,0.01,1,7500,0,0,1,2184.78881,0,29.53465688,0,0,0,0,0,0,0.2913051747,200,0,0,0,0
100000,1,0.15,5,gap_flat,0.25,0.07/0.12/0.17,0.05/0.15,0.5,0.01,True,0.01,1,7500,0,0,1,2184.78881,0,29.53465688,0,0,0,0,0,0,0.2913051747,200,0,0,0,0
100000,1,0.15,5,gap_flat,0.25,0.07/0.12/0.17,0.05/0.15,0.5,0.02,False,0.01,1,7500,0,0,1,2184.78881,0,29.53465688,0,0,0,0,0,0,0.2913051747,200,0,0,0,0
100000,1,0.15,5,gap_flat,0.25,0.07/0.12/0.17,0.05/0.15,0.5,0.02,True,0.01,1,7500,0,0,1,2184.78881,0,29.53465688,0,0,0,0,0,0,0.2913051747,200,0,0,0,0
100000,1,0.15,5,gap_flat,0.25,0.07/0.12/0.17,0.05/0.15,0.5,0.05,False,0.01,1,7500,0,0,1,2184.78881,0,29.53465688,0,0,0,0,0,0,0.2913051747,200,0,0,0,0
100000,1,0.15,5,gap_flat,0.25,0.07/0.12/0.17,0.05/0.15,0.5,0.05,True,0.01,1,7500,0,0,1,2184.78881,0,29.53465688,0,0,0,0,0,0,0.2913051747,200,0,0,0,0
100000,1,0.15,5,gap_flat,0.25,0.07/0.12/0.17,0.05/0.15,0.75,,False,0.01,1,7500,0,0,1,2176.103517,0,20.84936346,0,0,0,0,0,0,0.2901471356,200,0,0,0,0
100000,1,0.15,5,gap_flat,0.25,0.07/0.12/0.17,0.05/0.15,0.75,0.005,False,0.01,1,7500,0,0,1,2176.103517,0,20.84936346,0,0,0,0,0,0,0.2901471356,200,0,0,0,0
100000,1,0.15,5,gap_flat,0.25,0.07/0.12/0.17,0.05/0.15,0.75,0.005,True,0.01,1,7500,0,0,1,2176.103517,0,20.84936346,0,0,0,0,0,0,0.2901471356,200,0,0,0,0
100000,1,0.15,5,gap_flat,0.25,0.07/0.12/0.17,0.05/0.15,0.75,0.01,False,0.01,1,7500,0,0,1,2176.103517,0,20.84936346,0,0,0,0,0,0,0.2901471356,200,0,0,0,0
100000,1,0.15,5,gap_flat,0.25,0.07/0.12/0.17,0.05/0.15,0.75,0.01,True,0.01,1,7500,0,0,1,2176.103517,0,20.84936346,0,0,0,0,0,0,0.2901471356,200,0,0,0,0
100000,1,0.15,5,gap_flat,0.25,0.07/0.12/0.17,0.05/0.15,0.75,0.02,False,0.01,1,7500,0,0,1,2176.103517,0,20.84936346,0,0,0,0,0,0,0.2901471356,200,0,0,0,0
100000,1,0.15,5,gap_flat,0.25,0.07/0.12/0.17,0.05/0.15,0.75,0.02,True,0.01,1,7500,0,0,1,2176.103517,0,20.84936346,0,0,0,0,0,0,0.2901471356,200,0,0,0,0
100000,1,0.15,5,gap_flat,0.25,0.07/0.12/0.17,0.05/0.15,0.75,0.05,False,0.01,1,7500,0,0,1,2176.103517,0,20.84936346,0,0,0,0,0,0,0.2901471356,200,0,0,0,0
100000,1,0.15,5,gap_flat,0.25,0.07/0.12/0.17,0.05/0.15,0.75,0.05,True,0.01,1,7500,0,0,1,2176.103517,0,20.84936346,0,0,0,0,0,0,0.2901471356,200,0,0,0,0
100000,10,0.15,0,slow,0,0.07/0.12/0.17,0.05/0.15,0.5,,False,0.01,10,7500,14,2,8,0,1.084870101,26.21359014,5.66954485,0,0,0,0,0,0,66.64078755,0,0,0,0
100000,10,0.15,0,slow,0,0.07/0.12/0.17,0.05/0.15,0.5,0.005,False,0.01,10,7500,11,0,1,0,0.08044446957,0.6951650437,14.62908618,17.53541911,9,18.17742778,17.53541911,5577.593653,0,4.186820496,0,0,0,0
100000,10,0.15,0,slow,0,0.07/0.12/0.17,0.05/0.15,0.5,0.005,True,0.01,10,7500,10,2,2,0,1.998174029,6.81412627,9.40718513,1.839555554,6,12.05833785,1.839555554,3431.270858,0,27.57511577,0,0,0,0
100000,10,0.15,0,slow,0,0.07/0.12/0.17,0.05/0.15,0.5,0.01,False,0.01,10,7500,11,2,2,0,2.005821274,6.81412627,10.45188408,15.009857,6,8.823079362,15.009857,3281.762084,0,27.57511577,0,0,0,0
100000,10,0.15,0,slow,0,0.07/0.12/0.17,0.05/0.15,0.5,0.01,True,0.01,10,7500,4,1,0,0,0.09926948475,0,14.70019039,45.35769642,9,20.15665104,45.35769642,6626.658752,0,1.125272271,0,0,0,0
100000,10,0.15,0,slow,0,0.07/0.12/0.17,0.05/0.15,0.5,0.02,False,0.01,10,7500,1,0,0,0,0.01271954294,0,15.00040548,127.8867647,10,14.7725552,127.8867647,7398.833092,0,0,0,0,0,0
100000,10,0.15,0,slow,0,0.07/0.12/0.17,0.05/0.15,0.5,0.02,True,0.01,10,7500,1,0,0,0,0.01271954294,0,15.00040548,127.8867647,10,14.7725552,127.8867647,7398.833092,0,0,0,0,0,0
100000,10,0.15,0,slow,0,0.07/0.12/0.17,0.05/0.15,0.5,0.05,False,0.01,10,7500,0,0,0,0,0,0,15,217.562457,10,5.346509271,217.562457,7500,0,0,0,0,0,0
100000,10,0.15,0,slow,0,0.07/0.12/0.17,0.05/0.15,0.5,0.05,True,0.01,10,7500,0,0,0,0,0,0,15,217.562457,10,5.346509271,217.562457,7500,0,0,0,0,0,0
100000,10,0.15,0,slow,0,0.07/0.12/0.17,0.05/0.15,0.75,,False,0.01,10,7500,4,0,10,0,0.04621994662,19.81960047,15.00239598,69.54619105,0,0,0,0,0,0,0,0,0,0
100000,10,0.15,0,slow,0,0.07/0.12/0.17,0.05/0.15,0.75,0.005,False,0.01,10,7500,4,0,8,0,0.04621994662,15.51985376,15.00239598,69.54619105,2,4.299746709,4.454171957,1331.630124,0,0,0,0,0,0
100000,10,0.15,0,slow,0,0.07/0.12/0.17,0.05/0.15,0.75,0.005,True,0.01,10,7500,2,0,7,0,0.03989742263,14.15109323,15.00117466,67.67745907,3,7.644783061,5.258727844,2058.089602,0,0,0,0,0,0
100000,10,0.15,0,slow,0,0.07/0.12/0.17,0.05/0.15,0.75,0.01,False,0.01,10,7500,3,0,6,0,0.04232722452,11.88399095,15.00179072,80.215392,4,7.272764355,21.79203892,2654.38279,0,0,0,0,0,0
100000,10,0.15,0,slow,0,0.07/0.12/0.17,0.05/0.15,0.75,0.01,True,0.01,10,7500,1,0,6,0,0.01271954294,11.88399095,15.00040548,78.02523846,4,9.593910818,19.60188538,3000,0,0,0,0,0,0
100000,10,0.15,0,slow,0,0.07/0.12/0.17,0.05/0.15,0.75,0.02,False,0.01,10,7500,1,0,0,0,0.01271954294,0,15.00040548,127.8867647,10,14.7725552,127.8867647,7398.833092,0,0,0,0,0,0
100000,10,0.15,0,slow,0,0.07/0.12/0.17,0.05/0.15,0.75,0.02,True,0.01,10,7500,1,0,0,0,0.01271954294,0,15.00040548,127.8867647,10,14.7725552,127.8867647,7398.833092,0,0,0,0,0,0
100000,10,0.15,0,slow,0,0.07/0.12/0.17,0.05/0.15,0.75,0.05,False,0.01,10,7500,0,0,0,0,0,0,15,217.562457,10,5.346509271,217.562457,7500,0,0,0,0,0,0
100000,10,0.15,0,slow,0,0.07/0.12/0.17,0.05/0.15,0.75,0.05,True,0.01,10,7500,0,0,0,0,0,0,15,217.562457,10,5.346509271,217.562457,7500,0,0,0,0,0,0
100000,10,0.15,0,slow,0.25,0.07/0.12/0.17,0.05/0.15,0.5,,False,0.01,10,7500,6,0,10,0,0.05517234729,43.60800101,1.649147691,0,0,0,0,0,0,271.6524189,0,0,0,0
100000,10,0.15,0,slow,0.25,0.07/0.12/0.17,0.05/0.15,0.5,0.005,False,0.01,10,7500,5,0,8,0,0.02995396156,35.13804944,4.222166124,0.9677439669,2,2.761214894,0.9677439669,1500,0,221.6622408,0,0,0,0
100000,10,0.15,0,slow,0.25,0.07/0.12/0.17,0.05/0.15,0.5,0.005,True,0.01,10,7500,5,0,9,0,0.07962232776,43.22323612,2.044986941,0.8656955743,1,1.597717002,0.8656955743,347.3244162,0,272.6783263,0,0,0,0
100000,10,0.15,0,slow,0.25,0.07/0.12/0.17,0.05/0.15,0.5,0.01,False,0.01,10,7500,6,0,9,0,0.02587255672,40.61066079,1.864641858,3.15426792,1,1.061284127,3.15426792,347.3244162,0,248.3049596,0,0,0,0
100000,10,0.15,0,slow,0.25,0.07/0.12/0.17,0.05/0.15,0.5,0.01,True,0.01,10,7500,3,0,8,0,0.01975641857,37.7594893,3.228683216,7.391810749,2,3.131341931,7.391810749,1359.782971,0,221.8360907,0,0,0,0
100000,10,0.15,0,slow,0.25,0.07/0.12/0.17,0.05/0.15,0.5,0.02,False,0.01,10,7500,2,0,6,0,0.009327554585,29.26063434,6.017184976,18.07666282,4,4.721345796,18.07666282,2929.961371,0,164.0003248,0,0,0,0
100000,10,0.15,0,slow,0.25,0.07/0.12/0.17,0.05/0.15,0.5,0.02,True,0.01,10,7500,1,0,6,0,0.004120042147,29.26063434,6.01690426,17.61524445,4,5.238252394,17.61524445,3000,0,164.0003248,0,0,0,0
100000,10,0.15,0,slow,0.25,0.07/0.12/0.17,0.05/0.15,0.5,0.05,False,0.01,10,7500,2,0,6,0,0.0214166458,26.4210219,6.438867621,48.09181304,4,3.633233736,48.09181304,3000,0,144.5078643,0,0,0,0
100000,10,0.15,0,slow,0.25,0.07/0.12/0.17,0.05/0.15,0.5,0.05,True,0.01,10,7500,2,0,6,0,0.0214166458,26.4210219,6.438867621,48.09181304,4,3.633233736,48.09181304,3000,0,144.5078643,0,0,0,0
100000,10,0.15,0,slow,0.25,0.07/0.12/0.17,0.05/0.15,0.75,,False,0.01,10,7500,5,0,10,0,0.02443499471,28.36080078,1.62367412,3.15426792,0,0,0,0,0,174.6346186,0,0,0,0
100000,10,0.15,0,slow,0.25,0.07/0.12/0.17,0.05/0.15,0.75,0.005,False,0.01,10,7500,5,0,10,0,0.02443499471,28.36080078,1.62367412,3.15426792,0,0,0,0,0,174.6346186,0,0,0,0
100000,10,0.15,0,slow,0.25,0.07/0.12/0.17,0.05/0.15,0.75,0.005,True,0.01,10,7500,5,0,10,0,0.02443499471,28.36080078,1.62367412,3.15426792,0,0,0,0,0,174.6346186,0,0,0,0
100000,10,0.15,0,slow,0.25,0.07/0.12/0.17,0.05/0.15,0.75,0.01,False,0.01,10,7500,5,0,9,0,0.02443499471,27.29951665,1.62367412,3.15426792,1,1.061284127,3.15426792,347.3244162,0,174.6346186,0,0,0,0
100000,10,0.15,0,slow,0.25,0.07/0.12/0.17,0.05/0.15,0.75,0.01,True,0.01,10,7500,2,0,8,0,0.0103975724,24.89260591,3.000561992,7.391810749,2,3.131341931,7.391810749,1359.782971,0,142.0041074,0,0,0,0
100000,10,0.15,0,slow,0.25,0.07/0.12/0.17,0.05/0.15,0.75,0.02,False,0.01,10,7500,1,0,6,0,0.005207512439,18.70079856,5.850378751,18.07666282,4,4.721345796,18.07666282,2929.961371,0,105.6354834,0,0,0,0
100000,10,0.15,0,slow,0.25,0.07/0.12/0.17,0.05/0.15,0.75,0.02,True,0.01,10,7500,0,0,6,0,0,18.70079856,5.850098035,17.61524445,4,5.238252394,17.61524445,3000,0,105.6354834,0,0,0,0
100000,10,0.15,0,slow,0.25,0.07/0.12/0.17,0.05/0.15,0.75,0.05,False,0.01,10,7500,0,0,6,0,0,16.95841751,6,48.09181304,4,3.633233736,48.09181304,3000,0,86.85686613,0,0,0,0
100000,10,0.15,0,slow,0.25,0.07/0.12/0.17,0.05/0.15,0.75,0.05,True,0.01,10,7500,0,0,6,0,0,16.95841751,6,48.09181304,4,3.633233736,48.09181304,3000,0,86.85686613,0,0,0,0
100000,10,0.15,0,fast,0,0.07/0.12/0.17,0.05/0.15,0.5,,False,0.01,10,7500,0,0,10,1847.719435,0,40.29999883,0,0,0,0,0,0,0.2463625913,500,0,0,0,0
100000,10,0.15,0,fast,0,0.07/0.12/0.17,0.05/0.15,0.5,0.005,False,0.01,10,7500,0,0,10,1847.719435,0,40.29999883,0,0,0,0,0,0,0.2463625913,500,0,0,0,0
100000,10,0.15,0,fast,0,0.07/0.12/0.17,0.05/0.15,0.5,0.005,True,0.01,10,7500,0,0,10,1847.719435,0,40.29999883,0,0,0,0,0,0,0.2463625913,500,0,0,0,0
100000,10,0.15,0,fast,0,0.07/0.12/0.17,0.05/0.15,0.5,0.01,False,0.01,10,7500,0,0,10,1847.719435,0,40.29999883,0,0,0,0,0,0,0.2463625913,500,0,0,0,0
100000,10,0.15,0,fast,0,0.07/0.12/0.17,0.05/0.15,0.5,0.01,True,0.01,10,7500,0,0,10,1847.719435,0,40.29999883,0,0,0,0,0,0,0.2463625913,500,0,0,0,0
100000,10,0.15,0,fast,0,0.07/0.12/0.17,0.05/0.15,0.5,0.02,False,0.01,10,7500,0,0,10,1847.719435,0,40.29999883,0,0,0,0,0,0,0.2463625913,500,0,0,0,0
100000,10,0.15,0,fast,0,0.07/0.12/0.17,0.05/0.15,0.5,0.02,True,0.01,10,7500,0,0,10,1847.719435,0,40.29999883,0,0,0,0,0,0,0.2463625913,500,0,0,0,0
100000,10,0.15,0,fast,0,0.07/0.12/0.17,0.05/0.15,0.5,0.05,False,0.01,10,7500,0,0,10,1847.719435,0,40.29999883,0,0,0,0,0,0,0.2463625913,500,0,0,0,0
100000,10,0.15,0,fast,0,0.07/0.12/0.17,0.05/0.15,0.5,0.05,True,0.01,10,7500,0,0,10,1847.719435,0,40.29999883,0,0,0,0,0,0,0.2463625913,500,0,0,0,0
100000,10,0.15,0,fast,0,0.07/0.12/0.17,0.05/0.15,0.75,,False,0.01,10,7500,0,0,10,1685.931221,0,25.36591048,0,0,0,0,0,0,0.2247908295,500,0,0,0,0
100000,10,0.15,0,fast,0,0.07/0.12/0.17,0.05/0.15,0.75,0.005,False,0.01,10,7500,0,0,10,1685.931221,0,25.36591048,0,0,0,0,0,0,0.2247908295,500,0,0,0,0
100000,10,0.15,0,fast,0,0.07/0.12/0.17,0.05/0.15,0.75,0.005,True,0.01,10,7500,0,0,10,1685.931221,0,25.36591048,0,0,0,0,0,0,0.2247908295,500,0,0,0,0
100000,10,0.15,0,fast,0,0.07/0.12/0.17,0.05/0.15,0.75,0.01,False,0.01,10,7500,0,0,10,1685.931221,0,25.36591048,0,0,0,0,0,0,0.2247908295,500,0,0,0,0
100000,10,0.15,0,fast,0,0.07/0.12/0.17,0.05/0.15,0.75,0.01,True,0.01,10,7500,0,0,10,1685.931221,0,25.36591048,0,0,0,0,0,0,0.2247908295,500,0,0,0,0
100000,10,0.15,0,fast,0,0.07/0.12/0.17,0.05/0.15,0.75,0.02,False,0.01,10,7500,0,0,10,1685.931221,0,25.36591048,0,0,0,0,0,0,0.2247908295,500,0,0,0,0
100000,10,0.15,0,fast,0,0.07/0.12/0.17,0.05/0.15,0.75,0.02,True,0.01,10,7500,0,0,10,1685.931221,0,25.36591048,0,0,0,0,0,0,0.2247908295,500,0,0,0,0
100000,10,0.15,0,fast,0,0.07/0.12/0.17,0.05/0.15,0.75,0.05,False,0.01,10,7500,0,0,10,1685.931221,0,25.36591048,0,0,0,0,0,0,0.2247908295,500,0,0,0,0
100000,10,0.15,0,fast,0,0.07/0.12/0.17,0.05/0.15,0.75,0.05,True,0.01,10,7500,0,0,10,1685.931221,0,25.36591048,0,0,0,0,0,0,0.2247908295,500,0,0,0,0
100000,10,0.15,0,fast,0.25,0.07/0.12/0.17,0.05/0.15,0.5,,False,0.01,10,7500,0,0,10,2023.971264,0,35.88251144,0,0,0,0,0,0,0.2698628352,500,0,0,0,0
100000,10,0.15,0,fast,0.25,0.07/0.12/0.17,0.05/0.15,0.5,0.005,False,0.01,10,7500,0,0,10,2023.971264,0,35.88251144,0,0,0,0,0,0,0.2698628352,500,0,0,0,0
100000,10,0.15,0,fast,0.25,0.07/0.12/0.17,0.05/0.15,0.5,0.005,True,0.01,10,7500,0,0,10,2023.971264,0,35.88251144,0,0,0,0,0,0,0.2698628352,500,0,0,0,0
100000,10,0.15,0,fast,0.25,0.07/0.12/0.17,0.05/0.15,0.5,0.01,False,0.01,10,7500,0,0,10,2023.971264,0,35.88251144,0,0,0,0,0,0,0.2698628352,500,0,0,0,0
100000,10,0.15,0,fast,0.25,0.07/0.12/0.17,0.05/0.15,0.5,0.01,True,0.01,10,7500,0,0,10,2023.971264,0,35.88251144,0,0,0,0,0,0,0.2698628352,500,0,0,0,0
100000,10,0.15,0,fast,0.25,0.07/0.12/0.17,0.05/0.15,0.5,0.02,False,0.01,10,7500,0,0,10,2023.971264,0,35.88251144,0,0,0,0,0,0,0.2698628352,500,0,0,0,0
100000,10,0.15,0,fast,0.25,0.07/0.12/0.17,0.05/0.15,0.5,0.02,True,0.01,10,7500,0,0,10,2023.971264,0,35.88251144,0,0,0,0,0,0,0.2698628352,500,0,0,0,0
100000,10,0.15,0,fast,0.25,0.07/0.12/0.17,0.05/0.15,0.5,0.05,False,0.01,10,7500,0,0,10,2023.971264,0,35.88251144,0,0,0,0,0,0,0.2698628352,500,0,0,0,0
100000,10,0.15,0,fast,0.25,0.07/0.12/0.17,0.05/0.15,0.5,0.05,True,0.01,10,7500,0,0,10,2023.971264,0,35.88251144,0,0,0,0,0,0,0.2698628352,500,0,0,0,0
100000,10,0.15,0,fast,0.25,0.07/0.12/0.17,0.05/0.15,0.75,,False,0.01,10,7500,0,0,10,1920.113104,0,27.20211933,0,0,0,0,0,0,0.2560150806,500,0,0,0,0
100000,10,0.15,0,fast,0.25,0.07/0.12/0.17,0.05/0.15,0.75,0.005,False,0.01,10,7500,0,0,10,1920.113104,0,27.20211933,0,0,0,0,0,0,0.2560150806,500,0,0,0,0
100000,10,0.15,0,fast,0.25,0.07/0.12/0.17,0.05/0.15,0.75,0.005,True,0.01,10,7500,0,0,10,1920.113104,0,27.20211933,0,0,0,0,0,0,0.2560150806,500,0,0,0,0
100000,10,0.15,0,fast,0.25,0.07/0.12/0.17,0.05/0.15,0.75,0.01,False,0.01,10,7500,0,0,10,1920.113104,0,27.20211933,0,0,0,0,0,0,0.2560150806,500,0,0,0,0
100000,10,0.15,0,fast,0.25,0.07/0.12/0.17,0.05/0.15,0.75,0.01,True,0.01,10,7500,0,0,10,1920.113104,0,27.20211933,0,0,0,0,0,0,0.2560150806,500,0,0,0,0
100000,10,0.15,0,fast,0.25,0.07/0.12/0.17,0.05/0.15,0.75,0.02,False,0.01,10,7500,0,0,10,1920.113104,0,27.20211933,0,0,0,0,0,0,0.2560150806,500,0,0,0,0
100000,10,0.15,0,fast,0.25,0.07/0.12/0.17,0.05/0.15,0.75,0.02,True,0.01,10,7500,0,0,10,1920.113104,0,27.20211933,0,0,0,0,0,0,0.2560150806,500,0,0,0,0
100000,10,0.15,0,fast,0.25,0.07/0.12/0.17,0.05/0.15,0.75,0.05,False,0.01,10,7500,0,0,10,1920.113104,0,27.20211933,0,0,0,0,0,0,0.2560150806,500,0,0,0,0
100000,10,0.15,0,fast,0.25,0.07/0.12/0.17,0.05/0.15,0.75,0.05,True,0.01,10,7500,0,0,10,1920.113104,0,27.20211933,0,0,0,0,0,0,0.2560150806,500,0,0,0,0
100000,10,0.15,0,gap_flat,0,0.07/0.12/0.17,0.05/0.15,0.5,,False,0.01,10,7500,0,0,10,1752.549139,0,36.73605932,0,0,0,0,0,0,0.2336732185,500,0,0,0,0
100000,10,0.15,0,gap_flat,0,0.07/0.12/0.17,0.05/0.15,0.5,0.005,False,0.01,10,7500,0,0,10,1752.549139,0,36.73605932,0,0,0,0,0,0,0.2336732185,500,0,0,0,0
100000,10,0.15,0,gap_flat,0,0.07/0.12/0.17,0.05/0.15,0.5,0.005,True,0.01,10,7500,0,0,10,1752.549139,0,36.73605932,0,0,0,0,0,0,0.2336732185,500,0,0,0,0
100000,10,0.15,0,gap_flat,0,0.07/0.12/0.17,0.05/0.15,0.5,0.01,False,0.01,10,7500,0,0,10,1752.549139,0,36.73605932,0,0,0,0,0,0,0.2336732185,500,0,0,0,0
100000,10,0.15,0,gap_flat,0,0.07/0.12/0.17,0.05/0.15,0.5,0.01,True,0.01,10,7500,0,0,10,1752.549139,0,36.73605932,0,0,0,0,0,0,0.2336732185,500,0,0,0,0
100000,10,0.15,0,gap_flat,0,0.07/0.12/0.17,0.05/0.15,0.5,0.02,False,0.01,10,7500,0,0,10,1752.549139,0,36.73605932,0,0,0,0,0,0,0.2336732185,500,0,0,0,0
100000,10,0.15,0,gap_flat,0,0.07/0.12/0.17,0.05/0.15,0.5,0.02,True,0.01,10,7500,0,0,10,1752.549139,0,36.73605932,0,0,0,0,0,0,0.2336732185,500,0,0,0,0
100000,10,0.15,0,gap_flat,0,0.07/0.12/0.17,0.05/0.15,0.5,0.05,False,0.01,10,7500,0,0,10,1752.549139,0,36.73605932,0,0,0,0,0,0,0.2336732185,500,0,0,0,0
100000,10,0.15,0,gap_flat,0,0.07/0.12/0.17,0.05/0.15,0.5,0.05,True,0.01,10,7500,0,0,10,1752.549139,0,36.73605932,0,0,0,0,0,0,0.2336732185,500,0,0,0,0
100000,10,0.15,0,gap_flat,0,0.07/0.12/0.17,0.05/0.15,0.75,,False,0.01,10,7500,0,0,10,1739.531563,0,24.70015744,0,0,0,0,0,0,0.2319375418,500,0,0,0,0
100000,10,0.15,0,gap_flat,0,0.07/0.12/0.17,0.05/0.15,0.75,0.005,False,0.01,10,7500,0,0,10,1739.531563,0,24.70015744,0,0,0,0,0,0,0.2319375418,500,0,0,0,0
100000,10,0.15,0,gap_flat,0,0.07/0.12/0.17,0.05/0.15,0.75,0.005,True,0.01,10,7500,0,0,10,1739.531563,0,24.70015744,0,0,0,0,0,0,0.2319375418,500,0,0,0,0
100000,10,0.15,0,gap_flat,0,0.07/0.12/0.17,0.05/0.15,0.75,0.01,False,0.01,10,7500,0,0,10,1739.531563,0,24.70015744,0,0,0,0,0,0,0.2319375418,500,0,0,0,0
100000,10,0.15,0,gap_flat,0,0.07/0.12/0.17,0.05/0.15,0.75,0.01,True,0.01,10,7500,0,0,10,1739.531563,0,24.70015744,0,0,0,0,0,0,0.2319375418,500,0,0,0,0
100000,10,0.15,0,gap_flat,0,0.07/0.12/0.17,0.05/0.15,0.75,0.02,False,0.01,10,7500,0,0,10,1739.531563,0,24.70015744,0,0,0,0,0,0,0.2319375418,500,0,0,0,0
100000,10,0.15,0,gap_flat,0,0.07/0.12/0.17,0.05/0.15,0.75,0.02,True,0.01,10,7500,0,0,10,1739.531563,0,24.70015744,0,0,0,0,0,0,0.2319375418,500,0,0,0,0
100000,10,0.15,0,gap_flat,0,0.07/0.12/0.17,0.05/0.15,0.75,0.05,False,0.01,10,7500,0,0,10,1739.531563,0,24.70015744,0,0,0,0,0,0,0.2319375418,500,0,0,0,0
100000,10,0.15,0,gap_flat,0,0.07/0.12/0.17,0.05/0.15,0.75,0.05,True,0.01,10,7500,0,0,10,1739.531563,0,24.70015744,0,0,0,0,0,0,0.2319375418,500,0,0,0,0
100000,10,0.15,0,gap_flat,0.25,0.07/0.12/0.17,0.05/0.15,0.5,,False,0.01,10,7500,0,0,10,2051.116905,0,39.41089181,0,0,0,0,0,0,0.273482254,500,0,0,0,0
100000,10,0.15,0,gap_flat,0.25,0.07/0.12/0.17,0.05/0.15,0.5,0.005,False,0.01,10,7500,0,0,10,2051.116905,0,39.41089181,0,0,0,0,0,0,0.273482254,500,0,0,0,0
100000,10,0.15,0,gap_flat,0.25,0.07/0.12/0.17,0.05/0.15,0.5,0.005,True,0.01,10,7500,0,0,10,2051.116905,0,39.41089181,0,0,0,0,0,0,0.273482254,500,0,0,0,0
100000,10,0.15,0,gap_flat,0.25,0.07/0.12/0.17,0.05/0.15,0.5,0.01,False,0.01,10,7500,0,0,10,2051.116905,0,39.41089181,0,0,0,0,0,0,0.273482254,500,0,0,0,0
100000,10,0.15,0,gap_flat,0.25,0.07/0.12/0.17,0.05/0.15,0.5,0.01,True,0.01,10,7500,0,0,10,2051.116905,0,39.41089181,0,0,0,0,0,0,0.273482254,500,0,0,0,0
100000,10,0.15,0,gap_flat,0.25,0.07/0.12/0.17,0.05/0.15,0.5,0.02,False,0.01,10,7500,0,0,10,2051.116905,0,39.41089181,0,0,0,0,0,0,0.273482254,500,0,0,0,0
100000,10,0.15,0,gap_flat,0.25,0.07/0.12/0.17,0.05/0.15,0.5,0.02,True,0.01,10,7500,0,0,10,2051.116905,0,39.41089181,0,0,0,0,0,0,0.273482254,500,0,0,0,0
100000,10,0.15,0,gap_flat,0.25,0.07/0.12/0.17,0.05/0.15,0.5,0.05,False,0.01,10,7500,0,0,10,2051.116905,0,39.41089181,0,0,0,0,0,0,0.273482254,500,0,0,0,0
100000,10,0.15,0,gap_flat,0.25,0.07/0.12/0.17,0.05/0.15,0.5,0.05,True,0.01,10,7500,0,0,10,2051.116905,0,39.41089181,0,0,0,0,0,0,0.273482254,500,0,0,0,0
100000,10,0.15,0,gap_flat,0.25,0.07/0.12/0.17,0.05/0.15,0.75,,False,0.01,10,7500,0,0,10,2035.617927,0,25.30782802,0,0,0,0,0,0,0.2714157236,500,0,0,0,0
100000,10,0.15,0,gap_flat,0.25,0.07/0.12/0.17,0.05/0.15,0.75,0.005,False,0.01,10,7500,0,0,10,2035.617927,0,25.30782802,0,0,0,0,0,0,0.2714157236,500,0,0,0,0
100000,10,0.15,0,gap_flat,0.25,0.07/0.12/0.17,0.05/0.15,0.75,0.005,True,0.01,10,7500,0,0,10,2035.617927,0,25.30782802,0,0,0,0,0,0,0.2714157236,500,0,0,0,0
100000,10,0.15,0,gap_flat,0.25,0.07/0.12/0.17,0.05/0.15,0.75,0.01,False,0.01,10,7500,0,0,10,2035.617927,0,25.30782802,0,0,0,0,0,0,0.2714157236,500,0,0,0,0
100000,10,0.15,0,gap_flat,0.25,0.07/0.12/0.17,0.05/0.15,0.75,0.01,True,0.01,10,7500,0,0,10,2035.617927,0,25.30782802,0,0,0,0,0,0,0.2714157236,500,0,0,0,0
100000,10,0.15,0,gap_flat,0.25,0.07/0.12/0.17,0.05/0.15,0.75,0.02,False,0.01,10,7500,0,0,10,2035.617927,0,25.30782802,0,0,0,0,0,0,0.2714157236,500,0,0,0,0
100000,10,0.15,0,gap_flat,0.25,0.07/0.12/0.17,0.05/0.15,0.75,0.02,True,0.01,10,7500,0,0,10,2035.617927,0,25.30782802,0,0,0,0,0,0,0.2714157236,500,0,0,0,0
100000,10,0.15,0,gap_flat,0.25,0.07/0.12/0.17,0.05/0.15,0.75,0.05,False,0.01,10,7500,0,0,10,2035.617927,0,25.30782802,0,0,0,0,0,0,0.2714157236,500,0,0,0,0
100000,10,0.15,0,gap_flat,0.25,0.07/0.12/0.17,0.05/0.15,0.75,0.05,True,0.01,10,7500,0,0,10,2035.617927,0,25.30782802,0,0,0,0,0,0,0.2714157236,500,0,0,0,0
100000,10,0.15,1,slow,0,0.07/0.12/0.17,0.05/0.15,0.5,,False,0.01,10,7500,72,1,0,0,4.344014572,0,13.03632,0.3326991259,0,0,0,0,0,0,994.8553594,9,76.44858179,2
100000,10,0.15,1,slow,0,0.07/0.12/0.17,0.05/0.15,0.5,0.005,False,0.01,10,7500,72,1,0,0,4.344014572,0,13.03632,0.3326991259,0,0,0,0,0,0,994.8553594,9,76.44858179,2
100000,10,0.15,1,slow,0,0.07/0.12/0.17,0.05/0.15,0.5,0.005,True,0.01,10,7500,72,1,0,0,4.344014572,0,13.03632,0.3326991259,0,0,0,0,0,0,994.8553594,9,76.44858179,2
100000,10,0.15,1,slow,0,0.07/0.12/0.17,0.05/0.15,0.5,0.01,False,0.01,10,7500,72,1,0,0,4.344014572,0,13.03632,0.3326991259,0,0,0,0,0,0,994.8553594,9,76.44858179,2
100000,10,0.15,1,slow,0,0.07/0.12/0.17,0.05/0.15,0.5,0.01,True,0.01,10,7500,72,1,0,0,4.344014572,0,13.03632,0.3326991259,0,0,0,0,0,0,994.8553594,9,76.44858179,2
100000,10,0.15,1,slow,0,0.07/0.12/0.17,0.05/0.15,0.5,0.02,False,0.01,10,7500,72,1,0,0,4.344014572,0,13.03632,0.3326991259,0,0,0,0,0,0,994.8553594,9,76.44858179,2
100000,10,0.15,1,slow,0,0.07/0.12/0.17,0.05/0.15,0.5,0.02,True,0.01,10,7500,70,0,0,0,457.8223822,0,14.59224412,34.52850426,4,5.12794571,34.52850426,2462.286625,0,0,213.5456115,6,18.8637408,0
100000,10,0.15,1,slow,0,0.07/0.12/0.17,0.05/0.15,0.5,0.05,False,0.01,10,7500,91,1,0,0,132.0042054,0,13.68363178,28.93799333,1,0.2860380683,28.78956199,750,0,0,670.3631497,8,59.47325681,0
100000,10,0.15,1,slow,0,0.07/0.12/0.17,0.05/0.15,0.5,0.05,True,0.01,10,7500,1,0,0,0,73.72393869,0,15.00080237,220.511107,10,4.742339708,220.511107,7299.808317,0,0,0,0,0,0
100000,10,0.15,1,slow,0,0.07/0.12/0.17,0.05/0.15,0.75,,False,0.01,10,7500,72,1,0,0,4.344014572,0,13.03632,0.3326991259,0,0,0,0,0,0,994.8553594,9,76.44858179,2
100000,10,0.15,1,slow,0,0.07/0.12/0.17,0.05/0.15,0.75,0.005,False,0.01,10,7500,72,1,0,0,4.344014572,0,13.03632,0.3326991259,0,0,0,0,0,0,994.8553594,9,76.44858179,2
100000,10,0.15,1,slow,0,0.07/0.12/0.17,0.05/0.15,0.75,0.005,True,0.01,10,7500,72,1,0,0,4.344014572,0,13.03632,0.3326991259,0,0,0,0,0,0,994.8553594,9,76.44858179,2
100000,10,0.15,1,slow,0,0.07/0.12/0.17,0.05/0.15,0.75,0.01,False,0.01,10,7500,72,1,0,0,4.344014572,0,13.03632,0.3326991259,0,0,0,0,0,0,994.8553594,9,76.44858179,2
100000,10,0.15,1,slow,0,0.07/0.12/0.17,0.05/0.15,0.75,0.01,True,0.01,10,7500,72,1,0,0,4.344014572,0,13.03632,0.3326991259,0,0,0,0,0,0,994.8553594,9,76.44858179,2
100000,10,0.15,1,slow,0,0.07/0.12/0.17,0.05/0.15,0.75,0.02,False,0.01,10,7500,72,1,0,0,4.344014572,0,13.03632,0.3326991259,0,0,0,0,0,0,994.8553594,9,76.44858179,2
100000,10,0.15,1,slow,0,0.07/0.12/0.17,0.05/0.15,0.75,0.02,True,0.01,10,7500,70,0,0,0,457.8223822,0,14.59224412,34.52850426,4,5.12794571,34.52850426,2462.286625,0,0,213.5456115,6,18.8637408,0
100000,10,0.15,1,slow,0,0.07/0.12/0.17,0.05/0.15,0.75,0.05,False,0.01,10,7500,91,1,0,0,132.0042054,0,13.68363178,28.93799333,1,0.2860380683,28.78956199,750,0,0,670.3631497,8,59.47325681,0
100000,10,0.15,1,slow,0,0.07/0.12/0.17,0.05/0.15,0.75,0.05,True,0.01,10,7500,1,0,0,0,73.72393869,0,15.00080237,220.511107,10,4.742339708,220.511107,7299.808317,0,0,0,0,0,0
100000,10,0.15,1,slow,0.25,0.07/0.12/0.17,0.05/0.15,0.5,,False,0.01,10,7500,74,0,0,0,4.576664553,0,13.09436049,0,0,0,0,0,0,0,965.9141179,10,74.23812677,7
100000,10,0.15,1,slow,0.25,0.07/0.12/0.17,0.05/0.15,0.5,0.005,False,0.01,10,7500,74,0,0,0,4.576664553,0,13.09436049,0,0,0,0,0,0,0,965.9141179,10,74.23812677,7
100000,10,0.15,1,slow,0.25,0.07/0.12/0.17,0.05/0.15,0.5,0.005,True,0.01,10,7500,74,0,0,0,4.576664553,0,13.09436049,0,0,0,0,0,0,0,965.9141179,10,74.23812677,7
100000,10,0.15,1,slow,0.25,0.07/0.12/0.17,0.05/0.15,0.5,0.01,False,0.01,10,7500,74,0,0,0,4.576664553,0,13.09436049,0,0,0,0,0,0,0,965.9141179,10,74.23812677,7
100000,10,0.15,1,slow,0.25,0.07/0.12/0.17,0.05/0.15,0.5,0.01,True,0.01,10,7500,74,0,0,0,4.576664553,0,13.09436049,0,0,0,0,0,0,0,965.9141179,10,74.23812677,7
100000,10,0.15,1,slow,0.25,0.07/0.12/0.17,0.05/0.15,0.5,0.02,False,0.01,10,7500,89,0,0,0,188.4808051,0,13.80615835,12.82264791,1,1.616837013,12.82264791,750,0,0,609.2269837,9,50.49764635,0
100000,10,0.15,1,slow,0.25,0.07/0.12/0.17,0.05/0.15,0.5,0.02,True,0.01,10,7500,81,0,0,0,818.4825353,0,14.70742299,17.61524445,4,5.238252394,17.61524445,3000,0,0,80.19484749,6,7.138070194,0
100000,10,0.15,1,slow,0.25,0.07/0.12/0.17,0.05/0.15,0.5,0.05,False,0.01,10,7500,95,0,0,0,200.8144268,0,13.78998951,24.47959481,1,0.2844581232,24.47959481,750,0,0,617.2952334,9,51.27731249,0
100000,10,0.15,1,slow,0.25,0.07/0.12/0.17,0.05/0.15,0.5,0.05,True,0.01,10,7500,3,0,0,0,342.695039,0,14.19828766,95.4147752,10,7.966035685,95.4147752,6301.896942,0,0,0,0,0,0
100000,10,0.15,1,slow,0.25,0.07/0.12/0.17,0.05/0.15,0.75,,False,0.01,10,7500,74,0,0,0,4.576664553,0,13.09436049,0,0,0,0,0,0,0,965.9141179,10,74.23812677,7
100000,10,0.15,1,slow,0.25,0.07/0.12/0.17,0.05/0.15,0.75,0.005,False,0.01,10,7500,74,0,0,0,4.576664553,0,13.09436049,0,0,0,0,0,0,0,965.9141179,10,74.23812677,7
100000,10,0.15,1,slow,0.25,0.07/0.12/0.17,0.05/0.15,0.75,0.005,True,0.01,10,7500,74,0,0,0,4.576664553,0,13.09436049,0,0,0,0,0,0,0,965.9141179,10,74.23812677,7
100000,10,0.15,1,slow,0.25,0.07/0.12/0.17,0.05/0.15,0.75,0.01,False,0.01,10,7500,74,0,0,0,4.576664553,0,13.09436049,0,0,0,0,0,0,0,965.9141179,10,74.23812677,7
100000,10,0.15,1,slow,0.25,0.07/0.12/0.17,0.05/0.15,0.75,0.01,True,0.01,10,7500,74,0,0,0,4.576664553,0,13.09436049,0,0,0,0,0,0,0,965.9141179,10,74.23812677,7
100000,10,0.15,1,slow,0.25,0.07/0.12/0.17,0.05/0.15,0.75,0.02,False,0.01,10,7500,89,0,0,0,188.4808051,0,13.80615835,12.82264791,1,1.616837013,12.82264791,750,0,0,609.2269837,9,50.49764635,0
100000,10,0.15,1,slow,0.25,0.07/0.12/0.17,0.05/0.15,0.75,0.02,True,0.01,10,7500,81,0,0,0,818.4825353,0,14.70742299,17.61524445,4,5.238252394,17.61524445,3000,0,0,80.19484749,6,7.138070194,0
100000,10,0.15,1,slow,0.25,0.07/0.12/0.17,0.05/0.15,0.75,0.05,False,0.01,10,7500,95,0,0,0,200.8144268,0,13.78998951,24.47959481,1,0.2844581232,24.47959481,750,0,0,617.2952334,9,51.27731249,0
100000,10,0.15,1,slow,0.25,0.07/0.12/0.17,0.05/0.15,0.75,0.05,True,0.01,10,7500,3,0,0,0,342.695039,0,14.19828766,95.4147752,10,7.966035685,95.4147752,6301.896942,0,0,0,0,0,0
100000,10,0.15,1,fast,0,0.07/0.12/0.17,0.05/0.15,0.5,,False,0.01,10,7500,0,0,10,1847.719435,0,40.29999883,0,0,0,0,0,0,0.2463625913,500,0,0,0,0
100000,10,0.15,1,fast,0,0.07/0.12/0.17,0.05/0.15,0.5,0.005,False,0.01,10,7500,0,0,10,1847.719435,0,40.29999883,0,0,0,0,0,0,0.2463625913,500,0,0,0,0
100000,10,0.15,1,fast,0,0.07/0.12/0.17,0.05/0.15,0.5,0.005,True,0.01,10,7500,0,0,10,1847.719435,0,40.29999883,0,0,0,0,0,0,0.2463625913,500,0,0,0,0
100000,10,0.15,1,fast,0,0.07/0.12/0.17,0.05/0.15,0.5,0.01,False,0.01,10,7500,0,0,10,1847.719435,0,40.29999883,0,0,0,0,0,0,0.2463625913,500,0,0,0,0
100000,10,0.15,1,fast,0,0.07/0.12/0.17,0.05/0.15,0.5,0.01,True,0.01,10,7500,0,0,10,1847.719435,0,40.29999883,0,0,0,0,0,0,0.2463625913,500,0,0,0,0
100000,10,0.15,1,fast,0,0.07/0.12/0.17,0.05/0.15,0.5,0.02,False,0.01,10,7500,0,0,10,1847.719435,0,40.29999883,0,0,0,0,0,0,0.2463625913,500,0,0,0,0
100000,10,0.15,1,fast,0,0.07/0.12/0.17,0.05/0.15,0.5,0.02,True,0.01,10,7500,0,0,10,1847.719435,0,40.29999883,0,0,0,0,0,0,0.2463625913,500,0,0,0,0
100000,10,0.15,1,fast,0,0.07/0.12/0.17,0.05/0.15,0.5,0.05,False,0.01,10,7500,0,0,10,1847.719435,0,40.29999883,0,0,0,0,0,0,0.2463625913,500,0,0,0,0
100000,10,0.15,1,fast,0,0.07/0.12/0.17,0.05/0.15,0.5,0.05,True,0.01,10,7500,0,0,10,1847.719435,0,40.29999883,0,0,0,0,0,0,0.2463625913,500,0,0,0,0
100000,10,0.15,1,fast,0,0.07/0.12/0.17,0.05/0.15,0.75,,False,0.01,10,7500,0,0,10,1685.931221,0,25.36591048,0,0,0,0,0,0,0.2247908295,500,0,0,0,0
100000,10,0.15,1,fast,0,0.07/0.12/0.17,0.05/0.15,0.75,0.005,False,0.01,10,7500,0,0,10,1685.931221,0,25.36591048,0,0,0,0,0,0,0.2247908295,500,0,0,0,0
100000,10,0.15,1,fast,0,0.07/0.12/0.17,0.05/0.15,0.75,0.005,True,0.01,10,7500,0,0,10,1685.931221,0,25.36591048,0,0,0,0,0,0,0.2247908295,500,0,0,0,0
100000,10,0.15,1,fast,0,0.07/0.12/0.17,0.05/0.15,0.75,0.01,False,0.01,10,7500,0,0,10,1685.931221,0,25.36591048,0,0,0,0,0,0,0.2247908295,500,0,0,0,0
100000,10,0.15,1,fast,0,0.07/0.12/0.17,0.05/0.15,0.75,0.01,True,0.01,10,7500,0,0,10,1685.931221,0,25.36591048,0,0,0,0,0,0,0.2247908295,500,0,0,0,0
100000,10,0.15,1,fast,0,0.07/0.12/0.17,0.05/0.15,0.75,0.02,False,0.01,10,7500,0,0,10,1685.931221,0,25.36591048,0,0,0,0,0,0,0.2247908295,500,0,0,0,0
100000,10,0.15,1,fast,0,0.07/0.12/0.17,0.05/0.15,0.75,0.02,True,0.01,10,7500,0,0,10,1685.931221,0,25.36591048,0,0,0,0,0,0,0.2247908295,500,0,0,0,0
100000,10,0.15,1,fast,0,0.07/0.12/0.17,0.05/0.15,0.75,0.05,False,0.01,10,7500,0,0,10,1685.931221,0,25.36591048,0,0,0,0,0,0,0.2247908295,500,0,0,0,0
100000,10,0.15,1,fast,0,0.07/0.12/0.17,0.05/0.15,0.75,0.05,True,0.01,10,7500,0,0,10,1685.931221,0,25.36591048,0,0,0,0,0,0,0.2247908295,500,0,0,0,0
100000,10,0.15,1,fast,0.25,0.07/0.12/0.17,0.05/0.15,0.5,,False,0.01,10,7500,0,0,10,2023.971264,0,35.88251144,0,0,0,0,0,0,0.2698628352,500,0,0,0,0
100000,10,0.15,1,fast,0.25,0.07/0.12/0.17,0.05/0.15,0.5,0.005,False,0.01,10,7500,0,0,10,2023.971264,0,35.88251144,0,0,0,0,0,0,0.2698628352,500,0,0,0,0
100000,10,0.15,1,fast,0.25,0.07/0.12/0.17,0.05/0.15,0.5,0.005,True,0.01,10,7500,0,0,10,2023.971264,0,35.88251144,0,0,0,0,0,0,0.2698628352,500,0,0,0,0
100000,10,0.15,1,fast,0.25,0.07/0.12/0.17,0.05/0.15,0.5,0.01,False,0.01,10,7500,0,0,10,2023.971264,0,35.88251144,0,0,0,0,0,0,0.2698628352,500,0,0,0,0
100000,10,0.15,1,fast,0.25,0.07/0.12/0.17,0.05/0.15,0.5,0.01,True,0.01,10,7500,0,0,10,2023.971264,0,35.88251144,0,0,0,0,0,0,0.2698628352,500,0,0,0,0
100000,10,0.15,1,fast,0.25,0.07/0.12/0.17,0.05/0.15,0.5,0.02,False,0.01,10,7500,0,0,10,2023.971264,0,35.88251144,0,0,0,0,0,0,0.2698628352,500,0,0,0,0
100000,10,0.15,1,fast,0.25,0.07/0.12/0.17,0.05/0.15,0.5,0.02,True,0.01,10,7500,0,0,10,2023.971264,0,35.88251144,0,0,0,0,0,0,0.2698628352,500,0,0,0,0
100000,10,0.15,1,fast,0.25,0.07/0.12/0.17,0.05/0.15,0.5,0.05,False,0.01,10,7500,0,0,10,2023.971264,0,35.88251144,0,0,0,0,0,0,0.2698628352,500,0,0,0,0
100000,10,0.15,1,fast,0.25,0.07/0.12/0.17,0.05/0.15,0.5,0.05,True,0.01,10,7500,0,0,10,2023.971264,0,35.88251144,0,0,0,0,0,0,0.2698628352,500,0,0,0,0
100000,10,0.15,1,fast,0.25,0.07/0.12/0.17,0.05/0.15,0.75,,False,0.01,10,7500,0,0,10,1920.113104,0,27.20211933,0,0,0,0,0,0,0.2560150806,500,0,0,0,0
100000,10,0.15,1,fast,0.25,0.07/0.12/0.17,0.05/0.15,0.75,0.005,False,0.01,10,7500,0,0,10,1920.113104,0,27.20211933,0,0,0,0,0,0,0.2560150806,500,0,0,0,0
100000,10,0.15,1,fast,0.25,0.07/0.12/0.17,0.05/0.15,0.75,0.005,True,0.01,10,7500,0,0,10,1920.113104,0,27.20211933,0,0,0,0,0,0,0.2560150806,500,0,0,0,0
100000,10,0.15,1,fast,0.25,0.07/0.12/0.17,0.05/0.15,0.75,0.01,False,0.01,10,7500,0,0,10,1920.113104,0,27.20211933,0,0,0,0,0,0,0.2560150806,500,0,0,0,0
100000,10,0.15,1,fast,0.25,0.07/0.12/0.17,0.05/0.15,0.75,0.01,True,0.01,10,7500,0,0,10,1920.113104,0,27.20211933,0,0,0,0,0,0,0.2560150806,500,0,0,0,0
100000,10,0.15,1,fast,0.25,0.07/0.12/0.17,0.05/0.15,0.75,0.02,False,0.01,10,7500,0,0,10,1920.113104,0,27.20211933,0,0,0,0,0,0,0.2560150806,500,0,0,0,0
100000,10,0.15,1,fast,0.25,0.07/0.12/0.17,0.05/0.15,0.75,0.02,True,0.01,10,7500,0,0,10,1920.113104,0,27.20211933,0,0,0,0,0,0,0.2560150806,500,0,0,0,0
100000,10,0.15,1,fast,0.25,0.07/0.12/0.17,0.05/0.15,0.75,0.05,False,0.01,10,7500,0,0,10,1920.113104,0,27.20211933,0,0,0,0,0,0,0.2560150806,500,0,0,0,0
100000,10,0.15,1,fast,0.25,0.07/0.12/0.17,0.05/0.15,0.75,0.05,True,0.01,10,7500,0,0,10,1920.113104,0,27.20211933,0,0,0,0,0,0,0.2560150806,500,0,0,0,0
100000,10,0.15,1,gap_flat,0,0.07/0.12/0.17,0.05/0.15,0.5,,False,0.01,10,7500,11,0,9,1563.692376,36.19983279,32.75204872,1.496780111,0,0,0,0,0,0.2084923168,500,3.106724477,1,0.2401657048,0
100000,10,0.15,1,gap_flat,0,0.07/0.12/0.17,0.05/0.15,0.5,0.005,False,0.01,10,7500,11,0,9,1563.692376,36.19983279,32.75204872,1.496780111,0,0,0,0,0,0.2084923168,500,3.106724477,1,0.2401657048,0
100000,10,0.15,1,gap_flat,0,0.07/0.12/0.17,0.05/0.15,0.5,0.005,True,0.01,10,7500,11,0,9,1563.692376,36.19983279,32.75204872,1.496780111,0,0,0,0,0,0.2084923168,500,3.106724477,1,0.2401657048,0
100000,10,0.15,1,gap_flat,0,0.07/0.12/0.17,0.05/0.15,0.5,0.01,False,0.01,10,7500,11,0,9,1563.692376,36.19983279,32.75204872,1.496780111,0,0,0,0,0,0.2084923168,500,3.106724477,1,0.2401657048,0
100000,10,0.15,1,gap_flat,0,0.07/0.12/0.17,0.05/0.15,0.5,0.01,True,0.01,10,7500,11,0,9,1563.692376,36.19983279,32.75204872,1.496780111,0,0,0,0,0,0.2084923168,500,3.106724477,1,0.2401657048,0
100000,10,0.15,1,gap_flat,0,0.07/0.12/0.17,0.05/0.15,0.5,0.02,False,0.01,10,7500,11,0,9,1563.692376,36.19983279,32.75204872,1.496780111,0,0,0,0,0,0.2084923168,500,3.106724477,1,0.2401657048,0
100000,10,0.15,1,gap_flat,0,0.07/0.12/0.17,0.05/0.15,0.5,0.02,True,0.01,10,7500,11,0,9,1563.692376,36.19983279,32.75204872,1.496780111,0,0,0,0,0,0.2084923168,500,3.106724477,1,0.2401657048,0
100000,10,0.15,1,gap_flat,0,0.07/0.12/0.17,0.05/0.15,0.5,0.05,False,0.01,10,7500,11,0,9,1563.692376,36.19983279,32.75204872,1.496780111,0,0,0,0,0,0.2084923168,500,3.106724477,1,0.2401657048,0
100000,10,0.15,1,gap_flat,0,0.07/0.12/0.17,0.05/0.15,0.5,0.05,True,0.01,10,7500,11,0,9,1563.692376,36.19983279,32.75204872,1.496780111,0,0,0,0,0,0.2084923168,500,3.106724477,1,0.2401657048,0
100000,10,0.15,1,gap_flat,0,0.07/0.12/0.17,0.05/0.15,0.75,,False,0.01,10,7500,11,0,9,1552.529469,33.23458937,22.38050461,1.498713315,0,0,0,0,0,0.2070039292,500,2.142055782,1,0.1684004352,0
100000,10,0.15,1,gap_flat,0,0.07/0.12/0.17,0.05/0.15,0.75,0.005,False,0.01,10,7500,11,0,9,1552.529469,33.23458937,22.38050461,1.498713315,0,0,0,0,0,0.2070039292,500,2.142055782,1,0.1684004352,0
100000,10,0.15,1,gap_flat,0,0.07/0.12/0.17,0.05/0.15,0.75,0.005,True,0.01,10,7500,11,0,9,1552.529469,33.23458937,22.38050461,1.498713315,0,0,0,0,0,0.2070039292,500,2.142055782,1,0.1684004352,0
100000,10,0.15,1,gap_flat,0,0.07/0.12/0.17,0.05/0.15,0.75,0.01,False,0.01,10,7500,11,0,9,1552.529469,33.23458937,22.38050461,1.498713315,0,0,0,0,0,0.2070039292,500,2.142055782,1,0.1684004352,0
100000,10,0.15,1,gap_flat,0,0.07/0.12/0.17,0.05/0.15,0.75,0.01,True,0.01,10,7500,11,0,9,1552.529469,33.23458937,22.38050461,1.498713315,0,0,0,0,0,0.2070039292,500,2.142055782,1,0.1684004352,0
100000,10,0.15,1,gap_flat,0,0.07/0.12/0.17,0.05/0.15,0.75,0.02,False,0.01,10,7500,11,0,9,1552.529469,33.23458937,22.38050461,1.498713315,0,0,0,0,0,0.2070039292,500,2.142055782,1,0.1684004352,0
100000,10,0.15,1,gap_flat,0,0.07/0.12/0.17,0.05/0.15,0.75,0.02,True,0.01,10,7500,11,0,9,1552.529469,33.23458937,22.38050461,1.498713315,0,0,0,0,0,0.2070039292,500,2.142055782,1,0.1684004352,0
100000,10,0.15,1,gap_flat,0,0.07/0.12/0.17,0.05/0.15,0.75,0.05,False,0.01,10,7500,11,0,9,1552.529469,33.23458937,22.38050461,1.498713315,0,0,0,0,0,0.2070039292,500,2.142055782,1,0.1684004352,0
100000,10,0.15,1,gap_flat,0,0.07/0.12/0.17,0.05/0.15,0.75,0.05,True,0.01,10,7500,11,0,9,1552.529469,33.23458937,22.38050461,1.498713315,0,0,0,0,0,0.2070039292,500,2.142055782,1,0.1684004352,0
100000,10,0.15,1,gap_flat,0.25,0.07/0.12/0.17,0.05/0.15,0.5,,False,0.01,10,7500,15,0,9,1798.489103,32.1442261,34.48303187,1.50263251,0,0,0,0,0,0.239798547,500,0.1863773919,1,0.01980670843,0
100000,10,0.15,1,gap_flat,0.25,0.07/0.12/0.17,0.05/0.15,0.5,0.005,False,0.01,10,7500,15,0,9,1798.489103,32.1442261,34.48303187,1.50263251,0,0,0,0,0,0.239798547,500,0.1863773919,1,0.01980670843,0
100000,10,0.15,1,gap_flat,0.25,0.07/0.12/0.17,0.05/0.15,0.5,0.005,True,0.01,10,7500,15,0,9,1798.489103,32.1442261,34.48303187,1.50263251,0,0,0,0,0,0.239798547,500,0.1863773919,1,0.01980670843,0
100000,10,0.15,1,gap_flat,0.25,0.07/0.12/0.17,0.05/0.15,0.5,0.01,False,0.01,10,7500,15,0,9,1798.489103,32.1442261,34.48303187,1.50263251,0,0,0,0,0,0.239798547,500,0.1863773919,1,0.01980670843,0
100000,10,0.15,1,gap_flat,0.25,0.07/0.12/0.17,0.05/0.15,0.5,0.01,True,0.01,10,7500,15,0,9,1798.489103,32.1442261,34.48303187,1.50263251,0,0,0,0,0,0.239798547,500,0.1863773919,1,0.01980670843,0
100000,10,0.15,1,gap_flat,0.25,0.07/0.12/0.17,0.05/0.15,0.5,0.02,False,0.01,10,7500,15,0,9,1798.489103,32.1442261,34.48303187,1.50263251,0,0,0,0,0,0.239798547,500,0.1863773919,1,0.01980670843,0
100000,10,0.15,1,gap_flat,0.25,0.07/0.12/0.17,0.05/0.15,0.5,0.02,True,0.01,10,7500,15,0,9,1798.489103,32.1442261,34.48303187,1.50263251,0,0,0,0,0,0.239798547,500,0.1863773919,1,0.01980670843,0
100000,10,0.15,1,gap_flat,0.25,0.07/0.12/0.17,0.05/0.15,0.5,0.05,False,0.01,10,7500,15,0,9,1798.489103,32.1442261,34.48303187,1.50263251,0,0,0,0,0,0.239798547,500,0.1863773919,1,0.01980670843,0
100000,10,0.15,1,gap_flat,0.25,0.07/0.12/0.17,0.05/0.15,0.5,0.05,True,0.01,10,7500,15,0,9,1798.489103,32.1442261,34.48303187,1.50263251,0,0,0,0,0,0.239798547,500,0.1863773919,1,0.01980670843,0
100000,10,0.15,1,gap_flat,0.25,0.07/0.12/0.17,0.05/0.15,0.75,,False,0.01,10,7500,15,0,9,1784.918197,37.72964945,22.01715787,1.502210761,0,0,0,0,0,0.2379890929,500,0.3968300999,1,0.03134598151,0
100000,10,0.15,1,gap_flat,0.25,0.07/0.12/0.17,0.05/0.15,0.75,0.005,False,0.01,10,7500,15,0,9,1784.918197,37.72964945,22.01715787,1.502210761,0,0,0,0,0,0.2379890929,500,0.3968300999,1,0.03134598151,0
100000,10,0.15,1,gap_flat,0.25,0.07/0.12/0.17,0.05/0.15,0.75,0.005,True,0.01,10,7500,15,0,9,1784.918197,37.72964945,22.01715787,1.502210761,0,0,0,0,0,0.2379890929,500,0.3968300999,1,0.03134598151,0
100000,10,0.15,1,gap_flat,0.25,0.07/0.12/0.17,0.05/0.15,0.75,0.01,False,0.01,10,7500,15,0,9,1784.918197,37.72964945,22.01715787,1.502210761,0,0,0,0,0,0.2379890929,500,0.3968300999,1,0.03134598151,0
100000,10,0.15,1,gap_flat,0.25,0.07/0.12/0.17,0.05/0.15,0.75,0.01,True,0.01,10,7500,15,0,9,1784.918197,37.72964945,22.01715787,1.502210761,0,0,0,0,0,0.2379890929,500,0.3968300999,1,0.03134598151,0
100000,10,0.15,1,gap_flat,0.25,0.07/0.12/0.17,0.05/0.15,0.75,0.02,False,0.01,10,7500,15,0,9,1784.918197,37.72964945,22.01715787,1.502210761,0,0,0,0,0,0.2379890929,500,0.3968300999,1,0.03134598151,0
100000,10,0.15,1,gap_flat,0.25,0.07/0.12/0.17,0.05/0.15,0.75,0.02,True,0.01,10,7500,15,0,9,1784.918197,37.72964945,22.01715787,1.502210761,0,0,0,0,0,0.2379890929,500,0.3968300999,1,0.03134598151,0
100000,10,0.15,1,gap_flat,0.25,0.07/0.12/0.17,0.05/0.15,0.75,0.05,False,0.01,10,7500,15,0,9,1784.918197,37.72964945,22.01715787,1.502210761,0,0,0,0,0,0.2379890929,500,0.3968300999,1,0.03134598151,0
100000,10,0.15,1,gap_flat,0.25,0.07/0.12/0.17,0.05/0.15,0.75,0.05,True,0.01,10,7500,15,0,9,1784.918197,37.72964945,22.01715787,1.502210761,0,0,0,0,0,0.2379890929,500,0.3968300999,1,0.03134598151,0
100000,10,0.15,5,slow,0,0.07/0.12/0.17,0.05/0.15,0.5,,False,0.01,10,7500,47,0,0,0,5.892335164,0,12.83790803,0,0,0,0,0,0,0,1093.883893,10,83.24384034,2
100000,10,0.15,5,slow,0,0.07/0.12/0.17,0.05/0.15,0.5,0.005,False,0.01,10,7500,47,0,0,0,5.892335164,0,12.83790803,0,0,0,0,0,0,0,1093.883893,10,83.24384034,2
100000,10,0.15,5,slow,0,0.07/0.12/0.17,0.05/0.15,0.5,0.005,True,0.01,10,7500,47,0,0,0,5.892335164,0,12.83790803,0,0,0,0,0,0,0,1093.883893,10,83.24384034,2
100000,10,0.15,5,slow,0,0.07/0.12/0.17,0.05/0.15,0.5,0.01,False,0.01,10,7500,47,0,0,0,5.892335164,0,12.83790803,0,0,0,0,0,0,0,1093.883893,10,83.24384034,2
100000,10,0.15,5,slow,0,0.07/0.12/0.17,0.05/0.15,0.5,0.01,True,0.01,10,7500,47,0,0,0,5.892335164,0,12.83790803,0,0,0,0,0,0,0,1093.883893,10,83.24384034,2
100000,10,0.15,5,slow,0,0.07/0.12/0.17,0.05/0.15,0.5,0.02,False,0.01,10,7500,47,0,0,0,5.892335164,0,12.83790803,0,0,0,0,0,0,0,1093.883893,10,83.24384034,2
100000,10,0.15,5,slow,0,0.07/0.12/0.17,0.05/0.15,0.5,0.02,True,0.01,10,7500,50,1,0,0,344.6711314,0,14.68184173,40.29586713,5,4.201278767,40.2780626,2513.03335,0,0,168.7341535,4,16.0330183,0
100000,10,0.15,5,slow,0,0.07/0.12/0.17,0.05/0.15,0.5,0.05,False,0.01,10,7500,93,0,0,0,156.4705285,0,13.68241194,28.78956199,1,0.2860380683,28.78956199,750,0,0,670.9764401,9,59.55654957,0
100000,10,0.15,5,slow,0,0.07/0.12/0.17,0.05/0.15,0.5,0.05,True,0.01,10,7500,1,0,0,0,75.10989085,0,15.00080237,220.511107,10,4.742339708,220.511107,7299.808317,0,0,0,0,0,0
100000,10,0.15,5,slow,0,0.07/0.12/0.17,0.05/0.15,0.75,,False,0.01,10,7500,47,0,0,0,5.892335164,0,12.83790803,0,0,0,0,0,0,0,1093.883893,10,83.24384034,2
100000,10,0.15,5,slow,0,0.07/0.12/0.17,0.05/0.15,0.75,0.005,False,0.01,10,7500,47,0,0,0,5.892335164,0,12.83790803,0,0,0,0,0,0,0,1093.883893,10,83.24384034,2
100000,10,0.15,5,slow,0,0.07/0.12/0.17,0.05/0.15,0.75,0.005,True,0.01,10,7500,47,0,0,0,5.892335164,0,12.83790803,0,0,0,0,0,0,0,1093.883893,10,83.24384034,2
100000,10,0.15,5,slow,0,0.07/0.12/0.17,0.05/0.15,0.75,0.01,False,0.01,10,7500,47,0,0,0,5.892335164,0,12.83790803,0,0,0,0,0,0,0,1093.883893,10,83.24384034,2
100000,10,0.15,5,slow,0,0.07/0.12/0.17,0.05/0.15,0.75,0.01,True,0.01,10,7500,47,0,0,0,5.892335164,0,12.83790803,0,0,0,0,0,0,0,1093.883893,10,83.24384034,2
100000,10,0.15,5,slow,0,0.07/0.12/0.17,0.05/0.15,0.75,0.02,False,0.01,10,7500,47,0,0,0,5.892335164,0,12.83790803,0,0,0,0,0,0,0,1093.883893,10,83.24384034,2
100000,10,0.15,5,slow,0,0.07/0.12/0.17,0.05/0.15,0.75,0.02,True,0.01,10,7500,50,1,0,0,344.6711314,0,14.68184173,40.29586713,5,4.201278767,40.2780626,2513.03335,0,0,168.7341535,4,16.0330183,0
100000,10,0.15,5,slow,0,0.07/0.12/0.17,0.05/0.15,0.75,0.05,False,0.01,10,7500,93,0,0,0,156.4705285,0,13.68241194,28.78956199,1,0.2860380683,28.78956199,750,0,0,670.9764401,9,59.55654957,0
100000,10,0.15,5,slow,0,0.07/0.12/0.17,0.05/0.15,0.75,0.05,True,0.01,10,7500,1,0,0,0,75.10989085,0,15.00080237,220.511107,10,4.742339708,220.511107,7299.808317,0,0,0,0,0,0
100000,10,0.15,5,slow,0.25,0.07/0.12/0.17,0.05/0.15,0.5,,False,0.01,10,7500,47,2,0,0,8.08496142,0,12.92232397,0,0,0,0,0,0,0.06187214713,1047.498675,8,79.06393131,4
100000,10,0.15,5,slow,0.25,0.07/0.12/0.17,0.05/0.15,0.5,0.005,False,0.01,10,7500,47,2,0,0,8.08496142,0,12.92232397,0,0,0,0,0,0,0.06187214713,1047.498675,8,79.06393131,4
100000,10,0.15,5,slow,0.25,0.07/0.12/0.17,0.05/0.15,0.5,0.005,True,0.01,10,7500,47,2,0,0,8.08496142,0,12.92232397,0,0,0,0,0,0,0.06187214713,1047.498675,8,79.06393131,4
100000,10,0.15,5,slow,0.25,0.07/0.12/0.17,0.05/0.15,0.5,0.01,False,0.01,10,7500,47,2,0,0,8.08496142,0,12.92232397,0,0,0,0,0,0,0.06187214713,1047.498675,8,79.06393131,4
100000,10,0.15,5,slow,0.25,0.07/0.12/0.17,0.05/0.15,0.5,0.01,True,0.01,10,7500,47,2,0,0,8.08496142,0,12.92232397,0,0,0,0,0,0,0.06187214713,1047.498675,8,79.06393131,4
100000,10,0.15,5,slow,0.25,0.07/0.12/0.17,0.05/0.15,0.5,0.02,False,0.01,10,7500,84,0,0,0,169.7754873,0,13.99980145,14.12326595,1,1.359027327,14.12326595,750,0,0,512.5990785,9,47.98299181,1
100000,10,0.15,5,slow,0.25,0.07/0.12/0.17,0.05/0.15,0.5,0.02,True,0.01,10,7500,81,0,0,0,839.1873383,0,14.70742299,17.61524445,4,5.238252394,17.61524445,3000,0,0,80.19484749,6,7.138070194,0
100000,10,0.15,5,slow,0.25,0.07/0.12/0.17,0.05/0.15,0.5,0.05,False,0.01,10,7500,96,0,0,0,227.1787338,0,13.79061297,24.47959481,1,0.2844581232,24.47959481,750,0,0,616.9841264,9,51.2603931,0
100000,10,0.15,5,slow,0.25,0.07/0.12/0.17,0.05/0.15,0.5,0.05,True,0.01,10,7500,3,0,0,0,357.0076363,0,14.19828766,95.4147752,10,7.966035685,95.4147752,6301.896942,0,0,0,0,0,0
100000,10,0.15,5,slow,0.25,0.07/0.12/0.17,0.05/0.15,0.75,,False,0.01,10,7500,47,2,0,0,8.08496142,0,12.92232397,0,0,0,0,0,0,0.06187214713,1047.498675,8,79.06393131,4
100000,10,0.15,5,slow,0.25,0.07/0.12/0.17,0.05/0.15,0.75,0.005,False,0.01,10,7500,47,2,0,0,8.08496142,0,12.92232397,0,0,0,0,0,0,0.06187214713,1047.498675,8,79.06393131,4
100000,10,0.15,5,slow,0.25,0.07/0.12/0.17,0.05/0.15,0.75,0.005,True,0.01,10,7500,47,2,0,0,8.08496142,0,12.92232397,0,0,0,0,0,0,0.06187214713,1047.498675,8,79.06393131,4
100000,10,0.15,5,slow,0.25,0.07/0.12/0.17,0.05/0.15,0.75,0.01,False,0.01,10,7500,47,2,0,0,8.08496142,0,12.92232397,0,0,0,0,0,0,0.06187214713,1047.498675,8,79.06393131,4
100000,10,0.15,5,slow,0.25,0.07/0.12/0.17,0.05/0.15,0.75,0.01,True,0.01,10,7500,47,2,0,0,8.08496142,0,12.92232397,0,0,0,0,0,0,0.06187214713,1047.498675,8,79.06393131,4
100000,10,0.15,5,slow,0.25,0.07/0.12/0.17,0.05/0.15,0.75,0.02,False,0.01,10,7500,84,0,0,0,169.7754873,0,13.99980145,14.12326595,1,1.359027327,14.12326595,750,0,0,512.5990785,9,47.98299181,1
100000,10,0.15,5,slow,0.25,0.07/0.12/0.17,0.05/0.15,0.75,0.02,True,0.01,10,7500,81,0,0,0,839.1873383,0,14.70742299,17.61524445,4,5.238252394,17.61524445,3000,0,0,80.19484749,6,7.138070194,0
100000,10,0.15,5,slow,0.25,0.07/0.12/0.17,0.05/0.15,0.75,0.05,False,0.01,10,7500,96,0,0,0,227.1787338,0,13.79061297,24.47959481,1,0.2844581232,24.47959481,750,0,0,616.9841264,9,51.2603931,0
100000,10,0.15,5,slow,0.25,0.07/0.12/0.17,0.05/0.15,0.75,0.05,True,0.01,10,7500,3,0,0,0,357.0076363,0,14.19828766,95.4147752,10,7.966035685,95.4147752,6301.896942,0,0,0,0,0,0
100000,10,0.15,5,fast,0,0.07/0.12/0.17,0.05/0.15,0.5,,False,0.01,10,7500,0,0,10,1847.719435,0,40.29999883,0,0,0,0,0,0,0.2463625913,500,0,0,0,0
100000,10,0.15,5,fast,0,0.07/0.12/0.17,0.05/0.15,0.5,0.005,False,0.01,10,7500,0,0,10,1847.719435,0,40.29999883,0,0,0,0,0,0,0.2463625913,500,0,0,0,0
100000,10,0.15,5,fast,0,0.07/0.12/0.17,0.05/0.15,0.5,0.005,True,0.01,10,7500,0,0,10,1847.719435,0,40.29999883,0,0,0,0,0,0,0.2463625913,500,0,0,0,0
100000,10,0.15,5,fast,0,0.07/0.12/0.17,0.05/0.15,0.5,0.01,False,0.01,10,7500,0,0,10,1847.719435,0,40.29999883,0,0,0,0,0,0,0.2463625913,500,0,0,0,0
100000,10,0.15,5,fast,0,0.07/0.12/0.17,0.05/0.15,0.5,0.01,True,0.01,10,7500,0,0,10,1847.719435,0,40.29999883,0,0,0,0,0,0,0.2463625913,500,0,0,0,0
100000,10,0.15,5,fast,0,0.07/0.12/0.17,0.05/0.15,0.5,0.02,False,0.01,10,7500,0,0,10,1847.719435,0,40.29999883,0,0,0,0,0,0,0.2463625913,500,0,0,0,0
100000,10,0.15,5,fast,0,0.07/0.12/0.17,0.05/0.15,0.5,0.02,True,0.01,10,7500,0,0,10,1847.719435,0,40.29999883,0,0,0,0,0,0,0.2463625913,500,0,0,0,0
100000,10,0.15,5,fast,0,0.07/0.12/0.17,0.05/0.15,0.5,0.05,False,0.01,10,7500,0,0,10,1847.719435,0,40.29999883,0,0,0,0,0,0,0.2463625913,500,0,0,0,0
100000,10,0.15,5,fast,0,0.07/0.12/0.17,0.05/0.15,0.5,0.05,True,0.01,10,7500,0,0,10,1847.719435,0,40.29999883,0,0,0,0,0,0,0.2463625913,500,0,0,0,0
100000,10,0.15,5,fast,0,0.07/0.12/0.17,0.05/0.15,0.75,,False,0.01,10,7500,0,0,10,1685.931221,0,25.36591048,0,0,0,0,0,0,0.2247908295,500,0,0,0,0
100000,10,0.15,5,fast,0,0.07/0.12/0.17,0.05/0.15,0.75,0.005,False,0.01,10,7500,0,0,10,1685.931221,0,25.36591048,0,0,0,0,0,0,0.2247908295,500,0,0,0,0
100000,10,0.15,5,fast,0,0.07/0.12/0.17,0.05/0.15,0.75,0.005,True,0.01,10,7500,0,0,10,1685.931221,0,25.36591048,0,0,0,0,0,0,0.2247908295,500,0,0,0,0
100000,10,0.15,5,fast,0,0.07/0.12/0.17,0.05/0.15,0.75,0.01,False,0.01,10,7500,0,0,10,1685.931221,0,25.36591048,0,0,0,0,0,0,0.2247908295,500,0,0,0,0
100000,10,0.15,5,fast,0,0.07/0.12/0.17,0.05/0.15,0.75,0.01,True,0.01,10,7500,0,0,10,1685.931221,0,25.36591048,0,0,0,0,0,0,0.2247908295,500,0,0,0,0
100000,10,0.15,5,fast,0,0.07/0.12/0.17,0.05/0.15,0.75,0.02,False,0.01,10,7500,0,0,10,1685.931221,0,25.36591048,0,0,0,0,0,0,0.2247908295,500,0,0,0,0
100000,10,0.15,5,fast,0,0.07/0.12/0.17,0.05/0.15,0.75,0.02,True,0.01,10,7500,0,0,10,1685.931221,0,25.36591048,0,0,0,0,0,0,0.2247908295,500,0,0,0,0
100000,10,0.15,5,fast,0,0.07/0.12/0.17,0.05/0.15,0.75,0.05,False,0.01,10,7500,0,0,10,1685.931221,0,25.36591048,0,0,0,0,0,0,0.2247908295,500,0,0,0,0
100000,10,0.15,5,fast,0,0.07/0.12/0.17,0.05/0.15,0.75,0.05,True,0.01,10,7500,0,0,10,1685.931221,0,25.36591048,0,0,0,0,0,0,0.2247908295,500,0,0,0,0
100000,10,0.15,5,fast,0.25,0.07/0.12/0.17,0.05/0.15,0.5,,False,0.01,10,7500,0,0,10,2023.971264,0,35.88251144,0,0,0,0,0,0,0.2698628352,500,0,0,0,0
100000,10,0.15,5,fast,0.25,0.07/0.12/0.17,0.05/0.15,0.5,0.005,False,0.01,10,7500,0,0,10,2023.971264,0,35.88251144,0,0,0,0,0,0,0.2698628352,500,0,0,0,0
100000,10,0.15,5,fast,0.25,0.07/0.12/0.17,0.05/0.15,0.5,0.005,True,0.01,10,7500,0,0,10,2023.971264,0,35.88251144,0,0,0,0,0,0,0.2698628352,500,0,0,0,0
100000,10,0.15,5,fast,0.25,0.07/0.12/0.17,0.05/0.15,0.5,0.01,False,0.01,10,7500,0,0,10,2023.971264,0,35.88251144,0,0,0,0,0,0,0.2698628352,500,0,0,0,0
100000,10,0.15,5,fast,0.25,0.07/0.12/0.17,0.05/0.15,0.5,0.01,True,0.01,10,7500,0,0,10,2023.971264,0,35.88251144,0,0,0,0,0,0,0.2698628352,500,0,0,0,0
100000,10,0.15,5,fast,0.25,0.07/0.12/0.17,0.05/0.15,0.5,0.02,False,0.01,10,7500,0,0,10,2023.971264,0,35.88251144,0,0,0,0,0,0,0.2698628352,500,0,0,0,0
100000,10,0.15,5,fast,0.25,0.07/0.12/0.17,0.05/0.15,0.5,0.02,True,0.01,10,7500,0,0,10,2023.971264,0,35.88251144,0,0,0,0,0,0,0.2698628352,500,0,0,0,0
100000,10,0.15,5,fast,0.25,0.07/0.12/0.17,0.05/0.15,0.5,0.05,False,0.01,10,7500,0,0,10,2023.971264,0,35.88251144,0,0,0,0,0,0,0.2698628352,500,0,0,0,0
100000,10,0.15,5,fast,0.25,0.07/0.12/0.17,0.05/0.15,0.5,0.05,True,0.01,10,7500,0,0,10,2023.971264,0,35.88251144,0,0,0,0,0,0,0.2698628352,500,0,0,0,0
100000,10,0.15,5,fast,0.25,0.07/0.12/0.17,0.05/0.15,0.75,,False,0.01,10,7500,0,0,10,1920.113104,0,27.20211933,0,0,0,0,0,0,0.2560150806,500,0,0,0,0
100000,10,0.15,5,fast,0.25,0.07/0.12/0.17,0.05/0.15,0.75,0.005,False,0.01,10,7500,0,0,10,1920.113104,0,27.20211933,0,0,0,0,0,0,0.2560150806,500,0,0,0,0
100000,10,0.15,5,fast,0.25,0.07/0.12/0.17,0.05/0.15,0.75,0.005,True,0.01,10,7500,0,0,10,1920.113104,0,27.20211933,0,0,0,0,0,0,0.2560150806,500,0,0,0,0
100000,10,0.15,5,fast,0.25,0.07/0.12/0.17,0.05/0.15,0.75,0.01,False,0.01,10,7500,0,0,10,1920.113104,0,27.20211933,0,0,0,0,0,0,0.2560150806,500,0,0,0,0
100000,10,0.15,5,fast,0.25,0.07/0.12/0.17,0.05/0.15,0.75,0.01,True,0.01,10,7500,0,0,10,1920.113104,0,27.20211933,0,0,0,0,0,0,0.2560150806,500,0,0,0,0
100000,10,0.15,5,fast,0.25,0.07/0.12/0.17,0.05/0.15,0.75,0.02,False,0.01,10,7500,0,0,10,1920.113104,0,27.20211933,0,0,0,0,0,0,0.2560150806,500,0,0,0,0
100000,10,0.15,5,fast,0.25,0.07/0.12/0.17,0.05/0.15,0.75,0.02,True,0.01,10,7500,0,0,10,1920.113104,0,27.20211933,0,0,0,0,0,0,0.2560150806,500,0,0,0,0
100000,10,0.15,5,fast,0.25,0.07/0.12/0.17,0.05/0.15,0.75,0.05,False,0.01,10,7500,0,0,10,1920.113104,0,27.20211933,0,0,0,0,0,0,0.2560150806,500,0,0,0,0
100000,10,0.15,5,fast,0.25,0.07/0.12/0.17,0.05/0.15,0.75,0.05,True,0.01,10,7500,0,0,10,1920.113104,0,27.20211933,0,0,0,0,0,0,0.2560150806,500,0,0,0,0
100000,10,0.15,5,gap_flat,0,0.07/0.12/0.17,0.05/0.15,0.5,,False,0.01,10,7500,10,1,8,1374.124389,46.11840091,29.13051554,1.489858162,0,0,0,0,0,0.1832165852,500,6.56077692,1,0.512943482,0
100000,10,0.15,5,gap_flat,0,0.07/0.12/0.17,0.05/0.15,0.5,0.005,False,0.01,10,7500,10,1,8,1374.124389,46.11840091,29.13051554,1.489858162,0,0,0,0,0,0.1832165852,500,6.56077692,1,0.512943482,0
100000,10,0.15,5,gap_flat,0,0.07/0.12/0.17,0.05/0.15,0.5,0.005,True,0.01,10,7500,10,1,8,1374.124389,46.11840091,29.13051554,1.489858162,0,0,0,0,0,0.1832165852,500,6.56077692,1,0.512943482,0
100000,10,0.15,5,gap_flat,0,0.07/0.12/0.17,0.05/0.15,0.5,0.01,False,0.01,10,7500,10,1,8,1374.124389,46.11840091,29.13051554,1.489858162,0,0,0,0,0,0.1832165852,500,6.56077692,1,0.512943482,0
100000,10,0.15,5,gap_flat,0,0.07/0.12/0.17,0.05/0.15,0.5,0.01,True,0.01,10,7500,10,1,8,1374.124389,46.11840091,29.13051554,1.489858162,0,0,0,0,0,0.1832165852,500,6.56077692,1,0.512943482,0
100000,10,0.15,5,gap_flat,0,0.07/0.12/0.17,0.05/0.15,0.5,0.02,False,0.01,10,7500,10,1,8,1374.124389,46.11840091,29.13051554,1.489858162,0,0,0,0,0,0.1832165852,500,6.56077692,1,0.512943482,0
100000,10,0.15,5,gap_flat,0,0.07/0.12/0.17,0.05/0.15,0.5,0.02,True,0.01,10,7500,10,1,8,1374.124389,46.11840091,29.13051554,1.489858162,0,0,0,0,0,0.1832165852,500,6.56077692,1,0.512943482,0
100000,10,0.15,5,gap_flat,0,0.07/0.12/0.17,0.05/0.15,0.5,0.05,False,0.01,10,7500,10,1,8,1374.124389,46.11840091,29.13051554,1.489858162,0,0,0,0,0,0.1832165852,500,6.56077692,1,0.512943482,0
100000,10,0.15,5,gap_flat,0,0.07/0.12/0.17,0.05/0.15,0.5,0.05,True,0.01,10,7500,10,1,8,1374.124389,46.11840091,29.13051554,1.489858162,0,0,0,0,0,0.1832165852,500,6.56077692,1,0.512943482,0
100000,10,0.15,5,gap_flat,0,0.07/0.12/0.17,0.05/0.15,0.75,,False,0.01,10,7500,11,0,9,1552.529469,41.14177413,22.38050461,1.498713315,0,0,0,0,0,0.2070039292,500,2.142055782,1,0.1684004352,0
100000,10,0.15,5,gap_flat,0,0.07/0.12/0.17,0.05/0.15,0.75,0.005,False,0.01,10,7500,11,0,9,1552.529469,41.14177413,22.38050461,1.498713315,0,0,0,0,0,0.2070039292,500,2.142055782,1,0.1684004352,0
100000,10,0.15,5,gap_flat,0,0.07/0.12/0.17,0.05/0.15,0.75,0.005,True,0.01,10,7500,11,0,9,1552.529469,41.14177413,22.38050461,1.498713315,0,0,0,0,0,0.2070039292,500,2.142055782,1,0.1684004352,0
100000,10,0.15,5,gap_flat,0,0.07/0.12/0.17,0.05/0.15,0.75,0.01,False,0.01,10,7500,11,0,9,1552.529469,41.14177413,22.38050461,1.498713315,0,0,0,0,0,0.2070039292,500,2.142055782,1,0.1684004352,0
100000,10,0.15,5,gap_flat,0,0.07/0.12/0.17,0.05/0.15,0.75,0.01,True,0.01,10,7500,11,0,9,1552.529469,41.14177413,22.38050461,1.498713315,0,0,0,0,0,0.2070039292,500,2.142055782,1,0.1684004352,0
100000,10,0.15,5,gap_flat,0,0.07/0.12/0.17,0.05/0.15,0.75,0.02,False,0.01,10,7500,11,0,9,1552.529469,41.14177413,22.38050461,1.498713315,0,0,0,0,0,0.2070039292,500,2.142055782,1,0.1684004352,0
100000,10,0.15,5,gap_flat,0,0.07/0.12/0.17,0.05/0.15,0.75,0.02,True,0.01,10,7500,11,0,9,1552.529469,41.14177413,22.38050461,1.498713315,0,0,0,0,0,0.2070039292,500,2.142055782,1,0.1684004352,0
100000,10,0.15,5,gap_flat,0,0.07/0.12/0.17,0.05/0.15,0.75,0.05,False,0.01,10,7500,11,0,9,1552.529469,41.14177413,22.38050461,1.498713315,0,0,0,0,0,0.2070039292,500,2.142055782,1,0.1684004352,0
100000,10,0.15,5,gap_flat,0,0.07/0.12/0.17,0.05/0.15,0.75,0.05,True,0.01,10,7500,11,0,9,1552.529469,41.14177413,22.38050461,1.498713315,0,0,0,0,0,0.2070039292,500,2.142055782,1,0.1684004352,0
100000,10,0.15,5,gap_flat,0.25,0.07/0.12/0.17,0.05/0.15,0.5,,False,0.01,10,7500,13,1,8,1558.822286,51.47040431,30.98454307,1.501325443,0,0,0,0,0,0.2078429715,500,0.8386038177,1,0.07317263605,0
100000,10,0.15,5,gap_flat,0.25,0.07/0.12/0.17,0.05/0.15,0.5,0.005,False,0.01,10,7500,13,1,8,1558.822286,51.47040431,30.98454307,1.501325443,0,0,0,0,0,0.2078429715,500,0.8386038177,1,0.07317263605,0
100000,10,0.15,5,gap_flat,0.25,0.07/0.12/0.17,0.05/0.15,0.5,0.005,True,0.01,10,7500,13,1,8,1558.822286,51.47040431,30.98454307,1.501325443,0,0,0,0,0,0.2078429715,500,0.8386038177,1,0.07317263605,0
100000,10,0.15,5,gap_flat,0.25,0.07/0.12/0.17,0.05/0.15,0.5,0.01,False,0.01,10,7500,13,1,8,1558.822286,51.47040431,30.98454307,1.501325443,0,0,0,0,0,0.2078429715,500,0.8386038177,1,0.07317263605,0
100000,10,0.15,5,gap_flat,0.25,0.07/0.12/0.17,0.05/0.15,0.5,0.01,True,0.01,10,7500,13,1,8,1558.822286,51.47040431,30.98454307,1.501325443,0,0,0,0,0,0.2078429715,500,0.8386038177,1,0.07317263605,0
100000,10,0.15,5,gap_flat,0.25,0.07/0.12/0.17,0.05/0.15,0.5,0.02,False,0.01,10,7500,13,1,8,1558.822286,51.47040431,30.98454307,1.501325443,0,0,0,0,0,0.2078429715,500,0.8386038177,1,0.07317263605,0
100000,10,0.15,5,gap_flat,0.25,0.07/0.12/0.17,0.05/0.15,0.5,0.02,True,0.01,10,7500,13,1,8,1558.822286,51.47040431,30.98454307,1.501325443,0,0,0,0,0,0.2078429715,500,0.8386038177,1,0.07317263605,0
100000,10,0.15,5,gap_flat,0.25,0.07/0.12/0.17,0.05/0.15,0.5,0.05,False,0.01,10,7500,13,1,8,1558.822286,51.47040431,30.98454307,1.501325443,0,0,0,0,0,0.2078429715,500,0.8386038177,1,0.07317263605,0
100000,10,0.15,5,gap_flat,0.25,0.07/0.12/0.17,0.05/0.15,0.5,0.05,True,0.01,10,7500,13,1,8,1558.822286,51.47040431,30.98454307,1.501325443,0,0,0,0,0,0.2078429715,500,0.8386038177,1,0.07317263605,0
100000,10,0.15,5,gap_flat,0.25,0.07/0.12/0.17,0.05/0.15,0.75,,False,0.01,10,7500,15,0,9,1784.918197,42.70104929,22.01715787,1.501800857,0,0,0,0,0,0.2379890929,500,0.6013721854,1,0.0473013,0
100000,10,0.15,5,gap_flat,0.25,0.07/0.12/0.17,0.05/0.15,0.75,0.005,False,0.01,10,7500,15,0,9,1784.918197,42.70104929,22.01715787,1.501800857,0,0,0,0,0,0.2379890929,500,0.6013721854,1,0.0473013,0
100000,10,0.15,5,gap_flat,0.25,0.07/0.12/0.17,0.05/0.15,0.75,0.005,True,0.01,10,7500,15,0,9,1784.918197,42.70104929,22.01715787,1.501800857,0,0,0,0,0,0.2379890929,500,0.6013721854,1,0.0473013,0
100000,10,0.15,5,gap_flat,0.25,0.07/0.12/0.17,0.05/0.15,0.75,0.01,False,0.01,10,7500,15,0,9,1784.918197,42.70104929,22.01715787,1.501800857,0,0,0,0,0,0.2379890929,500,0.6013721854,1,0.0473013,0
100000,10,0.15,5,gap_flat,0.25,0.07/0.12/0.17,0.05/0.15,0.75,0.01,True,0.01,10,7500,15,0,9,1784.918197,42.70104929,22.01715787,1.501800857,0,0,0,0,0,0.2379890929,500,0.6013721854,1,0.0473013,0
100000,10,0.15,5,gap_flat,0.25,0.07/0.12/0.17,0.05/0.15,0.75,0.02,False,0.01,10,7500,15,0,9,1784.918197,42.70104929,22.01715787,1.501800857,0,0,0,0,0,0.2379890929,500,0.6013721854,1,0.0473013,0
100000,10,0.15,5,gap_flat,0.25,0.07/0.12/0.17,0.05/0.15,0.75,0.02,True,0.01,10,7500,15,0,9,1784.918197,42.70104929,22.01715787,1.501800857,0,0,0,0,0,0.2379890929,500,0.6013721854,1,0.0473013,0
100000,10,0.15,5,gap_flat,0.25,0.07/0.12/0.17,0.05/0.15,0.75,0.05,False,0.01,10,7500,15,0,9,1784.918197,42.70104929,22.01715787,1.501800857,0,0,0,0,0,0.2379890929,500,0.6013721854,1,0.0473013,0
100000,10,0.15,5,gap_flat,0.25,0.07/0.12/0.17,0.05/0.15,0.75,0.05,True,0.01,10,7500,15,0,9,1784.918197,42.70104929,22.01715787,1.501800857,0,0,0,0,0,0.2379890929,500,0.6013721854,1,0.0473013,0
